date,period,sitc_code,sitc_name,country_code,country,country_name,value_aud,value_aud_m,is_imputed_gap,obs_status,obs_comment
2015-01-31,2015-01,28,Metalliferous ores and metal scrap,CHIN,China,China (excludes SARs and Taiwan),3672721000.0,3672.721,False,,
2015-02-28,2015-02,28,Metalliferous ores and metal scrap,CHIN,China,China (excludes SARs and Taiwan),3648607000.0,3648.607,False,,
2015-03-31,2015-03,28,Metalliferous ores and metal scrap,CHIN,China,China (excludes SARs and Taiwan),3519693000.0,3519.693,False,,
2015-04-30,2015-04,28,Metalliferous ores and metal scrap,CHIN,China,China (excludes SARs and Taiwan),3075040000.0,3075.04,False,,
2015-05-31,2015-05,28,Metalliferous ores and metal scrap,CHIN,China,China (excludes SARs and Taiwan),3786277000.0,3786.277,False,,
2015-06-30,2015-06,28,Metalliferous ores and metal scrap,CHIN,China,China (excludes SARs and Taiwan),3990778000.0,3990.778,False,,
2015-07-31,2015-07,28,Metalliferous ores and metal scrap,CHIN,China,China (excludes SARs and Taiwan),3632981000.0,3632.981,False,,
2015-08-31,2015-08,28,Metalliferous ores and metal scrap,CHIN,China,China (excludes SARs and Taiwan),3902097000.0,3902.097,False,,
2015-09-30,2015-09,28,Metalliferous ores and metal scrap,CHIN,China,China (excludes SARs and Taiwan),4316419000.0,4316.419,False,,
2015-10-31,2015-10,28,Metalliferous ores and metal scrap,CHIN,China,China (excludes SARs and Taiwan),3809807000.0,3809.807,False,,
2015-11-30,2015-11,28,Metalliferous ores and metal scrap,CHIN,China,China (excludes SARs and Taiwan),3469526000.0,3469.526,False,,
2015-12-31,2015-12,28,Metalliferous ores and metal scrap,CHIN,China,China (excludes SARs and Taiwan),3228253000.0,3228.253,False,,
2016-01-31,2016-01,28,Metalliferous ores and metal scrap,CHIN,China,China (excludes SARs and Taiwan),2621654000.0,2621.654,False,,
2016-02-29,2016-02,28,Metalliferous ores and metal scrap,CHIN,China,China (excludes SARs and Taiwan),3129256000.0,3129.256,False,,
2016-03-31,2016-03,28,Metalliferous ores and metal scrap,CHIN,China,China (excludes SARs and Taiwan),3737322000.0,3737.322,False,,
2016-04-30,2016-04,28,Metalliferous ores and metal scrap,CHIN,China,China (excludes SARs and Taiwan),3848707000.0,3848.707,False,,
2016-05-31,2016-05,28,Metalliferous ores and metal scrap,CHIN,China,China (excludes SARs and Taiwan),3998554000.0,3998.554,False,,
2016-06-30,2016-06,28,Metalliferous ores and metal scrap,CHIN,China,China (excludes SARs and Taiwan),3829382000.0,3829.382,False,,
2016-07-31,2016-07,28,Metalliferous ores and metal scrap,CHIN,China,China (excludes SARs and Taiwan),3733961000.0,3733.961,False,,
2016-08-31,2016-08,28,Metalliferous ores and metal scrap,CHIN,China,China (excludes SARs and Taiwan),4142473000.0,4142.473,False,,
2016-09-30,2016-09,28,Metalliferous ores and metal scrap,CHIN,China,China (excludes SARs and Taiwan),4029835000.0,4029.835,False,,
2016-10-31,2016-10,28,Metalliferous ores and metal scrap,CHIN,China,China (excludes SARs and Taiwan),4173557000.0,4173.557,False,,
2016-11-30,2016-11,28,Metalliferous ores and metal scrap,CHIN,China,China (excludes SARs and Taiwan),4759861000.0,4759.861,False,,
2016-12-31,2016-12,28,Metalliferous ores and metal scrap,CHIN,China,China (excludes SARs and Taiwan),6155650000.0,6155.65,False,,
2017-01-31,2017-01,28,Metalliferous ores and metal scrap,CHIN,China,China (excludes SARs and Taiwan),5191748000.0,5191.748,False,,
2017-02-28,2017-02,28,Metalliferous ores and metal scrap,CHIN,China,China (excludes SARs and Taiwan),4997091000.0,4997.091,False,,
2017-03-31,2017-03,28,Metalliferous ores and metal scrap,CHIN,China,China (excludes SARs and Taiwan),5670359000.0,5670.359,False,,
2017-04-30,2017-04,28,Metalliferous ores and metal scrap,CHIN,China,China (excludes SARs and Taiwan),4718254000.0,4718.254,False,,
2017-05-31,2017-05,28,Metalliferous ores and metal scrap,CHIN,China,China (excludes SARs and Taiwan),4314114000.0,4314.114,False,,
2017-06-30,2017-06,28,Metalliferous ores and metal scrap,CHIN,China,China (excludes SARs and Taiwan),3681642000.0,3681.642,False,,
2017-07-31,2017-07,28,Metalliferous ores and metal scrap,CHIN,China,China (excludes SARs and Taiwan),4193012000.0,4193.012,False,,
2017-08-31,2017-08,28,Metalliferous ores and metal scrap,CHIN,China,China (excludes SARs and Taiwan),4919381000.0,4919.381,False,,
2017-09-30,2017-09,28,Metalliferous ores and metal scrap,CHIN,China,China (excludes SARs and Taiwan),5021672000.0,5021.672,False,,
2017-10-31,2017-10,28,Metalliferous ores and metal scrap,CHIN,China,China (excludes SARs and Taiwan),4304894000.0,4304.894,False,,
2017-11-30,2017-11,28,Metalliferous ores and metal scrap,CHIN,China,China (excludes SARs and Taiwan),4313475000.0,4313.475,False,,
2017-12-31,2017-12,28,Metalliferous ores and metal scrap,CHIN,China,China (excludes SARs and Taiwan),5143211000.0,5143.211,False,,
2018-01-31,2018-01,28,Metalliferous ores and metal scrap,CHIN,China,China (excludes SARs and Taiwan),4493428000.0,4493.428,False,,
2018-02-28,2018-02,28,Metalliferous ores and metal scrap,CHIN,China,China (excludes SARs and Taiwan),4583291000.0,4583.291,False,,
2018-03-31,2018-03,28,Metalliferous ores and metal scrap,CHIN,China,China (excludes SARs and Taiwan),4761292000.0,4761.292,False,,
2018-04-30,2018-04,28,Metalliferous ores and metal scrap,CHIN,China,China (excludes SARs and Taiwan),4823204000.0,4823.204,False,,
2018-05-31,2018-05,28,Metalliferous ores and metal scrap,CHIN,China,China (excludes SARs and Taiwan),4786739000.0,4786.739,False,,
2018-06-30,2018-06,28,Metalliferous ores and metal scrap,CHIN,China,China (excludes SARs and Taiwan),4773792000.0,4773.792,False,,
2018-07-31,2018-07,28,Metalliferous ores and metal scrap,CHIN,China,China (excludes SARs and Taiwan),4363640000.0,4363.64,False,,
2018-08-31,2018-08,28,Metalliferous ores and metal scrap,CHIN,China,China (excludes SARs and Taiwan),4691395000.0,4691.395,False,,
2018-09-30,2018-09,28,Metalliferous ores and metal scrap,CHIN,China,China (excludes SARs and Taiwan),4887634000.0,4887.634,False,,
2018-10-31,2018-10,28,Metalliferous ores and metal scrap,CHIN,China,China (excludes SARs and Taiwan),5187025000.0,5187.025,False,,
2018-11-30,2018-11,28,Metalliferous ores and metal scrap,CHIN,China,China (excludes SARs and Taiwan),4892084000.0,4892.084,False,,
2018-12-31,2018-12,28,Metalliferous ores and metal scrap,CHIN,China,China (excludes SARs and Taiwan),5556767000.0,5556.767,False,,
2019-01-31,2019-01,28,Metalliferous ores and metal scrap,CHIN,China,China (excludes SARs and Taiwan),5101231000.0,5101.231,False,,
2019-02-28,2019-02,28,Metalliferous ores and metal scrap,CHIN,China,China (excludes SARs and Taiwan),5997903000.0,5997.903,False,,
2019-03-31,2019-03,28,Metalliferous ores and metal scrap,CHIN,China,China (excludes SARs and Taiwan),5606050000.0,5606.05,False,,
2019-04-30,2019-04,28,Metalliferous ores and metal scrap,CHIN,China,China (excludes SARs and Taiwan),6755937000.0,6755.937,False,,
2019-05-31,2019-05,28,Metalliferous ores and metal scrap,CHIN,China,China (excludes SARs and Taiwan),8048347000.0,8048.347,False,,
2019-06-30,2019-06,28,Metalliferous ores and metal scrap,CHIN,China,China (excludes SARs and Taiwan),8524203000.0,8524.203,False,,
2019-07-31,2019-07,28,Metalliferous ores and metal scrap,CHIN,China,China (excludes SARs and Taiwan),8560604000.0,8560.604,False,,
2019-08-31,2019-08,28,Metalliferous ores and metal scrap,CHIN,China,China (excludes SARs and Taiwan),8295626000.0,8295.626,False,,
2019-09-30,2019-09,28,Metalliferous ores and metal scrap,CHIN,China,China (excludes SARs and Taiwan),7425705000.0,7425.705,False,,
2019-10-31,2019-10,28,Metalliferous ores and metal scrap,CHIN,China,China (excludes SARs and Taiwan),6623856000.0,6623.856,False,,
2019-11-30,2019-11,28,Metalliferous ores and metal scrap,CHIN,China,China (excludes SARs and Taiwan),7055714000.0,7055.714,False,,
2019-12-31,2019-12,28,Metalliferous ores and metal scrap,CHIN,China,China (excludes SARs and Taiwan),7825540000.0,7825.54,False,,
2020-01-31,2020-01,28,Metalliferous ores and metal scrap,CHIN,China,China (excludes SARs and Taiwan),6529891000.0,6529.891,False,,
2020-02-29,2020-02,28,Metalliferous ores and metal scrap,CHIN,China,China (excludes SARs and Taiwan),5821091000.0,5821.091,False,,
2020-03-31,2020-03,28,Metalliferous ores and metal scrap,CHIN,China,China (excludes SARs and Taiwan),8171694000.0,8171.694,False,,
2020-04-30,2020-04,28,Metalliferous ores and metal scrap,CHIN,China,China (excludes SARs and Taiwan),7964717000.0,7964.717,False,,
2020-05-31,2020-05,28,Metalliferous ores and metal scrap,CHIN,China,China (excludes SARs and Taiwan),8597765000.0,8597.765,False,,
2020-06-30,2020-06,28,Metalliferous ores and metal scrap,CHIN,China,China (excludes SARs and Taiwan),9013923000.0,9013.923,False,,
2020-07-31,2020-07,28,Metalliferous ores and metal scrap,CHIN,China,China (excludes SARs and Taiwan),7817734000.0,7817.734,False,,
2020-08-31,2020-08,28,Metalliferous ores and metal scrap,CHIN,China,China (excludes SARs and Taiwan),8750558000.0,8750.558,False,,
2020-09-30,2020-09,28,Metalliferous ores and metal scrap,CHIN,China,China (excludes SARs and Taiwan),8706956000.0,8706.956,False,,
2020-10-31,2020-10,28,Metalliferous ores and metal scrap,CHIN,China,China (excludes SARs and Taiwan),9234627000.0,9234.627,False,,
2020-11-30,2020-11,28,Metalliferous ores and metal scrap,CHIN,China,China (excludes SARs and Taiwan),8068057000.0,8068.057,False,,
2020-12-31,2020-12,28,Metalliferous ores and metal scrap,CHIN,China,China (excludes SARs and Taiwan),12011734000.0,12011.734,False,,
2021-01-31,2021-01,28,Metalliferous ores and metal scrap,CHIN,China,China (excludes SARs and Taiwan),11085766000.0,11085.766,False,,
2021-02-28,2021-02,28,Metalliferous ores and metal scrap,CHIN,China,China (excludes SARs and Taiwan),10320843000.0,10320.843,False,,
2021-03-31,2021-03,28,Metalliferous ores and metal scrap,CHIN,China,China (excludes SARs and Taiwan),11910969000.0,11910.969,False,,
2021-04-30,2021-04,28,Metalliferous ores and metal scrap,CHIN,China,China (excludes SARs and Taiwan),11816702000.0,11816.702,False,,
2021-05-31,2021-05,28,Metalliferous ores and metal scrap,CHIN,China,China (excludes SARs and Taiwan),14391178000.0,14391.178,False,,
2021-06-30,2021-06,28,Metalliferous ores and metal scrap,CHIN,China,China (excludes SARs and Taiwan),15333571000.0,15333.571,False,,
2021-07-31,2021-07,28,Metalliferous ores and metal scrap,CHIN,China,China (excludes SARs and Taiwan),14525895000.0,14525.895,False,,
2021-08-31,2021-08,28,Metalliferous ores and metal scrap,CHIN,China,China (excludes SARs and Taiwan),11538202000.0,11538.202,False,,
2021-09-30,2021-09,28,Metalliferous ores and metal scrap,CHIN,China,China (excludes SARs and Taiwan),8646402000.0,8646.402,False,,
2021-10-31,2021-10,28,Metalliferous ores and metal scrap,CHIN,China,China (excludes SARs and Taiwan),6975716000.0,6975.716,False,,
2021-11-30,2021-11,28,Metalliferous ores and metal scrap,CHIN,China,China (excludes SARs and Taiwan),6145717000.0,6145.717,False,,
2021-12-31,2021-12,28,Metalliferous ores and metal scrap,CHIN,China,China (excludes SARs and Taiwan),8064257000.0,8064.257,False,,
2022-01-31,2022-01,28,Metalliferous ores and metal scrap,CHIN,China,China (excludes SARs and Taiwan),8716691000.0,8716.691,False,,
2022-02-28,2022-02,28,Metalliferous ores and metal scrap,CHIN,China,China (excludes SARs and Taiwan),8273242000.0,8273.242,False,,
2022-03-31,2022-03,28,Metalliferous ores and metal scrap,CHIN,China,China (excludes SARs and Taiwan),9897865000.0,9897.865,False,,
2022-04-30,2022-04,28,Metalliferous ores and metal scrap,CHIN,China,China (excludes SARs and Taiwan),9606597000.0,9606.597,False,,
2022-05-31,2022-05,28,Metalliferous ores and metal scrap,CHIN,China,China (excludes SARs and Taiwan),9939103000.0,9939.103,False,,
2022-06-30,2022-06,28,Metalliferous ores and metal scrap,CHIN,China,China (excludes SARs and Taiwan),10265566000.0,10265.566,False,,
2022-07-31,2022-07,28,Metalliferous ores and metal scrap,CHIN,China,China (excludes SARs and Taiwan),8436238000.0,8436.238,False,,
2022-08-31,2022-08,28,Metalliferous ores and metal scrap,CHIN,China,China (excludes SARs and Taiwan),8056655000.0,8056.655,False,,
2022-09-30,2022-09,28,Metalliferous ores and metal scrap,CHIN,China,China (excludes SARs and Taiwan),8270515000.0,8270.515,False,,
2022-10-31,2022-10,28,Metalliferous ores and metal scrap,CHIN,China,China (excludes SARs and Taiwan),8602761000.0,8602.761,False,,
2022-11-30,2022-11,28,Metalliferous ores and metal scrap,CHIN,China,China (excludes SARs and Taiwan),8303882000.0,8303.882,False,,
2022-12-31,2022-12,28,Metalliferous ores and metal scrap,CHIN,China,China (excludes SARs and Taiwan),9857833000.0,9857.833,False,,
2023-01-31,2023-01,28,Metalliferous ores and metal scrap,CHIN,China,China (excludes SARs and Taiwan),9862094000.0,9862.094,False,,
2023-02-28,2023-02,28,Metalliferous ores and metal scrap,CHIN,China,China (excludes SARs and Taiwan),8877110000.0,8877.11,False,,
2023-03-31,2023-03,28,Metalliferous ores and metal scrap,CHIN,China,China (excludes SARs and Taiwan),10716715000.0,10716.715,False,,
2023-04-30,2023-04,28,Metalliferous ores and metal scrap,CHIN,China,China (excludes SARs and Taiwan),9104986000.0,9104.986,False,,
2023-05-31,2023-05,28,Metalliferous ores and metal scrap,CHIN,China,China (excludes SARs and Taiwan),9340824000.0,9340.824,False,,
2023-06-30,2023-06,28,Metalliferous ores and metal scrap,CHIN,China,China (excludes SARs and Taiwan),9927701000.0,9927.701,False,,
2023-07-31,2023-07,28,Metalliferous ores and metal scrap,CHIN,China,China (excludes SARs and Taiwan),9063226000.0,9063.226,False,,
2023-08-31,2023-08,28,Metalliferous ores and metal scrap,CHIN,China,China (excludes SARs and Taiwan),9581645000.0,9581.645,False,,
2023-09-30,2023-09,28,Metalliferous ores and metal scrap,CHIN,China,China (excludes SARs and Taiwan),10121136000.0,10121.136,False,,
2023-10-31,2023-10,28,Metalliferous ores and metal scrap,CHIN,China,China (excludes SARs and Taiwan),10767083000.0,10767.083,False,,
2023-11-30,2023-11,28,Metalliferous ores and metal scrap,CHIN,China,China (excludes SARs and Taiwan),11107106000.0,11107.106,False,,
2023-12-31,2023-12,28,Metalliferous ores and metal scrap,CHIN,China,China (excludes SARs and Taiwan),12211269000.0,12211.269,False,,
2024-01-31,2024-01,28,Metalliferous ores and metal scrap,CHIN,China,China (excludes SARs and Taiwan),10546033000.0,10546.033,False,,
2024-02-29,2024-02,28,Metalliferous ores and metal scrap,CHIN,China,China (excludes SARs and Taiwan),9273691000.0,9273.691,False,,
2024-03-31,2024-03,28,Metalliferous ores and metal scrap,CHIN,China,China (excludes SARs and Taiwan),10385487000.0,10385.487,False,,
2024-04-30,2024-04,28,Metalliferous ores and metal scrap,CHIN,China,China (excludes SARs and Taiwan),8962198000.0,8962.198,False,,
2024-05-31,2024-05,28,Metalliferous ores and metal scrap,CHIN,China,China (excludes SARs and Taiwan),9843919000.0,9843.919,False,,
2024-06-30,2024-06,28,Metalliferous ores and metal scrap,CHIN,China,China (excludes SARs and Taiwan),9992651000.0,9992.651,False,,
2024-07-31,2024-07,28,Metalliferous ores and metal scrap,CHIN,China,China (excludes SARs and Taiwan),8364457000.0,8364.457,False,,
2024-08-31,2024-08,28,Metalliferous ores and metal scrap,CHIN,China,China (excludes SARs and Taiwan),8415163000.0,8415.163,False,,
2024-09-30,2024-09,28,Metalliferous ores and metal scrap,CHIN,China,China (excludes SARs and Taiwan),8263433000.0,8263.433,False,,
2024-10-31,2024-10,28,Metalliferous ores and metal scrap,CHIN,China,China (excludes SARs and Taiwan),8221238000.0,8221.238,False,,
2024-11-30,2024-11,28,Metalliferous ores and metal scrap,CHIN,China,China (excludes SARs and Taiwan),8791154000.0,8791.154,False,,
2024-12-31,2024-12,28,Metalliferous ores and metal scrap,CHIN,China,China (excludes SARs and Taiwan),10348885000.0,10348.885,False,,
2025-01-31,2025-01,28,Metalliferous ores and metal scrap,CHIN,China,China (excludes SARs and Taiwan),8793518000.0,8793.518,False,,
2025-02-28,2025-02,28,Metalliferous ores and metal scrap,CHIN,China,China (excludes SARs and Taiwan),7548089000.0,7548.089,False,,
2025-03-31,2025-03,28,Metalliferous ores and metal scrap,CHIN,China,China (excludes SARs and Taiwan),10547505000.0,10547.505,False,,
2025-04-30,2025-04,28,Metalliferous ores and metal scrap,CHIN,China,China (excludes SARs and Taiwan),9194944000.0,9194.944,False,,
2025-05-31,2025-05,28,Metalliferous ores and metal scrap,CHIN,China,China (excludes SARs and Taiwan),9795963000.0,9795.963,False,,
2025-06-30,2025-06,28,Metalliferous ores and metal scrap,CHIN,China,China (excludes SARs and Taiwan),10367682000.0,10367.682,False,,
2025-07-31,2025-07,28,Metalliferous ores and metal scrap,CHIN,China,China (excludes SARs and Taiwan),8667437000.0,8667.437,False,,
2025-08-31,2025-08,28,Metalliferous ores and metal scrap,CHIN,China,China (excludes SARs and Taiwan),9332095000.0,9332.095,False,,
2025-09-30,2025-09,28,Metalliferous ores and metal scrap,CHIN,China,China (excludes SARs and Taiwan),10274740000.0,10274.74,False,,
2025-10-31,2025-10,28,Metalliferous ores and metal scrap,CHIN,China,China (excludes SARs and Taiwan),10563863000.0,10563.863,False,,
2025-11-30,2025-11,28,Metalliferous ores and metal scrap,CHIN,China,China (excludes SARs and Taiwan),9711034000.0,9711.034,False,,
2025-12-31,2025-12,28,Metalliferous ores and metal scrap,CHIN,China,China (excludes SARs and Taiwan),11088835000.0,11088.835,False,,
2026-01-31,2026-01,28,Metalliferous ores and metal scrap,CHIN,China,China (excludes SARs and Taiwan),9777349000.0,9777.349,False,,
2026-02-28,2026-02,28,Metalliferous ores and metal scrap,CHIN,China,China (excludes SARs and Taiwan),7282796000.0,7282.796,False,,
2026-03-31,2026-03,28,Metalliferous ores and metal scrap,CHIN,China,China (excludes SARs and Taiwan),8502111000.0,8502.111,False,,
2026-04-30,2026-04,28,Metalliferous ores and metal scrap,CHIN,China,China (excludes SARs and Taiwan),8972037000.0,8972.037,False,,
2026-05-31,2026-05,28,Metalliferous ores and metal scrap,CHIN,China,China (excludes SARs and Taiwan),9710751000.0,9710.751,False,,
2026-06-30,2026-06,28,Metalliferous ores and metal scrap,CHIN,China,China (excludes SARs and Taiwan),9580409000.0,9580.409,False,,
2015-01-31,2015-01,28,Metalliferous ores and metal scrap,INIA,India,India,125479000.0,125.479,False,,
2015-02-28,2015-02,28,Metalliferous ores and metal scrap,INIA,India,India,71552000.0,71.552,False,,
2015-03-31,2015-03,28,Metalliferous ores and metal scrap,INIA,India,India,93418000.0,93.418,False,,
2015-04-30,2015-04,28,Metalliferous ores and metal scrap,INIA,India,India,115383000.0,115.383,False,,
2015-05-31,2015-05,28,Metalliferous ores and metal scrap,INIA,India,India,103372000.0,103.372,False,,
2015-06-30,2015-06,28,Metalliferous ores and metal scrap,INIA,India,India,117716000.0,117.716,False,,
2015-07-31,2015-07,28,Metalliferous ores and metal scrap,INIA,India,India,65396000.0,65.396,False,,
2015-08-31,2015-08,28,Metalliferous ores and metal scrap,INIA,India,India,78641000.0,78.641,False,,
2015-09-30,2015-09,28,Metalliferous ores and metal scrap,INIA,India,India,61312000.0,61.312,False,,
2015-10-31,2015-10,28,Metalliferous ores and metal scrap,INIA,India,India,102600000.0,102.6,False,,
2015-11-30,2015-11,28,Metalliferous ores and metal scrap,INIA,India,India,100073000.0,100.073,False,,
2015-12-31,2015-12,28,Metalliferous ores and metal scrap,INIA,India,India,92304000.0,92.304,False,,
2016-01-31,2016-01,28,Metalliferous ores and metal scrap,INIA,India,India,83215000.0,83.215,False,,
2016-02-29,2016-02,28,Metalliferous ores and metal scrap,INIA,India,India,78857000.0,78.857,False,,
2016-03-31,2016-03,28,Metalliferous ores and metal scrap,INIA,India,India,57317000.0,57.317,False,,
2016-04-30,2016-04,28,Metalliferous ores and metal scrap,INIA,India,India,66916000.0,66.916,False,,
2016-05-31,2016-05,28,Metalliferous ores and metal scrap,INIA,India,India,60203000.0,60.203,False,,
2016-06-30,2016-06,28,Metalliferous ores and metal scrap,INIA,India,India,58434000.0,58.434,False,,
2016-07-31,2016-07,28,Metalliferous ores and metal scrap,INIA,India,India,41327000.0,41.327,False,,
2016-08-31,2016-08,28,Metalliferous ores and metal scrap,INIA,India,India,77596000.0,77.596,False,,
2016-09-30,2016-09,28,Metalliferous ores and metal scrap,INIA,India,India,98587000.0,98.587,False,,
2016-10-31,2016-10,28,Metalliferous ores and metal scrap,INIA,India,India,120051000.0,120.051,False,,
2016-11-30,2016-11,28,Metalliferous ores and metal scrap,INIA,India,India,68958000.0,68.958,False,,
2016-12-31,2016-12,28,Metalliferous ores and metal scrap,INIA,India,India,133075000.0,133.075,False,,
2017-01-31,2017-01,28,Metalliferous ores and metal scrap,INIA,India,India,12714000.0,12.714,False,,
2017-02-28,2017-02,28,Metalliferous ores and metal scrap,INIA,India,India,94569000.0,94.569,False,,
2017-03-31,2017-03,28,Metalliferous ores and metal scrap,INIA,India,India,19950000.0,19.95,False,,
2017-04-30,2017-04,28,Metalliferous ores and metal scrap,INIA,India,India,154163000.0,154.163,False,,
2017-05-31,2017-05,28,Metalliferous ores and metal scrap,INIA,India,India,76088000.0,76.088,False,,
2017-06-30,2017-06,28,Metalliferous ores and metal scrap,INIA,India,India,67594000.0,67.594,False,,
2017-07-31,2017-07,28,Metalliferous ores and metal scrap,INIA,India,India,53851000.0,53.851,False,,
2017-08-31,2017-08,28,Metalliferous ores and metal scrap,INIA,India,India,117153000.0,117.153,False,,
2017-09-30,2017-09,28,Metalliferous ores and metal scrap,INIA,India,India,125551000.0,125.551,False,,
2017-10-31,2017-10,28,Metalliferous ores and metal scrap,INIA,India,India,64088000.0,64.088,False,,
2017-11-30,2017-11,28,Metalliferous ores and metal scrap,INIA,India,India,129679000.0,129.679,False,,
2017-12-31,2017-12,28,Metalliferous ores and metal scrap,INIA,India,India,145458000.0,145.458,False,,
2018-01-31,2018-01,28,Metalliferous ores and metal scrap,INIA,India,India,70024000.0,70.024,False,,
2018-02-28,2018-02,28,Metalliferous ores and metal scrap,INIA,India,India,125524000.0,125.524,False,,
2018-03-31,2018-03,28,Metalliferous ores and metal scrap,INIA,India,India,191574000.0,191.574,False,,
2018-04-30,2018-04,28,Metalliferous ores and metal scrap,INIA,India,India,67269000.0,67.269,False,,
2018-05-31,2018-05,28,Metalliferous ores and metal scrap,INIA,India,India,265978000.0,265.978,False,,
2018-06-30,2018-06,28,Metalliferous ores and metal scrap,INIA,India,India,160471000.0,160.471,False,,
2018-07-31,2018-07,28,Metalliferous ores and metal scrap,INIA,India,India,116127000.0,116.127,False,,
2018-08-31,2018-08,28,Metalliferous ores and metal scrap,INIA,India,India,75992000.0,75.992,False,,
2018-09-30,2018-09,28,Metalliferous ores and metal scrap,INIA,India,India,97747000.0,97.747,False,,
2018-10-31,2018-10,28,Metalliferous ores and metal scrap,INIA,India,India,97345000.0,97.345,False,,
2018-11-30,2018-11,28,Metalliferous ores and metal scrap,INIA,India,India,101103000.0,101.103,False,,
2018-12-31,2018-12,28,Metalliferous ores and metal scrap,INIA,India,India,163578000.0,163.578,False,,
2019-01-31,2019-01,28,Metalliferous ores and metal scrap,INIA,India,India,60495000.0,60.495,False,,
2019-02-28,2019-02,28,Metalliferous ores and metal scrap,INIA,India,India,36486000.0,36.486,False,,
2019-03-31,2019-03,28,Metalliferous ores and metal scrap,INIA,India,India,101142000.0,101.142,False,,
2019-04-30,2019-04,28,Metalliferous ores and metal scrap,INIA,India,India,117832000.0,117.832,False,,
2019-05-31,2019-05,28,Metalliferous ores and metal scrap,INIA,India,India,31477000.0,31.477,False,,
2019-06-30,2019-06,28,Metalliferous ores and metal scrap,INIA,India,India,88752000.0,88.752,False,,
2019-07-31,2019-07,28,Metalliferous ores and metal scrap,INIA,India,India,108198000.0,108.198,False,,
2019-08-31,2019-08,28,Metalliferous ores and metal scrap,INIA,India,India,67866000.0,67.866,False,,
2019-09-30,2019-09,28,Metalliferous ores and metal scrap,INIA,India,India,27113000.0,27.113,False,,
2019-10-31,2019-10,28,Metalliferous ores and metal scrap,INIA,India,India,124713000.0,124.713,False,,
2019-11-30,2019-11,28,Metalliferous ores and metal scrap,INIA,India,India,27617000.0,27.617,False,,
2019-12-31,2019-12,28,Metalliferous ores and metal scrap,INIA,India,India,142317000.0,142.317,False,,
2020-01-31,2020-01,28,Metalliferous ores and metal scrap,INIA,India,India,21233000.0,21.233,False,,
2020-02-29,2020-02,28,Metalliferous ores and metal scrap,INIA,India,India,40018000.0,40.018,False,,
2020-03-31,2020-03,28,Metalliferous ores and metal scrap,INIA,India,India,109921000.0,109.921,False,,
2020-04-30,2020-04,28,Metalliferous ores and metal scrap,INIA,India,India,12617000.0,12.617,False,,
2020-05-31,2020-05,28,Metalliferous ores and metal scrap,INIA,India,India,8036000.0,8.036,False,,
2020-06-30,2020-06,28,Metalliferous ores and metal scrap,INIA,India,India,121245000.0,121.245,False,,
2020-07-31,2020-07,28,Metalliferous ores and metal scrap,INIA,India,India,27560000.0,27.56,False,,
2020-08-31,2020-08,28,Metalliferous ores and metal scrap,INIA,India,India,108203000.0,108.203,False,,
2020-09-30,2020-09,28,Metalliferous ores and metal scrap,INIA,India,India,29741000.0,29.741,False,,
2020-10-31,2020-10,28,Metalliferous ores and metal scrap,INIA,India,India,36790000.0,36.79,False,,
2020-11-30,2020-11,28,Metalliferous ores and metal scrap,INIA,India,India,145272000.0,145.272,False,,
2020-12-31,2020-12,28,Metalliferous ores and metal scrap,INIA,India,India,136637000.0,136.637,False,,
2021-01-31,2021-01,28,Metalliferous ores and metal scrap,INIA,India,India,24741000.0,24.741,False,,
2021-02-28,2021-02,28,Metalliferous ores and metal scrap,INIA,India,India,27758000.0,27.758,False,,
2021-03-31,2021-03,28,Metalliferous ores and metal scrap,INIA,India,India,76213000.0,76.213,False,,
2021-04-30,2021-04,28,Metalliferous ores and metal scrap,INIA,India,India,197618000.0,197.618,False,,
2021-05-31,2021-05,28,Metalliferous ores and metal scrap,INIA,India,India,36517000.0,36.517,False,,
2021-06-30,2021-06,28,Metalliferous ores and metal scrap,INIA,India,India,162910000.0,162.91,False,,
2021-07-31,2021-07,28,Metalliferous ores and metal scrap,INIA,India,India,34858000.0,34.858,False,,
2021-08-31,2021-08,28,Metalliferous ores and metal scrap,INIA,India,India,193577000.0,193.577,False,,
2021-09-30,2021-09,28,Metalliferous ores and metal scrap,INIA,India,India,111984000.0,111.984,False,,
2021-10-31,2021-10,28,Metalliferous ores and metal scrap,INIA,India,India,198814000.0,198.814,False,,
2021-11-30,2021-11,28,Metalliferous ores and metal scrap,INIA,India,India,112023000.0,112.023,False,,
2021-12-31,2021-12,28,Metalliferous ores and metal scrap,INIA,India,India,246389000.0,246.389,False,,
2022-01-31,2022-01,28,Metalliferous ores and metal scrap,INIA,India,India,92209000.0,92.209,False,,
2022-02-28,2022-02,28,Metalliferous ores and metal scrap,INIA,India,India,18275000.0,18.275,False,,
2022-03-31,2022-03,28,Metalliferous ores and metal scrap,INIA,India,India,132402000.0,132.402,False,,
2022-04-30,2022-04,28,Metalliferous ores and metal scrap,INIA,India,India,177565000.0,177.565,False,,
2022-05-31,2022-05,28,Metalliferous ores and metal scrap,INIA,India,India,58206000.0,58.206,False,,
2022-06-30,2022-06,28,Metalliferous ores and metal scrap,INIA,India,India,231894000.0,231.894,False,,
2022-07-31,2022-07,28,Metalliferous ores and metal scrap,INIA,India,India,72370000.0,72.37,False,,
2022-08-31,2022-08,28,Metalliferous ores and metal scrap,INIA,India,India,76158000.0,76.158,False,,
2022-09-30,2022-09,28,Metalliferous ores and metal scrap,INIA,India,India,129610000.0,129.61,False,,
2022-10-31,2022-10,28,Metalliferous ores and metal scrap,INIA,India,India,132376000.0,132.376,False,,
2022-11-30,2022-11,28,Metalliferous ores and metal scrap,INIA,India,India,116187000.0,116.187,False,,
2022-12-31,2022-12,28,Metalliferous ores and metal scrap,INIA,India,India,145804000.0,145.804,False,,
2023-01-31,2023-01,28,Metalliferous ores and metal scrap,INIA,India,India,78926000.0,78.926,False,,
2023-02-28,2023-02,28,Metalliferous ores and metal scrap,INIA,India,India,61439000.0,61.439,False,,
2023-03-31,2023-03,28,Metalliferous ores and metal scrap,INIA,India,India,83526000.0,83.526,False,,
2023-04-30,2023-04,28,Metalliferous ores and metal scrap,INIA,India,India,123943000.0,123.943,False,,
2023-05-31,2023-05,28,Metalliferous ores and metal scrap,INIA,India,India,79252000.0,79.252,False,,
2023-06-30,2023-06,28,Metalliferous ores and metal scrap,INIA,India,India,199606000.0,199.606,False,,
2023-07-31,2023-07,28,Metalliferous ores and metal scrap,INIA,India,India,245757000.0,245.757,False,,
2023-08-31,2023-08,28,Metalliferous ores and metal scrap,INIA,India,India,108719000.0,108.719,False,,
2023-09-30,2023-09,28,Metalliferous ores and metal scrap,INIA,India,India,240126000.0,240.126,False,,
2023-10-31,2023-10,28,Metalliferous ores and metal scrap,INIA,India,India,203889000.0,203.889,False,,
2023-11-30,2023-11,28,Metalliferous ores and metal scrap,INIA,India,India,255354000.0,255.354,False,,
2023-12-31,2023-12,28,Metalliferous ores and metal scrap,INIA,India,India,169161000.0,169.161,False,,
2024-01-31,2024-01,28,Metalliferous ores and metal scrap,INIA,India,India,83710000.0,83.71,False,,
2024-02-29,2024-02,28,Metalliferous ores and metal scrap,INIA,India,India,138138000.0,138.138,False,,
2024-03-31,2024-03,28,Metalliferous ores and metal scrap,INIA,India,India,102394000.0,102.394,False,,
2024-04-30,2024-04,28,Metalliferous ores and metal scrap,INIA,India,India,163403000.0,163.403,False,,
2024-05-31,2024-05,28,Metalliferous ores and metal scrap,INIA,India,India,233633000.0,233.633,False,,
2024-06-30,2024-06,28,Metalliferous ores and metal scrap,INIA,India,India,272947000.0,272.947,False,,
2024-07-31,2024-07,28,Metalliferous ores and metal scrap,INIA,India,India,206972000.0,206.972,False,,
2024-08-31,2024-08,28,Metalliferous ores and metal scrap,INIA,India,India,177518000.0,177.518,False,,
2024-09-30,2024-09,28,Metalliferous ores and metal scrap,INIA,India,India,185808000.0,185.808,False,,
2024-10-31,2024-10,28,Metalliferous ores and metal scrap,INIA,India,India,257750000.0,257.75,False,,
2024-11-30,2024-11,28,Metalliferous ores and metal scrap,INIA,India,India,259519000.0,259.519,False,,
2024-12-31,2024-12,28,Metalliferous ores and metal scrap,INIA,India,India,355624000.0,355.624,False,,
2025-01-31,2025-01,28,Metalliferous ores and metal scrap,INIA,India,India,174291000.0,174.291,False,,
2025-02-28,2025-02,28,Metalliferous ores and metal scrap,INIA,India,India,159412000.0,159.412,False,,
2025-03-31,2025-03,28,Metalliferous ores and metal scrap,INIA,India,India,372901000.0,372.901,False,,
2025-04-30,2025-04,28,Metalliferous ores and metal scrap,INIA,India,India,203686000.0,203.686,False,,
2025-05-31,2025-05,28,Metalliferous ores and metal scrap,INIA,India,India,210894000.0,210.894,False,,
2025-06-30,2025-06,28,Metalliferous ores and metal scrap,INIA,India,India,198788000.0,198.788,False,,
2025-07-31,2025-07,28,Metalliferous ores and metal scrap,INIA,India,India,263978000.0,263.978,False,,
2025-08-31,2025-08,28,Metalliferous ores and metal scrap,INIA,India,India,64073000.0,64.073,False,,
2025-09-30,2025-09,28,Metalliferous ores and metal scrap,INIA,India,India,426452000.0,426.452,False,,
2025-10-31,2025-10,28,Metalliferous ores and metal scrap,INIA,India,India,333986000.0,333.986,False,,
2025-11-30,2025-11,28,Metalliferous ores and metal scrap,INIA,India,India,166229000.0,166.229,False,,
2025-12-31,2025-12,28,Metalliferous ores and metal scrap,INIA,India,India,146238000.0,146.238,False,,
2026-01-31,2026-01,28,Metalliferous ores and metal scrap,INIA,India,India,203194000.0,203.194,False,,
2026-02-28,2026-02,28,Metalliferous ores and metal scrap,INIA,India,India,310625000.0,310.625,False,,
2026-03-31,2026-03,28,Metalliferous ores and metal scrap,INIA,India,India,193605000.0,193.605,False,,
2026-04-30,2026-04,28,Metalliferous ores and metal scrap,INIA,India,India,235099000.0,235.099,False,,
2026-05-31,2026-05,28,Metalliferous ores and metal scrap,INIA,India,India,169663000.0,169.663,False,,
2026-06-30,2026-06,28,Metalliferous ores and metal scrap,INIA,India,India,403113000.0,403.113,False,,
2015-01-31,2015-01,28,Metalliferous ores and metal scrap,JAP,Japan,Japan,742178000.0,742.178,False,,
2015-02-28,2015-02,28,Metalliferous ores and metal scrap,JAP,Japan,Japan,541080000.0,541.08,False,,
2015-03-31,2015-03,28,Metalliferous ores and metal scrap,JAP,Japan,Japan,736929000.0,736.929,False,,
2015-04-30,2015-04,28,Metalliferous ores and metal scrap,JAP,Japan,Japan,735436000.0,735.436,False,,
2015-05-31,2015-05,28,Metalliferous ores and metal scrap,JAP,Japan,Japan,567887000.0,567.887,False,,
2015-06-30,2015-06,28,Metalliferous ores and metal scrap,JAP,Japan,Japan,678926000.0,678.926,False,,
2015-07-31,2015-07,28,Metalliferous ores and metal scrap,JAP,Japan,Japan,569350000.0,569.35,False,,
2015-08-31,2015-08,28,Metalliferous ores and metal scrap,JAP,Japan,Japan,573214000.0,573.214,False,,
2015-09-30,2015-09,28,Metalliferous ores and metal scrap,JAP,Japan,Japan,572655000.0,572.655,False,,
2015-10-31,2015-10,28,Metalliferous ores and metal scrap,JAP,Japan,Japan,570169000.0,570.169,False,,
2015-11-30,2015-11,28,Metalliferous ores and metal scrap,JAP,Japan,Japan,505249000.0,505.249,False,,
2015-12-31,2015-12,28,Metalliferous ores and metal scrap,JAP,Japan,Japan,641319000.0,641.319,False,,
2016-01-31,2016-01,28,Metalliferous ores and metal scrap,JAP,Japan,Japan,523722000.0,523.722,False,,
2016-02-29,2016-02,28,Metalliferous ores and metal scrap,JAP,Japan,Japan,477158000.0,477.158,False,,
2016-03-31,2016-03,28,Metalliferous ores and metal scrap,JAP,Japan,Japan,576878000.0,576.878,False,,
2016-04-30,2016-04,28,Metalliferous ores and metal scrap,JAP,Japan,Japan,519340000.0,519.34,False,,
2016-05-31,2016-05,28,Metalliferous ores and metal scrap,JAP,Japan,Japan,600825000.0,600.825,False,,
2016-06-30,2016-06,28,Metalliferous ores and metal scrap,JAP,Japan,Japan,471397000.0,471.397,False,,
2016-07-31,2016-07,28,Metalliferous ores and metal scrap,JAP,Japan,Japan,483125000.0,483.125,False,,
2016-08-31,2016-08,28,Metalliferous ores and metal scrap,JAP,Japan,Japan,657784000.0,657.784,False,,
2016-09-30,2016-09,28,Metalliferous ores and metal scrap,JAP,Japan,Japan,523763000.0,523.763,False,,
2016-10-31,2016-10,28,Metalliferous ores and metal scrap,JAP,Japan,Japan,510449000.0,510.449,False,,
2016-11-30,2016-11,28,Metalliferous ores and metal scrap,JAP,Japan,Japan,683511000.0,683.511,False,,
2016-12-31,2016-12,28,Metalliferous ores and metal scrap,JAP,Japan,Japan,649002000.0,649.002,False,,
2017-01-31,2017-01,28,Metalliferous ores and metal scrap,JAP,Japan,Japan,477144000.0,477.144,False,,
2017-02-28,2017-02,28,Metalliferous ores and metal scrap,JAP,Japan,Japan,679527000.0,679.527,False,,
2017-03-31,2017-03,28,Metalliferous ores and metal scrap,JAP,Japan,Japan,613427000.0,613.427,False,,
2017-04-30,2017-04,28,Metalliferous ores and metal scrap,JAP,Japan,Japan,688539000.0,688.539,False,,
2017-05-31,2017-05,28,Metalliferous ores and metal scrap,JAP,Japan,Japan,652635000.0,652.635,False,,
2017-06-30,2017-06,28,Metalliferous ores and metal scrap,JAP,Japan,Japan,623214000.0,623.214,False,,
2017-07-31,2017-07,28,Metalliferous ores and metal scrap,JAP,Japan,Japan,617024000.0,617.024,False,,
2017-08-31,2017-08,28,Metalliferous ores and metal scrap,JAP,Japan,Japan,550500000.0,550.5,False,,
2017-09-30,2017-09,28,Metalliferous ores and metal scrap,JAP,Japan,Japan,626966000.0,626.966,False,,
2017-10-31,2017-10,28,Metalliferous ores and metal scrap,JAP,Japan,Japan,581384000.0,581.384,False,,
2017-11-30,2017-11,28,Metalliferous ores and metal scrap,JAP,Japan,Japan,495460000.0,495.46,False,,
2017-12-31,2017-12,28,Metalliferous ores and metal scrap,JAP,Japan,Japan,753125000.0,753.125,False,,
2018-01-31,2018-01,28,Metalliferous ores and metal scrap,JAP,Japan,Japan,574709000.0,574.709,False,,
2018-02-28,2018-02,28,Metalliferous ores and metal scrap,JAP,Japan,Japan,619713000.0,619.713,False,,
2018-03-31,2018-03,28,Metalliferous ores and metal scrap,JAP,Japan,Japan,639879000.0,639.879,False,,
2018-04-30,2018-04,28,Metalliferous ores and metal scrap,JAP,Japan,Japan,516448000.0,516.448,False,,
2018-05-31,2018-05,28,Metalliferous ores and metal scrap,JAP,Japan,Japan,779432000.0,779.432,False,,
2018-06-30,2018-06,28,Metalliferous ores and metal scrap,JAP,Japan,Japan,725027000.0,725.027,False,,
2018-07-31,2018-07,28,Metalliferous ores and metal scrap,JAP,Japan,Japan,538293000.0,538.293,False,,
2018-08-31,2018-08,28,Metalliferous ores and metal scrap,JAP,Japan,Japan,640261000.0,640.261,False,,
2018-09-30,2018-09,28,Metalliferous ores and metal scrap,JAP,Japan,Japan,639447000.0,639.447,False,,
2018-10-31,2018-10,28,Metalliferous ores and metal scrap,JAP,Japan,Japan,564020000.0,564.02,False,,
2018-11-30,2018-11,28,Metalliferous ores and metal scrap,JAP,Japan,Japan,386340000.0,386.34,False,,
2018-12-31,2018-12,28,Metalliferous ores and metal scrap,JAP,Japan,Japan,770343000.0,770.343,False,,
2019-01-31,2019-01,28,Metalliferous ores and metal scrap,JAP,Japan,Japan,549980000.0,549.98,False,,
2019-02-28,2019-02,28,Metalliferous ores and metal scrap,JAP,Japan,Japan,603105000.0,603.105,False,,
2019-03-31,2019-03,28,Metalliferous ores and metal scrap,JAP,Japan,Japan,743127000.0,743.127,False,,
2019-04-30,2019-04,28,Metalliferous ores and metal scrap,JAP,Japan,Japan,612244000.0,612.244,False,,
2019-05-31,2019-05,28,Metalliferous ores and metal scrap,JAP,Japan,Japan,989170000.0,989.17,False,,
2019-06-30,2019-06,28,Metalliferous ores and metal scrap,JAP,Japan,Japan,1018497000.0,1018.497,False,,
2019-07-31,2019-07,28,Metalliferous ores and metal scrap,JAP,Japan,Japan,937237000.0,937.237,False,,
2019-08-31,2019-08,28,Metalliferous ores and metal scrap,JAP,Japan,Japan,718037000.0,718.037,False,,
2019-09-30,2019-09,28,Metalliferous ores and metal scrap,JAP,Japan,Japan,1031185000.0,1031.185,False,,
2019-10-31,2019-10,28,Metalliferous ores and metal scrap,JAP,Japan,Japan,777818000.0,777.818,False,,
2019-11-30,2019-11,28,Metalliferous ores and metal scrap,JAP,Japan,Japan,790194000.0,790.194,False,,
2019-12-31,2019-12,28,Metalliferous ores and metal scrap,JAP,Japan,Japan,1144555000.0,1144.555,False,,
2020-01-31,2020-01,28,Metalliferous ores and metal scrap,JAP,Japan,Japan,665201000.0,665.201,False,,
2020-02-29,2020-02,28,Metalliferous ores and metal scrap,JAP,Japan,Japan,715230000.0,715.23,False,,
2020-03-31,2020-03,28,Metalliferous ores and metal scrap,JAP,Japan,Japan,963480000.0,963.48,False,,
2020-04-30,2020-04,28,Metalliferous ores and metal scrap,JAP,Japan,Japan,690862000.0,690.862,False,,
2020-05-31,2020-05,28,Metalliferous ores and metal scrap,JAP,Japan,Japan,813445000.0,813.445,False,,
2020-06-30,2020-06,28,Metalliferous ores and metal scrap,JAP,Japan,Japan,430835000.0,430.835,False,,
2020-07-31,2020-07,28,Metalliferous ores and metal scrap,JAP,Japan,Japan,379218000.0,379.218,False,,
2020-08-31,2020-08,28,Metalliferous ores and metal scrap,JAP,Japan,Japan,518587000.0,518.587,False,,
2020-09-30,2020-09,28,Metalliferous ores and metal scrap,JAP,Japan,Japan,524699000.0,524.699,False,,
2020-10-31,2020-10,28,Metalliferous ores and metal scrap,JAP,Japan,Japan,749487000.0,749.487,False,,
2020-11-30,2020-11,28,Metalliferous ores and metal scrap,JAP,Japan,Japan,680484000.0,680.484,False,,
2020-12-31,2020-12,28,Metalliferous ores and metal scrap,JAP,Japan,Japan,1021581000.0,1021.581,False,,
2021-01-31,2021-01,28,Metalliferous ores and metal scrap,JAP,Japan,Japan,513081000.0,513.081,False,,
2021-02-28,2021-02,28,Metalliferous ores and metal scrap,JAP,Japan,Japan,727934000.0,727.934,False,,
2021-03-31,2021-03,28,Metalliferous ores and metal scrap,JAP,Japan,Japan,1013205000.0,1013.205,False,,
2021-04-30,2021-04,28,Metalliferous ores and metal scrap,JAP,Japan,Japan,1028169000.0,1028.169,False,,
2021-05-31,2021-05,28,Metalliferous ores and metal scrap,JAP,Japan,Japan,1211135000.0,1211.135,False,,
2021-06-30,2021-06,28,Metalliferous ores and metal scrap,JAP,Japan,Japan,1213630000.0,1213.63,False,,
2021-07-31,2021-07,28,Metalliferous ores and metal scrap,JAP,Japan,Japan,1333394000.0,1333.394,False,,
2021-08-31,2021-08,28,Metalliferous ores and metal scrap,JAP,Japan,Japan,1256355000.0,1256.355,False,,
2021-09-30,2021-09,28,Metalliferous ores and metal scrap,JAP,Japan,Japan,1015079000.0,1015.079,False,,
2021-10-31,2021-10,28,Metalliferous ores and metal scrap,JAP,Japan,Japan,738400000.0,738.4,False,,
2021-11-30,2021-11,28,Metalliferous ores and metal scrap,JAP,Japan,Japan,862754000.0,862.754,False,,
2021-12-31,2021-12,28,Metalliferous ores and metal scrap,JAP,Japan,Japan,1119795000.0,1119.795,False,,
2022-01-31,2022-01,28,Metalliferous ores and metal scrap,JAP,Japan,Japan,819059000.0,819.059,False,,
2022-02-28,2022-02,28,Metalliferous ores and metal scrap,JAP,Japan,Japan,635018000.0,635.018,False,,
2022-03-31,2022-03,28,Metalliferous ores and metal scrap,JAP,Japan,Japan,895961000.0,895.961,False,,
2022-04-30,2022-04,28,Metalliferous ores and metal scrap,JAP,Japan,Japan,740126000.0,740.126,False,,
2022-05-31,2022-05,28,Metalliferous ores and metal scrap,JAP,Japan,Japan,913206000.0,913.206,False,,
2022-06-30,2022-06,28,Metalliferous ores and metal scrap,JAP,Japan,Japan,868207000.0,868.207,False,,
2022-07-31,2022-07,28,Metalliferous ores and metal scrap,JAP,Japan,Japan,812391000.0,812.391,False,,
2022-08-31,2022-08,28,Metalliferous ores and metal scrap,JAP,Japan,Japan,876821000.0,876.821,False,,
2022-09-30,2022-09,28,Metalliferous ores and metal scrap,JAP,Japan,Japan,803718000.0,803.718,False,,
2022-10-31,2022-10,28,Metalliferous ores and metal scrap,JAP,Japan,Japan,566968000.0,566.968,False,,
2022-11-30,2022-11,28,Metalliferous ores and metal scrap,JAP,Japan,Japan,667450000.0,667.45,False,,
2022-12-31,2022-12,28,Metalliferous ores and metal scrap,JAP,Japan,Japan,851542000.0,851.542,False,,
2023-01-31,2023-01,28,Metalliferous ores and metal scrap,JAP,Japan,Japan,600389000.0,600.389,False,,
2023-02-28,2023-02,28,Metalliferous ores and metal scrap,JAP,Japan,Japan,530685000.0,530.685,False,,
2023-03-31,2023-03,28,Metalliferous ores and metal scrap,JAP,Japan,Japan,756040000.0,756.04,False,,
2023-04-30,2023-04,28,Metalliferous ores and metal scrap,JAP,Japan,Japan,733660000.0,733.66,False,,
2023-05-31,2023-05,28,Metalliferous ores and metal scrap,JAP,Japan,Japan,791285000.0,791.285,False,,
2023-06-30,2023-06,28,Metalliferous ores and metal scrap,JAP,Japan,Japan,798891000.0,798.891,False,,
2023-07-31,2023-07,28,Metalliferous ores and metal scrap,JAP,Japan,Japan,759131000.0,759.131,False,,
2023-08-31,2023-08,28,Metalliferous ores and metal scrap,JAP,Japan,Japan,708150000.0,708.15,False,,
2023-09-30,2023-09,28,Metalliferous ores and metal scrap,JAP,Japan,Japan,631823000.0,631.823,False,,
2023-10-31,2023-10,28,Metalliferous ores and metal scrap,JAP,Japan,Japan,832895000.0,832.895,False,,
2023-11-30,2023-11,28,Metalliferous ores and metal scrap,JAP,Japan,Japan,724863000.0,724.863,False,,
2023-12-31,2023-12,28,Metalliferous ores and metal scrap,JAP,Japan,Japan,746652000.0,746.652,False,,
2024-01-31,2024-01,28,Metalliferous ores and metal scrap,JAP,Japan,Japan,869420000.0,869.42,False,,
2024-02-29,2024-02,28,Metalliferous ores and metal scrap,JAP,Japan,Japan,622384000.0,622.384,False,,
2024-03-31,2024-03,28,Metalliferous ores and metal scrap,JAP,Japan,Japan,659123000.0,659.123,False,,
2024-04-30,2024-04,28,Metalliferous ores and metal scrap,JAP,Japan,Japan,700996000.0,700.996,False,,
2024-05-31,2024-05,28,Metalliferous ores and metal scrap,JAP,Japan,Japan,675912000.0,675.912,False,,
2024-06-30,2024-06,28,Metalliferous ores and metal scrap,JAP,Japan,Japan,927722000.0,927.722,False,,
2024-07-31,2024-07,28,Metalliferous ores and metal scrap,JAP,Japan,Japan,640887000.0,640.887,False,,
2024-08-31,2024-08,28,Metalliferous ores and metal scrap,JAP,Japan,Japan,578414000.0,578.414,False,,
2024-09-30,2024-09,28,Metalliferous ores and metal scrap,JAP,Japan,Japan,637916000.0,637.916,False,,
2024-10-31,2024-10,28,Metalliferous ores and metal scrap,JAP,Japan,Japan,937106000.0,937.106,False,,
2024-11-30,2024-11,28,Metalliferous ores and metal scrap,JAP,Japan,Japan,674938000.0,674.938,False,,
2024-12-31,2024-12,28,Metalliferous ores and metal scrap,JAP,Japan,Japan,938047000.0,938.047,False,,
2025-01-31,2025-01,28,Metalliferous ores and metal scrap,JAP,Japan,Japan,639351000.0,639.351,False,,
2025-02-28,2025-02,28,Metalliferous ores and metal scrap,JAP,Japan,Japan,915755000.0,915.755,False,,
2025-03-31,2025-03,28,Metalliferous ores and metal scrap,JAP,Japan,Japan,772514000.0,772.514,False,,
2025-04-30,2025-04,28,Metalliferous ores and metal scrap,JAP,Japan,Japan,802572000.0,802.572,False,,
2025-05-31,2025-05,28,Metalliferous ores and metal scrap,JAP,Japan,Japan,739485000.0,739.485,False,,
2025-06-30,2025-06,28,Metalliferous ores and metal scrap,JAP,Japan,Japan,908860000.0,908.86,False,,
2025-07-31,2025-07,28,Metalliferous ores and metal scrap,JAP,Japan,Japan,893140000.0,893.14,False,,
2025-08-31,2025-08,28,Metalliferous ores and metal scrap,JAP,Japan,Japan,812000000.0,812.0,False,,
2025-09-30,2025-09,28,Metalliferous ores and metal scrap,JAP,Japan,Japan,641371000.0,641.371,False,,
2025-10-31,2025-10,28,Metalliferous ores and metal scrap,JAP,Japan,Japan,966325000.0,966.325,False,,
2025-11-30,2025-11,28,Metalliferous ores and metal scrap,JAP,Japan,Japan,820737000.0,820.737,False,,
2025-12-31,2025-12,28,Metalliferous ores and metal scrap,JAP,Japan,Japan,781575000.0,781.575,False,,
2026-01-31,2026-01,28,Metalliferous ores and metal scrap,JAP,Japan,Japan,655969000.0,655.969,False,,
2026-02-28,2026-02,28,Metalliferous ores and metal scrap,JAP,Japan,Japan,555720000.0,555.72,False,,
2026-03-31,2026-03,28,Metalliferous ores and metal scrap,JAP,Japan,Japan,603004000.0,603.004,False,,
2026-04-30,2026-04,28,Metalliferous ores and metal scrap,JAP,Japan,Japan,1224453000.0,1224.453,False,,
2026-05-31,2026-05,28,Metalliferous ores and metal scrap,JAP,Japan,Japan,611769000.0,611.769,False,,
2026-06-30,2026-06,28,Metalliferous ores and metal scrap,JAP,Japan,Japan,873482000.0,873.482,False,,
2015-01-31,2015-01,28,Metalliferous ores and metal scrap,MLAY,Malaysia,Malaysia,11789000.0,11.789,False,,
2015-02-28,2015-02,28,Metalliferous ores and metal scrap,MLAY,Malaysia,Malaysia,26464000.0,26.464,False,,
2015-03-31,2015-03,28,Metalliferous ores and metal scrap,MLAY,Malaysia,Malaysia,31946000.0,31.946,False,,
2015-04-30,2015-04,28,Metalliferous ores and metal scrap,MLAY,Malaysia,Malaysia,8313000.0,8.313,False,,
2015-05-31,2015-05,28,Metalliferous ores and metal scrap,MLAY,Malaysia,Malaysia,13950000.0,13.95,False,,
2015-06-30,2015-06,28,Metalliferous ores and metal scrap,MLAY,Malaysia,Malaysia,10500000.0,10.5,False,,
2015-07-31,2015-07,28,Metalliferous ores and metal scrap,MLAY,Malaysia,Malaysia,22559000.0,22.559,False,,
2015-08-31,2015-08,28,Metalliferous ores and metal scrap,MLAY,Malaysia,Malaysia,11580000.0,11.58,False,,
2015-09-30,2015-09,28,Metalliferous ores and metal scrap,MLAY,Malaysia,Malaysia,19190000.0,19.19,False,,
2015-10-31,2015-10,28,Metalliferous ores and metal scrap,MLAY,Malaysia,Malaysia,13007000.0,13.007,False,,
2015-11-30,2015-11,28,Metalliferous ores and metal scrap,MLAY,Malaysia,Malaysia,15063000.0,15.063,False,,
2015-12-31,2015-12,28,Metalliferous ores and metal scrap,MLAY,Malaysia,Malaysia,9282000.0,9.282,False,,
2016-01-31,2016-01,28,Metalliferous ores and metal scrap,MLAY,Malaysia,Malaysia,14902000.0,14.902,False,,
2016-02-29,2016-02,28,Metalliferous ores and metal scrap,MLAY,Malaysia,Malaysia,11152000.0,11.152,False,,
2016-03-31,2016-03,28,Metalliferous ores and metal scrap,MLAY,Malaysia,Malaysia,12328000.0,12.328,False,,
2016-04-30,2016-04,28,Metalliferous ores and metal scrap,MLAY,Malaysia,Malaysia,14519000.0,14.519,False,,
2016-05-31,2016-05,28,Metalliferous ores and metal scrap,MLAY,Malaysia,Malaysia,6104000.0,6.104,False,,
2016-06-30,2016-06,28,Metalliferous ores and metal scrap,MLAY,Malaysia,Malaysia,11421000.0,11.421,False,,
2016-07-31,2016-07,28,Metalliferous ores and metal scrap,MLAY,Malaysia,Malaysia,9640000.0,9.64,False,,
2016-08-31,2016-08,28,Metalliferous ores and metal scrap,MLAY,Malaysia,Malaysia,10645000.0,10.645,False,,
2016-09-30,2016-09,28,Metalliferous ores and metal scrap,MLAY,Malaysia,Malaysia,14895000.0,14.895,False,,
2016-10-31,2016-10,28,Metalliferous ores and metal scrap,MLAY,Malaysia,Malaysia,22875000.0,22.875,False,,
2016-11-30,2016-11,28,Metalliferous ores and metal scrap,MLAY,Malaysia,Malaysia,19815000.0,19.815,False,,
2016-12-31,2016-12,28,Metalliferous ores and metal scrap,MLAY,Malaysia,Malaysia,35356000.0,35.356,False,,
2017-01-31,2017-01,28,Metalliferous ores and metal scrap,MLAY,Malaysia,Malaysia,27170000.0,27.17,False,,
2017-02-28,2017-02,28,Metalliferous ores and metal scrap,MLAY,Malaysia,Malaysia,11377000.0,11.377,False,,
2017-03-31,2017-03,28,Metalliferous ores and metal scrap,MLAY,Malaysia,Malaysia,23164000.0,23.164,False,,
2017-04-30,2017-04,28,Metalliferous ores and metal scrap,MLAY,Malaysia,Malaysia,32814000.0,32.814,False,,
2017-05-31,2017-05,28,Metalliferous ores and metal scrap,MLAY,Malaysia,Malaysia,32436000.0,32.436,False,,
2017-06-30,2017-06,28,Metalliferous ores and metal scrap,MLAY,Malaysia,Malaysia,24718000.0,24.718,False,,
2017-07-31,2017-07,28,Metalliferous ores and metal scrap,MLAY,Malaysia,Malaysia,33903000.0,33.903,False,,
2017-08-31,2017-08,28,Metalliferous ores and metal scrap,MLAY,Malaysia,Malaysia,24855000.0,24.855,False,,
2017-09-30,2017-09,28,Metalliferous ores and metal scrap,MLAY,Malaysia,Malaysia,21525000.0,21.525,False,,
2017-10-31,2017-10,28,Metalliferous ores and metal scrap,MLAY,Malaysia,Malaysia,15090000.0,15.09,False,,
2017-11-30,2017-11,28,Metalliferous ores and metal scrap,MLAY,Malaysia,Malaysia,22169000.0,22.169,False,,
2017-12-31,2017-12,28,Metalliferous ores and metal scrap,MLAY,Malaysia,Malaysia,18005000.0,18.005,False,,
2018-01-31,2018-01,28,Metalliferous ores and metal scrap,MLAY,Malaysia,Malaysia,85326000.0,85.326,False,,
2018-02-28,2018-02,28,Metalliferous ores and metal scrap,MLAY,Malaysia,Malaysia,24398000.0,24.398,False,,
2018-03-31,2018-03,28,Metalliferous ores and metal scrap,MLAY,Malaysia,Malaysia,47261000.0,47.261,False,,
2018-04-30,2018-04,28,Metalliferous ores and metal scrap,MLAY,Malaysia,Malaysia,25472000.0,25.472,False,,
2018-05-31,2018-05,28,Metalliferous ores and metal scrap,MLAY,Malaysia,Malaysia,38083000.0,38.083,False,,
2018-06-30,2018-06,28,Metalliferous ores and metal scrap,MLAY,Malaysia,Malaysia,26576000.0,26.576,False,,
2018-07-31,2018-07,28,Metalliferous ores and metal scrap,MLAY,Malaysia,Malaysia,15850000.0,15.85,False,,
2018-08-31,2018-08,28,Metalliferous ores and metal scrap,MLAY,Malaysia,Malaysia,33952000.0,33.952,False,,
2018-09-30,2018-09,28,Metalliferous ores and metal scrap,MLAY,Malaysia,Malaysia,24796000.0,24.796,False,,
2018-10-31,2018-10,28,Metalliferous ores and metal scrap,MLAY,Malaysia,Malaysia,54425000.0,54.425,False,,
2018-11-30,2018-11,28,Metalliferous ores and metal scrap,MLAY,Malaysia,Malaysia,80862000.0,80.862,False,,
2018-12-31,2018-12,28,Metalliferous ores and metal scrap,MLAY,Malaysia,Malaysia,41626000.0,41.626,False,,
2019-01-31,2019-01,28,Metalliferous ores and metal scrap,MLAY,Malaysia,Malaysia,39899000.0,39.899,False,,
2019-02-28,2019-02,28,Metalliferous ores and metal scrap,MLAY,Malaysia,Malaysia,40207000.0,40.207,False,,
2019-03-31,2019-03,28,Metalliferous ores and metal scrap,MLAY,Malaysia,Malaysia,33525000.0,33.525,False,,
2019-04-30,2019-04,28,Metalliferous ores and metal scrap,MLAY,Malaysia,Malaysia,48875000.0,48.875,False,,
2019-05-31,2019-05,28,Metalliferous ores and metal scrap,MLAY,Malaysia,Malaysia,45470000.0,45.47,False,,
2019-06-30,2019-06,28,Metalliferous ores and metal scrap,MLAY,Malaysia,Malaysia,59747000.0,59.747,False,,
2019-07-31,2019-07,28,Metalliferous ores and metal scrap,MLAY,Malaysia,Malaysia,55342000.0,55.342,False,,
2019-08-31,2019-08,28,Metalliferous ores and metal scrap,MLAY,Malaysia,Malaysia,29676000.0,29.676,False,,
2019-09-30,2019-09,28,Metalliferous ores and metal scrap,MLAY,Malaysia,Malaysia,43367000.0,43.367,False,,
2019-10-31,2019-10,28,Metalliferous ores and metal scrap,MLAY,Malaysia,Malaysia,45207000.0,45.207,False,,
2019-11-30,2019-11,28,Metalliferous ores and metal scrap,MLAY,Malaysia,Malaysia,68528000.0,68.528,False,,
2019-12-31,2019-12,28,Metalliferous ores and metal scrap,MLAY,Malaysia,Malaysia,56170000.0,56.17,False,,
2020-01-31,2020-01,28,Metalliferous ores and metal scrap,MLAY,Malaysia,Malaysia,52905000.0,52.905,False,,
2020-02-29,2020-02,28,Metalliferous ores and metal scrap,MLAY,Malaysia,Malaysia,27151000.0,27.151,False,,
2020-03-31,2020-03,28,Metalliferous ores and metal scrap,MLAY,Malaysia,Malaysia,46831000.0,46.831,False,,
2020-04-30,2020-04,28,Metalliferous ores and metal scrap,MLAY,Malaysia,Malaysia,64786000.0,64.786,False,,
2020-05-31,2020-05,28,Metalliferous ores and metal scrap,MLAY,Malaysia,Malaysia,53965000.0,53.965,False,,
2020-06-30,2020-06,28,Metalliferous ores and metal scrap,MLAY,Malaysia,Malaysia,29993000.0,29.993,False,,
2020-07-31,2020-07,28,Metalliferous ores and metal scrap,MLAY,Malaysia,Malaysia,36064000.0,36.064,False,,
2020-08-31,2020-08,28,Metalliferous ores and metal scrap,MLAY,Malaysia,Malaysia,67273000.0,67.273,False,,
2020-09-30,2020-09,28,Metalliferous ores and metal scrap,MLAY,Malaysia,Malaysia,32504000.0,32.504,False,,
2020-10-31,2020-10,28,Metalliferous ores and metal scrap,MLAY,Malaysia,Malaysia,33910000.0,33.91,False,,
2020-11-30,2020-11,28,Metalliferous ores and metal scrap,MLAY,Malaysia,Malaysia,61242000.0,61.242,False,,
2020-12-31,2020-12,28,Metalliferous ores and metal scrap,MLAY,Malaysia,Malaysia,80357000.0,80.357,False,,
2021-01-31,2021-01,28,Metalliferous ores and metal scrap,MLAY,Malaysia,Malaysia,14437000.0,14.437,False,,
2021-02-28,2021-02,28,Metalliferous ores and metal scrap,MLAY,Malaysia,Malaysia,14501000.0,14.501,False,,
2021-03-31,2021-03,28,Metalliferous ores and metal scrap,MLAY,Malaysia,Malaysia,56382000.0,56.382,False,,
2021-04-30,2021-04,28,Metalliferous ores and metal scrap,MLAY,Malaysia,Malaysia,21650000.0,21.65,False,,
2021-05-31,2021-05,28,Metalliferous ores and metal scrap,MLAY,Malaysia,Malaysia,37618000.0,37.618,False,,
2021-06-30,2021-06,28,Metalliferous ores and metal scrap,MLAY,Malaysia,Malaysia,91838000.0,91.838,False,,
2021-07-31,2021-07,28,Metalliferous ores and metal scrap,MLAY,Malaysia,Malaysia,42619000.0,42.619,False,,
2021-08-31,2021-08,28,Metalliferous ores and metal scrap,MLAY,Malaysia,Malaysia,44991000.0,44.991,False,,
2021-09-30,2021-09,28,Metalliferous ores and metal scrap,MLAY,Malaysia,Malaysia,24633000.0,24.633,False,,
2021-10-31,2021-10,28,Metalliferous ores and metal scrap,MLAY,Malaysia,Malaysia,58146000.0,58.146,False,,
2021-11-30,2021-11,28,Metalliferous ores and metal scrap,MLAY,Malaysia,Malaysia,68656000.0,68.656,False,,
2021-12-31,2021-12,28,Metalliferous ores and metal scrap,MLAY,Malaysia,Malaysia,88711000.0,88.711,False,,
2022-01-31,2022-01,28,Metalliferous ores and metal scrap,MLAY,Malaysia,Malaysia,52593000.0,52.593,False,,
2022-02-28,2022-02,28,Metalliferous ores and metal scrap,MLAY,Malaysia,Malaysia,99383000.0,99.383,False,,
2022-03-31,2022-03,28,Metalliferous ores and metal scrap,MLAY,Malaysia,Malaysia,55461000.0,55.461,False,,
2022-04-30,2022-04,28,Metalliferous ores and metal scrap,MLAY,Malaysia,Malaysia,56384000.0,56.384,False,,
2022-05-31,2022-05,28,Metalliferous ores and metal scrap,MLAY,Malaysia,Malaysia,66811000.0,66.811,False,,
2022-06-30,2022-06,28,Metalliferous ores and metal scrap,MLAY,Malaysia,Malaysia,37940000.0,37.94,False,,
2022-07-31,2022-07,28,Metalliferous ores and metal scrap,MLAY,Malaysia,Malaysia,89488000.0,89.488,False,,
2022-08-31,2022-08,28,Metalliferous ores and metal scrap,MLAY,Malaysia,Malaysia,118066000.0,118.066,False,,
2022-09-30,2022-09,28,Metalliferous ores and metal scrap,MLAY,Malaysia,Malaysia,91531000.0,91.531,False,,
2022-10-31,2022-10,28,Metalliferous ores and metal scrap,MLAY,Malaysia,Malaysia,66276000.0,66.276,False,,
2022-11-30,2022-11,28,Metalliferous ores and metal scrap,MLAY,Malaysia,Malaysia,91094000.0,91.094,False,,
2022-12-31,2022-12,28,Metalliferous ores and metal scrap,MLAY,Malaysia,Malaysia,98439000.0,98.439,False,,
2023-01-31,2023-01,28,Metalliferous ores and metal scrap,MLAY,Malaysia,Malaysia,61710000.0,61.71,False,,
2023-02-28,2023-02,28,Metalliferous ores and metal scrap,MLAY,Malaysia,Malaysia,67978000.0,67.978,False,,
2023-03-31,2023-03,28,Metalliferous ores and metal scrap,MLAY,Malaysia,Malaysia,83288000.0,83.288,False,,
2023-04-30,2023-04,28,Metalliferous ores and metal scrap,MLAY,Malaysia,Malaysia,64960000.0,64.96,False,,
2023-05-31,2023-05,28,Metalliferous ores and metal scrap,MLAY,Malaysia,Malaysia,43435000.0,43.435,False,,
2023-06-30,2023-06,28,Metalliferous ores and metal scrap,MLAY,Malaysia,Malaysia,128128000.0,128.128,False,,
2023-07-31,2023-07,28,Metalliferous ores and metal scrap,MLAY,Malaysia,Malaysia,54255000.0,54.255,False,,
2023-08-31,2023-08,28,Metalliferous ores and metal scrap,MLAY,Malaysia,Malaysia,86144000.0,86.144,False,,
2023-09-30,2023-09,28,Metalliferous ores and metal scrap,MLAY,Malaysia,Malaysia,87858000.0,87.858,False,,
2023-10-31,2023-10,28,Metalliferous ores and metal scrap,MLAY,Malaysia,Malaysia,115265000.0,115.265,False,,
2023-11-30,2023-11,28,Metalliferous ores and metal scrap,MLAY,Malaysia,Malaysia,70058000.0,70.058,False,,
2023-12-31,2023-12,28,Metalliferous ores and metal scrap,MLAY,Malaysia,Malaysia,105784000.0,105.784,False,,
2024-01-31,2024-01,28,Metalliferous ores and metal scrap,MLAY,Malaysia,Malaysia,90709000.0,90.709,False,,
2024-02-29,2024-02,28,Metalliferous ores and metal scrap,MLAY,Malaysia,Malaysia,47958000.0,47.958,False,,
2024-03-31,2024-03,28,Metalliferous ores and metal scrap,MLAY,Malaysia,Malaysia,99373000.0,99.373,False,,
2024-04-30,2024-04,28,Metalliferous ores and metal scrap,MLAY,Malaysia,Malaysia,101924000.0,101.924,False,,
2024-05-31,2024-05,28,Metalliferous ores and metal scrap,MLAY,Malaysia,Malaysia,60524000.0,60.524,False,,
2024-06-30,2024-06,28,Metalliferous ores and metal scrap,MLAY,Malaysia,Malaysia,56708000.0,56.708,False,,
2024-07-31,2024-07,28,Metalliferous ores and metal scrap,MLAY,Malaysia,Malaysia,64819000.0,64.819,False,,
2024-08-31,2024-08,28,Metalliferous ores and metal scrap,MLAY,Malaysia,Malaysia,75152000.0,75.152,False,,
2024-09-30,2024-09,28,Metalliferous ores and metal scrap,MLAY,Malaysia,Malaysia,13366000.0,13.366,False,,
2024-10-31,2024-10,28,Metalliferous ores and metal scrap,MLAY,Malaysia,Malaysia,67160000.0,67.16,False,,
2024-11-30,2024-11,28,Metalliferous ores and metal scrap,MLAY,Malaysia,Malaysia,114898000.0,114.898,False,,
2024-12-31,2024-12,28,Metalliferous ores and metal scrap,MLAY,Malaysia,Malaysia,110775000.0,110.775,False,,
2025-01-31,2025-01,28,Metalliferous ores and metal scrap,MLAY,Malaysia,Malaysia,75378000.0,75.378,False,,
2025-02-28,2025-02,28,Metalliferous ores and metal scrap,MLAY,Malaysia,Malaysia,68040000.0,68.04,False,,
2025-03-31,2025-03,28,Metalliferous ores and metal scrap,MLAY,Malaysia,Malaysia,181373000.0,181.373,False,,
2025-04-30,2025-04,28,Metalliferous ores and metal scrap,MLAY,Malaysia,Malaysia,101583000.0,101.583,False,,
2025-05-31,2025-05,28,Metalliferous ores and metal scrap,MLAY,Malaysia,Malaysia,138361000.0,138.361,False,,
2025-06-30,2025-06,28,Metalliferous ores and metal scrap,MLAY,Malaysia,Malaysia,173125000.0,173.125,False,,
2025-07-31,2025-07,28,Metalliferous ores and metal scrap,MLAY,Malaysia,Malaysia,42718000.0,42.718,False,,
2025-08-31,2025-08,28,Metalliferous ores and metal scrap,MLAY,Malaysia,Malaysia,33877000.0,33.877,False,,
2025-09-30,2025-09,28,Metalliferous ores and metal scrap,MLAY,Malaysia,Malaysia,174019000.0,174.019,False,,
2025-10-31,2025-10,28,Metalliferous ores and metal scrap,MLAY,Malaysia,Malaysia,93663000.0,93.663,False,,
2025-11-30,2025-11,28,Metalliferous ores and metal scrap,MLAY,Malaysia,Malaysia,108469000.0,108.469,False,,
2025-12-31,2025-12,28,Metalliferous ores and metal scrap,MLAY,Malaysia,Malaysia,119091000.0,119.091,False,,
2026-01-31,2026-01,28,Metalliferous ores and metal scrap,MLAY,Malaysia,Malaysia,131218000.0,131.218,False,,
2026-02-28,2026-02,28,Metalliferous ores and metal scrap,MLAY,Malaysia,Malaysia,168230000.0,168.23,False,,
2026-03-31,2026-03,28,Metalliferous ores and metal scrap,MLAY,Malaysia,Malaysia,160664000.0,160.664,False,,
2026-04-30,2026-04,28,Metalliferous ores and metal scrap,MLAY,Malaysia,Malaysia,221357000.0,221.357,False,,
2026-05-31,2026-05,28,Metalliferous ores and metal scrap,MLAY,Malaysia,Malaysia,170633000.0,170.633,False,,
2026-06-30,2026-06,28,Metalliferous ores and metal scrap,MLAY,Malaysia,Malaysia,67147000.0,67.147,False,,
2015-01-31,2015-01,28,Metalliferous ores and metal scrap,RKOR,South Korea,"Korea, Republic of (South)",598085000.0,598.085,False,,
2015-02-28,2015-02,28,Metalliferous ores and metal scrap,RKOR,South Korea,"Korea, Republic of (South)",441828000.0,441.828,False,,
2015-03-31,2015-03,28,Metalliferous ores and metal scrap,RKOR,South Korea,"Korea, Republic of (South)",515391000.0,515.391,False,,
2015-04-30,2015-04,28,Metalliferous ores and metal scrap,RKOR,South Korea,"Korea, Republic of (South)",352483000.0,352.483,False,,
2015-05-31,2015-05,28,Metalliferous ores and metal scrap,RKOR,South Korea,"Korea, Republic of (South)",510957000.0,510.957,False,,
2015-06-30,2015-06,28,Metalliferous ores and metal scrap,RKOR,South Korea,"Korea, Republic of (South)",497185000.0,497.185,False,,
2015-07-31,2015-07,28,Metalliferous ores and metal scrap,RKOR,South Korea,"Korea, Republic of (South)",509503000.0,509.503,False,,
2015-08-31,2015-08,28,Metalliferous ores and metal scrap,RKOR,South Korea,"Korea, Republic of (South)",445809000.0,445.809,False,,
2015-09-30,2015-09,28,Metalliferous ores and metal scrap,RKOR,South Korea,"Korea, Republic of (South)",476279000.0,476.279,False,,
2015-10-31,2015-10,28,Metalliferous ores and metal scrap,RKOR,South Korea,"Korea, Republic of (South)",401737000.0,401.737,False,,
2015-11-30,2015-11,28,Metalliferous ores and metal scrap,RKOR,South Korea,"Korea, Republic of (South)",317375000.0,317.375,False,,
2015-12-31,2015-12,28,Metalliferous ores and metal scrap,RKOR,South Korea,"Korea, Republic of (South)",400576000.0,400.576,False,,
2016-01-31,2016-01,28,Metalliferous ores and metal scrap,RKOR,South Korea,"Korea, Republic of (South)",265358000.0,265.358,False,,
2016-02-29,2016-02,28,Metalliferous ores and metal scrap,RKOR,South Korea,"Korea, Republic of (South)",452175000.0,452.175,False,,
2016-03-31,2016-03,28,Metalliferous ores and metal scrap,RKOR,South Korea,"Korea, Republic of (South)",352271000.0,352.271,False,,
2016-04-30,2016-04,28,Metalliferous ores and metal scrap,RKOR,South Korea,"Korea, Republic of (South)",364832000.0,364.832,False,,
2016-05-31,2016-05,28,Metalliferous ores and metal scrap,RKOR,South Korea,"Korea, Republic of (South)",454749000.0,454.749,False,,
2016-06-30,2016-06,28,Metalliferous ores and metal scrap,RKOR,South Korea,"Korea, Republic of (South)",446338000.0,446.338,False,,
2016-07-31,2016-07,28,Metalliferous ores and metal scrap,RKOR,South Korea,"Korea, Republic of (South)",336403000.0,336.403,False,,
2016-08-31,2016-08,28,Metalliferous ores and metal scrap,RKOR,South Korea,"Korea, Republic of (South)",430826000.0,430.826,False,,
2016-09-30,2016-09,28,Metalliferous ores and metal scrap,RKOR,South Korea,"Korea, Republic of (South)",498446000.0,498.446,False,,
2016-10-31,2016-10,28,Metalliferous ores and metal scrap,RKOR,South Korea,"Korea, Republic of (South)",401835000.0,401.835,False,,
2016-11-30,2016-11,28,Metalliferous ores and metal scrap,RKOR,South Korea,"Korea, Republic of (South)",439679000.0,439.679,False,,
2016-12-31,2016-12,28,Metalliferous ores and metal scrap,RKOR,South Korea,"Korea, Republic of (South)",587141000.0,587.141,False,,
2017-01-31,2017-01,28,Metalliferous ores and metal scrap,RKOR,South Korea,"Korea, Republic of (South)",384703000.0,384.703,False,,
2017-02-28,2017-02,28,Metalliferous ores and metal scrap,RKOR,South Korea,"Korea, Republic of (South)",409248000.0,409.248,False,,
2017-03-31,2017-03,28,Metalliferous ores and metal scrap,RKOR,South Korea,"Korea, Republic of (South)",500265000.0,500.265,False,,
2017-04-30,2017-04,28,Metalliferous ores and metal scrap,RKOR,South Korea,"Korea, Republic of (South)",651913000.0,651.913,False,,
2017-05-31,2017-05,28,Metalliferous ores and metal scrap,RKOR,South Korea,"Korea, Republic of (South)",396664000.0,396.664,False,,
2017-06-30,2017-06,28,Metalliferous ores and metal scrap,RKOR,South Korea,"Korea, Republic of (South)",562281000.0,562.281,False,,
2017-07-31,2017-07,28,Metalliferous ores and metal scrap,RKOR,South Korea,"Korea, Republic of (South)",380197000.0,380.197,False,,
2017-08-31,2017-08,28,Metalliferous ores and metal scrap,RKOR,South Korea,"Korea, Republic of (South)",511646000.0,511.646,False,,
2017-09-30,2017-09,28,Metalliferous ores and metal scrap,RKOR,South Korea,"Korea, Republic of (South)",513819000.0,513.819,False,,
2017-10-31,2017-10,28,Metalliferous ores and metal scrap,RKOR,South Korea,"Korea, Republic of (South)",439216000.0,439.216,False,,
2017-11-30,2017-11,28,Metalliferous ores and metal scrap,RKOR,South Korea,"Korea, Republic of (South)",443986000.0,443.986,False,,
2017-12-31,2017-12,28,Metalliferous ores and metal scrap,RKOR,South Korea,"Korea, Republic of (South)",483774000.0,483.774,False,,
2018-01-31,2018-01,28,Metalliferous ores and metal scrap,RKOR,South Korea,"Korea, Republic of (South)",364569000.0,364.569,False,,
2018-02-28,2018-02,28,Metalliferous ores and metal scrap,RKOR,South Korea,"Korea, Republic of (South)",399099000.0,399.099,False,,
2018-03-31,2018-03,28,Metalliferous ores and metal scrap,RKOR,South Korea,"Korea, Republic of (South)",514316000.0,514.316,False,,
2018-04-30,2018-04,28,Metalliferous ores and metal scrap,RKOR,South Korea,"Korea, Republic of (South)",412704000.0,412.704,False,,
2018-05-31,2018-05,28,Metalliferous ores and metal scrap,RKOR,South Korea,"Korea, Republic of (South)",560506000.0,560.506,False,,
2018-06-30,2018-06,28,Metalliferous ores and metal scrap,RKOR,South Korea,"Korea, Republic of (South)",435268000.0,435.268,False,,
2018-07-31,2018-07,28,Metalliferous ores and metal scrap,RKOR,South Korea,"Korea, Republic of (South)",611102000.0,611.102,False,,
2018-08-31,2018-08,28,Metalliferous ores and metal scrap,RKOR,South Korea,"Korea, Republic of (South)",444386000.0,444.386,False,,
2018-09-30,2018-09,28,Metalliferous ores and metal scrap,RKOR,South Korea,"Korea, Republic of (South)",467662000.0,467.662,False,,
2018-10-31,2018-10,28,Metalliferous ores and metal scrap,RKOR,South Korea,"Korea, Republic of (South)",537139000.0,537.139,False,,
2018-11-30,2018-11,28,Metalliferous ores and metal scrap,RKOR,South Korea,"Korea, Republic of (South)",560073000.0,560.073,False,,
2018-12-31,2018-12,28,Metalliferous ores and metal scrap,RKOR,South Korea,"Korea, Republic of (South)",615708000.0,615.708,False,,
2019-01-31,2019-01,28,Metalliferous ores and metal scrap,RKOR,South Korea,"Korea, Republic of (South)",493324000.0,493.324,False,,
2019-02-28,2019-02,28,Metalliferous ores and metal scrap,RKOR,South Korea,"Korea, Republic of (South)",437787000.0,437.787,False,,
2019-03-31,2019-03,28,Metalliferous ores and metal scrap,RKOR,South Korea,"Korea, Republic of (South)",334726000.0,334.726,False,,
2019-04-30,2019-04,28,Metalliferous ores and metal scrap,RKOR,South Korea,"Korea, Republic of (South)",662761000.0,662.761,False,,
2019-05-31,2019-05,28,Metalliferous ores and metal scrap,RKOR,South Korea,"Korea, Republic of (South)",766895000.0,766.895,False,,
2019-06-30,2019-06,28,Metalliferous ores and metal scrap,RKOR,South Korea,"Korea, Republic of (South)",742460000.0,742.46,False,,
2019-07-31,2019-07,28,Metalliferous ores and metal scrap,RKOR,South Korea,"Korea, Republic of (South)",840900000.0,840.9,False,,
2019-08-31,2019-08,28,Metalliferous ores and metal scrap,RKOR,South Korea,"Korea, Republic of (South)",800086000.0,800.086,False,,
2019-09-30,2019-09,28,Metalliferous ores and metal scrap,RKOR,South Korea,"Korea, Republic of (South)",573495000.0,573.495,False,,
2019-10-31,2019-10,28,Metalliferous ores and metal scrap,RKOR,South Korea,"Korea, Republic of (South)",775380000.0,775.38,False,,
2019-11-30,2019-11,28,Metalliferous ores and metal scrap,RKOR,South Korea,"Korea, Republic of (South)",740615000.0,740.615,False,,
2019-12-31,2019-12,28,Metalliferous ores and metal scrap,RKOR,South Korea,"Korea, Republic of (South)",801380000.0,801.38,False,,
2020-01-31,2020-01,28,Metalliferous ores and metal scrap,RKOR,South Korea,"Korea, Republic of (South)",695292000.0,695.292,False,,
2020-02-29,2020-02,28,Metalliferous ores and metal scrap,RKOR,South Korea,"Korea, Republic of (South)",552946000.0,552.946,False,,
2020-03-31,2020-03,28,Metalliferous ores and metal scrap,RKOR,South Korea,"Korea, Republic of (South)",607488000.0,607.488,False,,
2020-04-30,2020-04,28,Metalliferous ores and metal scrap,RKOR,South Korea,"Korea, Republic of (South)",727140000.0,727.14,False,,
2020-05-31,2020-05,28,Metalliferous ores and metal scrap,RKOR,South Korea,"Korea, Republic of (South)",460263000.0,460.263,False,,
2020-06-30,2020-06,28,Metalliferous ores and metal scrap,RKOR,South Korea,"Korea, Republic of (South)",878937000.0,878.937,False,,
2020-07-31,2020-07,28,Metalliferous ores and metal scrap,RKOR,South Korea,"Korea, Republic of (South)",592457000.0,592.457,False,,
2020-08-31,2020-08,28,Metalliferous ores and metal scrap,RKOR,South Korea,"Korea, Republic of (South)",768361000.0,768.361,False,,
2020-09-30,2020-09,28,Metalliferous ores and metal scrap,RKOR,South Korea,"Korea, Republic of (South)",785223000.0,785.223,False,,
2020-10-31,2020-10,28,Metalliferous ores and metal scrap,RKOR,South Korea,"Korea, Republic of (South)",979831000.0,979.831,False,,
2020-11-30,2020-11,28,Metalliferous ores and metal scrap,RKOR,South Korea,"Korea, Republic of (South)",1079572000.0,1079.572,False,,
2020-12-31,2020-12,28,Metalliferous ores and metal scrap,RKOR,South Korea,"Korea, Republic of (South)",909881000.0,909.881,False,,
2021-01-31,2021-01,28,Metalliferous ores and metal scrap,RKOR,South Korea,"Korea, Republic of (South)",942728000.0,942.728,False,,
2021-02-28,2021-02,28,Metalliferous ores and metal scrap,RKOR,South Korea,"Korea, Republic of (South)",838966000.0,838.966,False,,
2021-03-31,2021-03,28,Metalliferous ores and metal scrap,RKOR,South Korea,"Korea, Republic of (South)",1185981000.0,1185.981,False,,
2021-04-30,2021-04,28,Metalliferous ores and metal scrap,RKOR,South Korea,"Korea, Republic of (South)",1282363000.0,1282.363,False,,
2021-05-31,2021-05,28,Metalliferous ores and metal scrap,RKOR,South Korea,"Korea, Republic of (South)",1156130000.0,1156.13,False,,
2021-06-30,2021-06,28,Metalliferous ores and metal scrap,RKOR,South Korea,"Korea, Republic of (South)",1632662000.0,1632.662,False,,
2021-07-31,2021-07,28,Metalliferous ores and metal scrap,RKOR,South Korea,"Korea, Republic of (South)",940913000.0,940.913,False,,
2021-08-31,2021-08,28,Metalliferous ores and metal scrap,RKOR,South Korea,"Korea, Republic of (South)",1300239000.0,1300.239,False,,
2021-09-30,2021-09,28,Metalliferous ores and metal scrap,RKOR,South Korea,"Korea, Republic of (South)",1078750000.0,1078.75,False,,
2021-10-31,2021-10,28,Metalliferous ores and metal scrap,RKOR,South Korea,"Korea, Republic of (South)",987151000.0,987.151,False,,
2021-11-30,2021-11,28,Metalliferous ores and metal scrap,RKOR,South Korea,"Korea, Republic of (South)",953737000.0,953.737,False,,
2021-12-31,2021-12,28,Metalliferous ores and metal scrap,RKOR,South Korea,"Korea, Republic of (South)",1250867000.0,1250.867,False,,
2022-01-31,2022-01,28,Metalliferous ores and metal scrap,RKOR,South Korea,"Korea, Republic of (South)",799275000.0,799.275,False,,
2022-02-28,2022-02,28,Metalliferous ores and metal scrap,RKOR,South Korea,"Korea, Republic of (South)",1053134000.0,1053.134,False,,
2022-03-31,2022-03,28,Metalliferous ores and metal scrap,RKOR,South Korea,"Korea, Republic of (South)",955056000.0,955.056,False,,
2022-04-30,2022-04,28,Metalliferous ores and metal scrap,RKOR,South Korea,"Korea, Republic of (South)",924997000.0,924.997,False,,
2022-05-31,2022-05,28,Metalliferous ores and metal scrap,RKOR,South Korea,"Korea, Republic of (South)",784324000.0,784.324,False,,
2022-06-30,2022-06,28,Metalliferous ores and metal scrap,RKOR,South Korea,"Korea, Republic of (South)",1125398000.0,1125.398,False,,
2022-07-31,2022-07,28,Metalliferous ores and metal scrap,RKOR,South Korea,"Korea, Republic of (South)",672350000.0,672.35,False,,
2022-08-31,2022-08,28,Metalliferous ores and metal scrap,RKOR,South Korea,"Korea, Republic of (South)",1120292000.0,1120.292,False,,
2022-09-30,2022-09,28,Metalliferous ores and metal scrap,RKOR,South Korea,"Korea, Republic of (South)",742587000.0,742.587,False,,
2022-10-31,2022-10,28,Metalliferous ores and metal scrap,RKOR,South Korea,"Korea, Republic of (South)",812266000.0,812.266,False,,
2022-11-30,2022-11,28,Metalliferous ores and metal scrap,RKOR,South Korea,"Korea, Republic of (South)",663157000.0,663.157,False,,
2022-12-31,2022-12,28,Metalliferous ores and metal scrap,RKOR,South Korea,"Korea, Republic of (South)",1020824000.0,1020.824,False,,
2023-01-31,2023-01,28,Metalliferous ores and metal scrap,RKOR,South Korea,"Korea, Republic of (South)",868053000.0,868.053,False,,
2023-02-28,2023-02,28,Metalliferous ores and metal scrap,RKOR,South Korea,"Korea, Republic of (South)",662320000.0,662.32,False,,
2023-03-31,2023-03,28,Metalliferous ores and metal scrap,RKOR,South Korea,"Korea, Republic of (South)",633890000.0,633.89,False,,
2023-04-30,2023-04,28,Metalliferous ores and metal scrap,RKOR,South Korea,"Korea, Republic of (South)",935770000.0,935.77,False,,
2023-05-31,2023-05,28,Metalliferous ores and metal scrap,RKOR,South Korea,"Korea, Republic of (South)",954821000.0,954.821,False,,
2023-06-30,2023-06,28,Metalliferous ores and metal scrap,RKOR,South Korea,"Korea, Republic of (South)",852047000.0,852.047,False,,
2023-07-31,2023-07,28,Metalliferous ores and metal scrap,RKOR,South Korea,"Korea, Republic of (South)",785990000.0,785.99,False,,
2023-08-31,2023-08,28,Metalliferous ores and metal scrap,RKOR,South Korea,"Korea, Republic of (South)",984324000.0,984.324,False,,
2023-09-30,2023-09,28,Metalliferous ores and metal scrap,RKOR,South Korea,"Korea, Republic of (South)",1095839000.0,1095.839,False,,
2023-10-31,2023-10,28,Metalliferous ores and metal scrap,RKOR,South Korea,"Korea, Republic of (South)",745215000.0,745.215,False,,
2023-11-30,2023-11,28,Metalliferous ores and metal scrap,RKOR,South Korea,"Korea, Republic of (South)",931577000.0,931.577,False,,
2023-12-31,2023-12,28,Metalliferous ores and metal scrap,RKOR,South Korea,"Korea, Republic of (South)",1037669000.0,1037.669,False,,
2024-01-31,2024-01,28,Metalliferous ores and metal scrap,RKOR,South Korea,"Korea, Republic of (South)",1030764000.0,1030.764,False,,
2024-02-29,2024-02,28,Metalliferous ores and metal scrap,RKOR,South Korea,"Korea, Republic of (South)",649919000.0,649.919,False,,
2024-03-31,2024-03,28,Metalliferous ores and metal scrap,RKOR,South Korea,"Korea, Republic of (South)",1002792000.0,1002.792,False,,
2024-04-30,2024-04,28,Metalliferous ores and metal scrap,RKOR,South Korea,"Korea, Republic of (South)",777249000.0,777.249,False,,
2024-05-31,2024-05,28,Metalliferous ores and metal scrap,RKOR,South Korea,"Korea, Republic of (South)",981598000.0,981.598,False,,
2024-06-30,2024-06,28,Metalliferous ores and metal scrap,RKOR,South Korea,"Korea, Republic of (South)",779632000.0,779.632,False,,
2024-07-31,2024-07,28,Metalliferous ores and metal scrap,RKOR,South Korea,"Korea, Republic of (South)",953541000.0,953.541,False,,
2024-08-31,2024-08,28,Metalliferous ores and metal scrap,RKOR,South Korea,"Korea, Republic of (South)",855293000.0,855.293,False,,
2024-09-30,2024-09,28,Metalliferous ores and metal scrap,RKOR,South Korea,"Korea, Republic of (South)",736769000.0,736.769,False,,
2024-10-31,2024-10,28,Metalliferous ores and metal scrap,RKOR,South Korea,"Korea, Republic of (South)",724692000.0,724.692,False,,
2024-11-30,2024-11,28,Metalliferous ores and metal scrap,RKOR,South Korea,"Korea, Republic of (South)",1051793000.0,1051.793,False,,
2024-12-31,2024-12,28,Metalliferous ores and metal scrap,RKOR,South Korea,"Korea, Republic of (South)",928559000.0,928.559,False,,
2025-01-31,2025-01,28,Metalliferous ores and metal scrap,RKOR,South Korea,"Korea, Republic of (South)",780106000.0,780.106,False,,
2025-02-28,2025-02,28,Metalliferous ores and metal scrap,RKOR,South Korea,"Korea, Republic of (South)",716021000.0,716.021,False,,
2025-03-31,2025-03,28,Metalliferous ores and metal scrap,RKOR,South Korea,"Korea, Republic of (South)",931615000.0,931.615,False,,
2025-04-30,2025-04,28,Metalliferous ores and metal scrap,RKOR,South Korea,"Korea, Republic of (South)",615765000.0,615.765,False,,
2025-05-31,2025-05,28,Metalliferous ores and metal scrap,RKOR,South Korea,"Korea, Republic of (South)",953258000.0,953.258,False,,
2025-06-30,2025-06,28,Metalliferous ores and metal scrap,RKOR,South Korea,"Korea, Republic of (South)",1138269000.0,1138.269,False,,
2025-07-31,2025-07,28,Metalliferous ores and metal scrap,RKOR,South Korea,"Korea, Republic of (South)",849814000.0,849.814,False,,
2025-08-31,2025-08,28,Metalliferous ores and metal scrap,RKOR,South Korea,"Korea, Republic of (South)",896878000.0,896.878,False,,
2025-09-30,2025-09,28,Metalliferous ores and metal scrap,RKOR,South Korea,"Korea, Republic of (South)",811503000.0,811.503,False,,
2025-10-31,2025-10,28,Metalliferous ores and metal scrap,RKOR,South Korea,"Korea, Republic of (South)",1223615000.0,1223.615,False,,
2025-11-30,2025-11,28,Metalliferous ores and metal scrap,RKOR,South Korea,"Korea, Republic of (South)",845934000.0,845.934,False,,
2025-12-31,2025-12,28,Metalliferous ores and metal scrap,RKOR,South Korea,"Korea, Republic of (South)",1522685000.0,1522.685,False,,
2026-01-31,2026-01,28,Metalliferous ores and metal scrap,RKOR,South Korea,"Korea, Republic of (South)",937329000.0,937.329,False,,
2026-02-28,2026-02,28,Metalliferous ores and metal scrap,RKOR,South Korea,"Korea, Republic of (South)",885064000.0,885.064,False,,
2026-03-31,2026-03,28,Metalliferous ores and metal scrap,RKOR,South Korea,"Korea, Republic of (South)",869353000.0,869.353,False,,
2026-04-30,2026-04,28,Metalliferous ores and metal scrap,RKOR,South Korea,"Korea, Republic of (South)",1333895000.0,1333.895,False,,
2026-05-31,2026-05,28,Metalliferous ores and metal scrap,RKOR,South Korea,"Korea, Republic of (South)",655818000.0,655.818,False,,
2026-06-30,2026-06,28,Metalliferous ores and metal scrap,RKOR,South Korea,"Korea, Republic of (South)",968410000.0,968.41,False,,
2015-01-31,2015-01,28,Metalliferous ores and metal scrap,TAIW,Taiwan,Taiwan,132592000.0,132.592,False,,
2015-02-28,2015-02,28,Metalliferous ores and metal scrap,TAIW,Taiwan,Taiwan,119298000.0,119.298,False,,
2015-03-31,2015-03,28,Metalliferous ores and metal scrap,TAIW,Taiwan,Taiwan,182983000.0,182.983,False,,
2015-04-30,2015-04,28,Metalliferous ores and metal scrap,TAIW,Taiwan,Taiwan,101846000.0,101.846,False,,
2015-05-31,2015-05,28,Metalliferous ores and metal scrap,TAIW,Taiwan,Taiwan,130733000.0,130.733,False,,
2015-06-30,2015-06,28,Metalliferous ores and metal scrap,TAIW,Taiwan,Taiwan,87656000.0,87.656,False,,
2015-07-31,2015-07,28,Metalliferous ores and metal scrap,TAIW,Taiwan,Taiwan,124937000.0,124.937,False,,
2015-08-31,2015-08,28,Metalliferous ores and metal scrap,TAIW,Taiwan,Taiwan,165774000.0,165.774,False,,
2015-09-30,2015-09,28,Metalliferous ores and metal scrap,TAIW,Taiwan,Taiwan,132136000.0,132.136,False,,
2015-10-31,2015-10,28,Metalliferous ores and metal scrap,TAIW,Taiwan,Taiwan,101307000.0,101.307,False,,
2015-11-30,2015-11,28,Metalliferous ores and metal scrap,TAIW,Taiwan,Taiwan,130560000.0,130.56,False,,
2015-12-31,2015-12,28,Metalliferous ores and metal scrap,TAIW,Taiwan,Taiwan,51141000.0,51.141,False,,
2016-01-31,2016-01,28,Metalliferous ores and metal scrap,TAIW,Taiwan,Taiwan,89614000.0,89.614,False,,
2016-02-29,2016-02,28,Metalliferous ores and metal scrap,TAIW,Taiwan,Taiwan,115547000.0,115.547,False,,
2016-03-31,2016-03,28,Metalliferous ores and metal scrap,TAIW,Taiwan,Taiwan,164426000.0,164.426,False,,
2016-04-30,2016-04,28,Metalliferous ores and metal scrap,TAIW,Taiwan,Taiwan,134472000.0,134.472,False,,
2016-05-31,2016-05,28,Metalliferous ores and metal scrap,TAIW,Taiwan,Taiwan,138455000.0,138.455,False,,
2016-06-30,2016-06,28,Metalliferous ores and metal scrap,TAIW,Taiwan,Taiwan,139795000.0,139.795,False,,
2016-07-31,2016-07,28,Metalliferous ores and metal scrap,TAIW,Taiwan,Taiwan,121666000.0,121.666,False,,
2016-08-31,2016-08,28,Metalliferous ores and metal scrap,TAIW,Taiwan,Taiwan,141533000.0,141.533,False,,
2016-09-30,2016-09,28,Metalliferous ores and metal scrap,TAIW,Taiwan,Taiwan,120721000.0,120.721,False,,
2016-10-31,2016-10,28,Metalliferous ores and metal scrap,TAIW,Taiwan,Taiwan,98000000.0,98.0,False,,
2016-11-30,2016-11,28,Metalliferous ores and metal scrap,TAIW,Taiwan,Taiwan,163218000.0,163.218,False,,
2016-12-31,2016-12,28,Metalliferous ores and metal scrap,TAIW,Taiwan,Taiwan,197555000.0,197.555,False,,
2017-01-31,2017-01,28,Metalliferous ores and metal scrap,TAIW,Taiwan,Taiwan,91995000.0,91.995,False,,
2017-02-28,2017-02,28,Metalliferous ores and metal scrap,TAIW,Taiwan,Taiwan,165720000.0,165.72,False,,
2017-03-31,2017-03,28,Metalliferous ores and metal scrap,TAIW,Taiwan,Taiwan,179159000.0,179.159,False,,
2017-04-30,2017-04,28,Metalliferous ores and metal scrap,TAIW,Taiwan,Taiwan,158333000.0,158.333,False,,
2017-05-31,2017-05,28,Metalliferous ores and metal scrap,TAIW,Taiwan,Taiwan,125889000.0,125.889,False,,
2017-06-30,2017-06,28,Metalliferous ores and metal scrap,TAIW,Taiwan,Taiwan,168488000.0,168.488,False,,
2017-07-31,2017-07,28,Metalliferous ores and metal scrap,TAIW,Taiwan,Taiwan,95302000.0,95.302,False,,
2017-08-31,2017-08,28,Metalliferous ores and metal scrap,TAIW,Taiwan,Taiwan,148869000.0,148.869,False,,
2017-09-30,2017-09,28,Metalliferous ores and metal scrap,TAIW,Taiwan,Taiwan,174853000.0,174.853,False,,
2017-10-31,2017-10,28,Metalliferous ores and metal scrap,TAIW,Taiwan,Taiwan,86181000.0,86.181,False,,
2017-11-30,2017-11,28,Metalliferous ores and metal scrap,TAIW,Taiwan,Taiwan,124948000.0,124.948,False,,
2017-12-31,2017-12,28,Metalliferous ores and metal scrap,TAIW,Taiwan,Taiwan,175792000.0,175.792,False,,
2018-01-31,2018-01,28,Metalliferous ores and metal scrap,TAIW,Taiwan,Taiwan,89100000.0,89.1,False,,
2018-02-28,2018-02,28,Metalliferous ores and metal scrap,TAIW,Taiwan,Taiwan,71484000.0,71.484,False,,
2018-03-31,2018-03,28,Metalliferous ores and metal scrap,TAIW,Taiwan,Taiwan,140853000.0,140.853,False,,
2018-04-30,2018-04,28,Metalliferous ores and metal scrap,TAIW,Taiwan,Taiwan,124709000.0,124.709,False,,
2018-05-31,2018-05,28,Metalliferous ores and metal scrap,TAIW,Taiwan,Taiwan,131543000.0,131.543,False,,
2018-06-30,2018-06,28,Metalliferous ores and metal scrap,TAIW,Taiwan,Taiwan,123764000.0,123.764,False,,
2018-07-31,2018-07,28,Metalliferous ores and metal scrap,TAIW,Taiwan,Taiwan,118488000.0,118.488,False,,
2018-08-31,2018-08,28,Metalliferous ores and metal scrap,TAIW,Taiwan,Taiwan,136863000.0,136.863,False,,
2018-09-30,2018-09,28,Metalliferous ores and metal scrap,TAIW,Taiwan,Taiwan,175110000.0,175.11,False,,
2018-10-31,2018-10,28,Metalliferous ores and metal scrap,TAIW,Taiwan,Taiwan,141050000.0,141.05,False,,
2018-11-30,2018-11,28,Metalliferous ores and metal scrap,TAIW,Taiwan,Taiwan,168992000.0,168.992,False,,
2018-12-31,2018-12,28,Metalliferous ores and metal scrap,TAIW,Taiwan,Taiwan,195224000.0,195.224,False,,
2019-01-31,2019-01,28,Metalliferous ores and metal scrap,TAIW,Taiwan,Taiwan,115386000.0,115.386,False,,
2019-02-28,2019-02,28,Metalliferous ores and metal scrap,TAIW,Taiwan,Taiwan,214845000.0,214.845,False,,
2019-03-31,2019-03,28,Metalliferous ores and metal scrap,TAIW,Taiwan,Taiwan,138503000.0,138.503,False,,
2019-04-30,2019-04,28,Metalliferous ores and metal scrap,TAIW,Taiwan,Taiwan,188189000.0,188.189,False,,
2019-05-31,2019-05,28,Metalliferous ores and metal scrap,TAIW,Taiwan,Taiwan,242751000.0,242.751,False,,
2019-06-30,2019-06,28,Metalliferous ores and metal scrap,TAIW,Taiwan,Taiwan,217793000.0,217.793,False,,
2019-07-31,2019-07,28,Metalliferous ores and metal scrap,TAIW,Taiwan,Taiwan,217915000.0,217.915,False,,
2019-08-31,2019-08,28,Metalliferous ores and metal scrap,TAIW,Taiwan,Taiwan,243369000.0,243.369,False,,
2019-09-30,2019-09,28,Metalliferous ores and metal scrap,TAIW,Taiwan,Taiwan,171195000.0,171.195,False,,
2019-10-31,2019-10,28,Metalliferous ores and metal scrap,TAIW,Taiwan,Taiwan,240163000.0,240.163,False,,
2019-11-30,2019-11,28,Metalliferous ores and metal scrap,TAIW,Taiwan,Taiwan,171765000.0,171.765,False,,
2019-12-31,2019-12,28,Metalliferous ores and metal scrap,TAIW,Taiwan,Taiwan,251460000.0,251.46,False,,
2020-01-31,2020-01,28,Metalliferous ores and metal scrap,TAIW,Taiwan,Taiwan,141336000.0,141.336,False,,
2020-02-29,2020-02,28,Metalliferous ores and metal scrap,TAIW,Taiwan,Taiwan,156778000.0,156.778,False,,
2020-03-31,2020-03,28,Metalliferous ores and metal scrap,TAIW,Taiwan,Taiwan,245300000.0,245.3,False,,
2020-04-30,2020-04,28,Metalliferous ores and metal scrap,TAIW,Taiwan,Taiwan,278969000.0,278.969,False,,
2020-05-31,2020-05,28,Metalliferous ores and metal scrap,TAIW,Taiwan,Taiwan,222355000.0,222.355,False,,
2020-06-30,2020-06,28,Metalliferous ores and metal scrap,TAIW,Taiwan,Taiwan,140615000.0,140.615,False,,
2020-07-31,2020-07,28,Metalliferous ores and metal scrap,TAIW,Taiwan,Taiwan,175382000.0,175.382,False,,
2020-08-31,2020-08,28,Metalliferous ores and metal scrap,TAIW,Taiwan,Taiwan,147856000.0,147.856,False,,
2020-09-30,2020-09,28,Metalliferous ores and metal scrap,TAIW,Taiwan,Taiwan,171919000.0,171.919,False,,
2020-10-31,2020-10,28,Metalliferous ores and metal scrap,TAIW,Taiwan,Taiwan,232203000.0,232.203,False,,
2020-11-30,2020-11,28,Metalliferous ores and metal scrap,TAIW,Taiwan,Taiwan,200192000.0,200.192,False,,
2020-12-31,2020-12,28,Metalliferous ores and metal scrap,TAIW,Taiwan,Taiwan,212163000.0,212.163,False,,
2021-01-31,2021-01,28,Metalliferous ores and metal scrap,TAIW,Taiwan,Taiwan,304582000.0,304.582,False,,
2021-02-28,2021-02,28,Metalliferous ores and metal scrap,TAIW,Taiwan,Taiwan,289640000.0,289.64,False,,
2021-03-31,2021-03,28,Metalliferous ores and metal scrap,TAIW,Taiwan,Taiwan,325267000.0,325.267,False,,
2021-04-30,2021-04,28,Metalliferous ores and metal scrap,TAIW,Taiwan,Taiwan,341176000.0,341.176,False,,
2021-05-31,2021-05,28,Metalliferous ores and metal scrap,TAIW,Taiwan,Taiwan,406775000.0,406.775,False,,
2021-06-30,2021-06,28,Metalliferous ores and metal scrap,TAIW,Taiwan,Taiwan,481332000.0,481.332,False,,
2021-07-31,2021-07,28,Metalliferous ores and metal scrap,TAIW,Taiwan,Taiwan,275543000.0,275.543,False,,
2021-08-31,2021-08,28,Metalliferous ores and metal scrap,TAIW,Taiwan,Taiwan,257021000.0,257.021,False,,
2021-09-30,2021-09,28,Metalliferous ores and metal scrap,TAIW,Taiwan,Taiwan,346588000.0,346.588,False,,
2021-10-31,2021-10,28,Metalliferous ores and metal scrap,TAIW,Taiwan,Taiwan,192145000.0,192.145,False,,
2021-11-30,2021-11,28,Metalliferous ores and metal scrap,TAIW,Taiwan,Taiwan,208220000.0,208.22,False,,
2021-12-31,2021-12,28,Metalliferous ores and metal scrap,TAIW,Taiwan,Taiwan,190379000.0,190.379,False,,
2022-01-31,2022-01,28,Metalliferous ores and metal scrap,TAIW,Taiwan,Taiwan,232547000.0,232.547,False,,
2022-02-28,2022-02,28,Metalliferous ores and metal scrap,TAIW,Taiwan,Taiwan,310672000.0,310.672,False,,
2022-03-31,2022-03,28,Metalliferous ores and metal scrap,TAIW,Taiwan,Taiwan,185203000.0,185.203,False,,
2022-04-30,2022-04,28,Metalliferous ores and metal scrap,TAIW,Taiwan,Taiwan,239590000.0,239.59,False,,
2022-05-31,2022-05,28,Metalliferous ores and metal scrap,TAIW,Taiwan,Taiwan,339388000.0,339.388,False,,
2022-06-30,2022-06,28,Metalliferous ores and metal scrap,TAIW,Taiwan,Taiwan,280813000.0,280.813,False,,
2022-07-31,2022-07,28,Metalliferous ores and metal scrap,TAIW,Taiwan,Taiwan,136237000.0,136.237,False,,
2022-08-31,2022-08,28,Metalliferous ores and metal scrap,TAIW,Taiwan,Taiwan,184049000.0,184.049,False,,
2022-09-30,2022-09,28,Metalliferous ores and metal scrap,TAIW,Taiwan,Taiwan,207695000.0,207.695,False,,
2022-10-31,2022-10,28,Metalliferous ores and metal scrap,TAIW,Taiwan,Taiwan,154763000.0,154.763,False,,
2022-11-30,2022-11,28,Metalliferous ores and metal scrap,TAIW,Taiwan,Taiwan,170033000.0,170.033,False,,
2022-12-31,2022-12,28,Metalliferous ores and metal scrap,TAIW,Taiwan,Taiwan,216292000.0,216.292,False,,
2023-01-31,2023-01,28,Metalliferous ores and metal scrap,TAIW,Taiwan,Taiwan,142660000.0,142.66,False,,
2023-02-28,2023-02,28,Metalliferous ores and metal scrap,TAIW,Taiwan,Taiwan,175991000.0,175.991,False,,
2023-03-31,2023-03,28,Metalliferous ores and metal scrap,TAIW,Taiwan,Taiwan,248028000.0,248.028,False,,
2023-04-30,2023-04,28,Metalliferous ores and metal scrap,TAIW,Taiwan,Taiwan,214773000.0,214.773,False,,
2023-05-31,2023-05,28,Metalliferous ores and metal scrap,TAIW,Taiwan,Taiwan,201593000.0,201.593,False,,
2023-06-30,2023-06,28,Metalliferous ores and metal scrap,TAIW,Taiwan,Taiwan,195978000.0,195.978,False,,
2023-07-31,2023-07,28,Metalliferous ores and metal scrap,TAIW,Taiwan,Taiwan,178808000.0,178.808,False,,
2023-08-31,2023-08,28,Metalliferous ores and metal scrap,TAIW,Taiwan,Taiwan,236835000.0,236.835,False,,
2023-09-30,2023-09,28,Metalliferous ores and metal scrap,TAIW,Taiwan,Taiwan,237216000.0,237.216,False,,
2023-10-31,2023-10,28,Metalliferous ores and metal scrap,TAIW,Taiwan,Taiwan,222637000.0,222.637,False,,
2023-11-30,2023-11,28,Metalliferous ores and metal scrap,TAIW,Taiwan,Taiwan,155560000.0,155.56,False,,
2023-12-31,2023-12,28,Metalliferous ores and metal scrap,TAIW,Taiwan,Taiwan,298210000.0,298.21,False,,
2024-01-31,2024-01,28,Metalliferous ores and metal scrap,TAIW,Taiwan,Taiwan,184406000.0,184.406,False,,
2024-02-29,2024-02,28,Metalliferous ores and metal scrap,TAIW,Taiwan,Taiwan,197762000.0,197.762,False,,
2024-03-31,2024-03,28,Metalliferous ores and metal scrap,TAIW,Taiwan,Taiwan,256185000.0,256.185,False,,
2024-04-30,2024-04,28,Metalliferous ores and metal scrap,TAIW,Taiwan,Taiwan,222525000.0,222.525,False,,
2024-05-31,2024-05,28,Metalliferous ores and metal scrap,TAIW,Taiwan,Taiwan,238371000.0,238.371,False,,
2024-06-30,2024-06,28,Metalliferous ores and metal scrap,TAIW,Taiwan,Taiwan,193253000.0,193.253,False,,
2024-07-31,2024-07,28,Metalliferous ores and metal scrap,TAIW,Taiwan,Taiwan,90437000.0,90.437,False,,
2024-08-31,2024-08,28,Metalliferous ores and metal scrap,TAIW,Taiwan,Taiwan,148578000.0,148.578,False,,
2024-09-30,2024-09,28,Metalliferous ores and metal scrap,TAIW,Taiwan,Taiwan,181290000.0,181.29,False,,
2024-10-31,2024-10,28,Metalliferous ores and metal scrap,TAIW,Taiwan,Taiwan,252221000.0,252.221,False,,
2024-11-30,2024-11,28,Metalliferous ores and metal scrap,TAIW,Taiwan,Taiwan,217585000.0,217.585,False,,
2024-12-31,2024-12,28,Metalliferous ores and metal scrap,TAIW,Taiwan,Taiwan,178697000.0,178.697,False,,
2025-01-31,2025-01,28,Metalliferous ores and metal scrap,TAIW,Taiwan,Taiwan,210666000.0,210.666,False,,
2025-02-28,2025-02,28,Metalliferous ores and metal scrap,TAIW,Taiwan,Taiwan,90849000.0,90.849,False,,
2025-03-31,2025-03,28,Metalliferous ores and metal scrap,TAIW,Taiwan,Taiwan,193954000.0,193.954,False,,
2025-04-30,2025-04,28,Metalliferous ores and metal scrap,TAIW,Taiwan,Taiwan,180865000.0,180.865,False,,
2025-05-31,2025-05,28,Metalliferous ores and metal scrap,TAIW,Taiwan,Taiwan,126955000.0,126.955,False,,
2025-06-30,2025-06,28,Metalliferous ores and metal scrap,TAIW,Taiwan,Taiwan,168312000.0,168.312,False,,
2025-07-31,2025-07,28,Metalliferous ores and metal scrap,TAIW,Taiwan,Taiwan,166885000.0,166.885,False,,
2025-08-31,2025-08,28,Metalliferous ores and metal scrap,TAIW,Taiwan,Taiwan,163364000.0,163.364,False,,
2025-09-30,2025-09,28,Metalliferous ores and metal scrap,TAIW,Taiwan,Taiwan,144762000.0,144.762,False,,
2025-10-31,2025-10,28,Metalliferous ores and metal scrap,TAIW,Taiwan,Taiwan,152492000.0,152.492,False,,
2025-11-30,2025-11,28,Metalliferous ores and metal scrap,TAIW,Taiwan,Taiwan,146541000.0,146.541,False,,
2025-12-31,2025-12,28,Metalliferous ores and metal scrap,TAIW,Taiwan,Taiwan,144532000.0,144.532,False,,
2026-01-31,2026-01,28,Metalliferous ores and metal scrap,TAIW,Taiwan,Taiwan,148046000.0,148.046,False,,
2026-02-28,2026-02,28,Metalliferous ores and metal scrap,TAIW,Taiwan,Taiwan,158280000.0,158.28,False,,
2026-03-31,2026-03,28,Metalliferous ores and metal scrap,TAIW,Taiwan,Taiwan,184672000.0,184.672,False,,
2026-04-30,2026-04,28,Metalliferous ores and metal scrap,TAIW,Taiwan,Taiwan,190642000.0,190.642,False,,
2026-05-31,2026-05,28,Metalliferous ores and metal scrap,TAIW,Taiwan,Taiwan,149943000.0,149.943,False,,
2026-06-30,2026-06,28,Metalliferous ores and metal scrap,TAIW,Taiwan,Taiwan,271832000.0,271.832,False,,
2015-01-31,2015-01,28,Metalliferous ores and metal scrap,THAI,Thailand,Thailand,6773000.0,6.773,False,,
2015-02-28,2015-02,28,Metalliferous ores and metal scrap,THAI,Thailand,Thailand,27748000.0,27.748,False,,
2015-03-31,2015-03,28,Metalliferous ores and metal scrap,THAI,Thailand,Thailand,9060000.0,9.06,False,,
2015-04-30,2015-04,28,Metalliferous ores and metal scrap,THAI,Thailand,Thailand,13067000.0,13.067,False,,
2015-05-31,2015-05,28,Metalliferous ores and metal scrap,THAI,Thailand,Thailand,25284000.0,25.284,False,,
2015-06-30,2015-06,28,Metalliferous ores and metal scrap,THAI,Thailand,Thailand,30115000.0,30.115,False,,
2015-07-31,2015-07,28,Metalliferous ores and metal scrap,THAI,Thailand,Thailand,6659000.0,6.659,False,,
2015-08-31,2015-08,28,Metalliferous ores and metal scrap,THAI,Thailand,Thailand,14470000.0,14.47,False,,
2015-09-30,2015-09,28,Metalliferous ores and metal scrap,THAI,Thailand,Thailand,15222000.0,15.222,False,,
2015-10-31,2015-10,28,Metalliferous ores and metal scrap,THAI,Thailand,Thailand,4047000.0,4.047,False,,
2015-11-30,2015-11,28,Metalliferous ores and metal scrap,THAI,Thailand,Thailand,11080000.0,11.08,False,,
2015-12-31,2015-12,28,Metalliferous ores and metal scrap,THAI,Thailand,Thailand,5099000.0,5.099,False,,
2016-01-31,2016-01,28,Metalliferous ores and metal scrap,THAI,Thailand,Thailand,3592000.0,3.592,False,,
2016-02-29,2016-02,28,Metalliferous ores and metal scrap,THAI,Thailand,Thailand,20319000.0,20.319,False,,
2016-03-31,2016-03,28,Metalliferous ores and metal scrap,THAI,Thailand,Thailand,4602000.0,4.602,False,,
2016-04-30,2016-04,28,Metalliferous ores and metal scrap,THAI,Thailand,Thailand,18180000.0,18.18,False,,
2016-05-31,2016-05,28,Metalliferous ores and metal scrap,THAI,Thailand,Thailand,15141000.0,15.141,False,,
2016-06-30,2016-06,28,Metalliferous ores and metal scrap,THAI,Thailand,Thailand,16346000.0,16.346,False,,
2016-07-31,2016-07,28,Metalliferous ores and metal scrap,THAI,Thailand,Thailand,5759000.0,5.759,False,,
2016-08-31,2016-08,28,Metalliferous ores and metal scrap,THAI,Thailand,Thailand,5440000.0,5.44,False,,
2016-09-30,2016-09,28,Metalliferous ores and metal scrap,THAI,Thailand,Thailand,7039000.0,7.039,False,,
2016-10-31,2016-10,28,Metalliferous ores and metal scrap,THAI,Thailand,Thailand,8654000.0,8.654,False,,
2016-11-30,2016-11,28,Metalliferous ores and metal scrap,THAI,Thailand,Thailand,6953000.0,6.953,False,,
2016-12-31,2016-12,28,Metalliferous ores and metal scrap,THAI,Thailand,Thailand,7899000.0,7.899,False,,
2017-01-31,2017-01,28,Metalliferous ores and metal scrap,THAI,Thailand,Thailand,7323000.0,7.323,False,,
2017-02-28,2017-02,28,Metalliferous ores and metal scrap,THAI,Thailand,Thailand,6316000.0,6.316,False,,
2017-03-31,2017-03,28,Metalliferous ores and metal scrap,THAI,Thailand,Thailand,8753000.0,8.753,False,,
2017-04-30,2017-04,28,Metalliferous ores and metal scrap,THAI,Thailand,Thailand,9825000.0,9.825,False,,
2017-05-31,2017-05,28,Metalliferous ores and metal scrap,THAI,Thailand,Thailand,5807000.0,5.807,False,,
2017-06-30,2017-06,28,Metalliferous ores and metal scrap,THAI,Thailand,Thailand,17025000.0,17.025,False,,
2017-07-31,2017-07,28,Metalliferous ores and metal scrap,THAI,Thailand,Thailand,12434000.0,12.434,False,,
2017-08-31,2017-08,28,Metalliferous ores and metal scrap,THAI,Thailand,Thailand,13734000.0,13.734,False,,
2017-09-30,2017-09,28,Metalliferous ores and metal scrap,THAI,Thailand,Thailand,11988000.0,11.988,False,,
2017-10-31,2017-10,28,Metalliferous ores and metal scrap,THAI,Thailand,Thailand,11849000.0,11.849,False,,
2017-11-30,2017-11,28,Metalliferous ores and metal scrap,THAI,Thailand,Thailand,7885000.0,7.885,False,,
2017-12-31,2017-12,28,Metalliferous ores and metal scrap,THAI,Thailand,Thailand,9496000.0,9.496,False,,
2018-01-31,2018-01,28,Metalliferous ores and metal scrap,THAI,Thailand,Thailand,6822000.0,6.822,False,,
2018-02-28,2018-02,28,Metalliferous ores and metal scrap,THAI,Thailand,Thailand,9769000.0,9.769,False,,
2018-03-31,2018-03,28,Metalliferous ores and metal scrap,THAI,Thailand,Thailand,7849000.0,7.849,False,,
2018-04-30,2018-04,28,Metalliferous ores and metal scrap,THAI,Thailand,Thailand,4338000.0,4.338,False,,
2018-05-31,2018-05,28,Metalliferous ores and metal scrap,THAI,Thailand,Thailand,6433000.0,6.433,False,,
2018-06-30,2018-06,28,Metalliferous ores and metal scrap,THAI,Thailand,Thailand,9165000.0,9.165,False,,
2018-07-31,2018-07,28,Metalliferous ores and metal scrap,THAI,Thailand,Thailand,16539000.0,16.539,False,,
2018-08-31,2018-08,28,Metalliferous ores and metal scrap,THAI,Thailand,Thailand,15360000.0,15.36,False,,
2018-09-30,2018-09,28,Metalliferous ores and metal scrap,THAI,Thailand,Thailand,26212000.0,26.212,False,,
2018-10-31,2018-10,28,Metalliferous ores and metal scrap,THAI,Thailand,Thailand,8057000.0,8.057,False,,
2018-11-30,2018-11,28,Metalliferous ores and metal scrap,THAI,Thailand,Thailand,8527000.0,8.527,False,,
2018-12-31,2018-12,28,Metalliferous ores and metal scrap,THAI,Thailand,Thailand,9398000.0,9.398,False,,
2019-01-31,2019-01,28,Metalliferous ores and metal scrap,THAI,Thailand,Thailand,2190000.0,2.19,False,,
2019-02-28,2019-02,28,Metalliferous ores and metal scrap,THAI,Thailand,Thailand,5653000.0,5.653,False,,
2019-03-31,2019-03,28,Metalliferous ores and metal scrap,THAI,Thailand,Thailand,5883000.0,5.883,False,,
2019-04-30,2019-04,28,Metalliferous ores and metal scrap,THAI,Thailand,Thailand,9201000.0,9.201,False,,
2019-05-31,2019-05,28,Metalliferous ores and metal scrap,THAI,Thailand,Thailand,8866000.0,8.866,False,,
2019-06-30,2019-06,28,Metalliferous ores and metal scrap,THAI,Thailand,Thailand,8006000.0,8.006,False,,
2019-07-31,2019-07,28,Metalliferous ores and metal scrap,THAI,Thailand,Thailand,10041000.0,10.041,False,,
2019-08-31,2019-08,28,Metalliferous ores and metal scrap,THAI,Thailand,Thailand,11701000.0,11.701,False,,
2019-09-30,2019-09,28,Metalliferous ores and metal scrap,THAI,Thailand,Thailand,12769000.0,12.769,False,,
2019-10-31,2019-10,28,Metalliferous ores and metal scrap,THAI,Thailand,Thailand,9835000.0,9.835,False,,
2019-11-30,2019-11,28,Metalliferous ores and metal scrap,THAI,Thailand,Thailand,7150000.0,7.15,False,,
2019-12-31,2019-12,28,Metalliferous ores and metal scrap,THAI,Thailand,Thailand,11262000.0,11.262,False,,
2020-01-31,2020-01,28,Metalliferous ores and metal scrap,THAI,Thailand,Thailand,8485000.0,8.485,False,,
2020-02-29,2020-02,28,Metalliferous ores and metal scrap,THAI,Thailand,Thailand,5363000.0,5.363,False,,
2020-03-31,2020-03,28,Metalliferous ores and metal scrap,THAI,Thailand,Thailand,9822000.0,9.822,False,,
2020-04-30,2020-04,28,Metalliferous ores and metal scrap,THAI,Thailand,Thailand,12392000.0,12.392,False,,
2020-05-31,2020-05,28,Metalliferous ores and metal scrap,THAI,Thailand,Thailand,5905000.0,5.905,False,,
2020-06-30,2020-06,28,Metalliferous ores and metal scrap,THAI,Thailand,Thailand,11154000.0,11.154,False,,
2020-07-31,2020-07,28,Metalliferous ores and metal scrap,THAI,Thailand,Thailand,7530000.0,7.53,False,,
2020-08-31,2020-08,28,Metalliferous ores and metal scrap,THAI,Thailand,Thailand,8859000.0,8.859,False,,
2020-09-30,2020-09,28,Metalliferous ores and metal scrap,THAI,Thailand,Thailand,5227000.0,5.227,False,,
2020-10-31,2020-10,28,Metalliferous ores and metal scrap,THAI,Thailand,Thailand,9391000.0,9.391,False,,
2020-11-30,2020-11,28,Metalliferous ores and metal scrap,THAI,Thailand,Thailand,9996000.0,9.996,False,,
2020-12-31,2020-12,28,Metalliferous ores and metal scrap,THAI,Thailand,Thailand,10251000.0,10.251,False,,
2021-01-31,2021-01,28,Metalliferous ores and metal scrap,THAI,Thailand,Thailand,9923000.0,9.923,False,,
2021-02-28,2021-02,28,Metalliferous ores and metal scrap,THAI,Thailand,Thailand,10038000.0,10.038,False,,
2021-03-31,2021-03,28,Metalliferous ores and metal scrap,THAI,Thailand,Thailand,15942000.0,15.942,False,,
2021-04-30,2021-04,28,Metalliferous ores and metal scrap,THAI,Thailand,Thailand,21748000.0,21.748,False,,
2021-05-31,2021-05,28,Metalliferous ores and metal scrap,THAI,Thailand,Thailand,31188000.0,31.188,False,,
2021-06-30,2021-06,28,Metalliferous ores and metal scrap,THAI,Thailand,Thailand,38041000.0,38.041,False,,
2021-07-31,2021-07,28,Metalliferous ores and metal scrap,THAI,Thailand,Thailand,31325000.0,31.325,False,,
2021-08-31,2021-08,28,Metalliferous ores and metal scrap,THAI,Thailand,Thailand,29149000.0,29.149,False,,
2021-09-30,2021-09,28,Metalliferous ores and metal scrap,THAI,Thailand,Thailand,18755000.0,18.755,False,,
2021-10-31,2021-10,28,Metalliferous ores and metal scrap,THAI,Thailand,Thailand,23745000.0,23.745,False,,
2021-11-30,2021-11,28,Metalliferous ores and metal scrap,THAI,Thailand,Thailand,31788000.0,31.788,False,,
2021-12-31,2021-12,28,Metalliferous ores and metal scrap,THAI,Thailand,Thailand,31646000.0,31.646,False,,
2022-01-31,2022-01,28,Metalliferous ores and metal scrap,THAI,Thailand,Thailand,29814000.0,29.814,False,,
2022-02-28,2022-02,28,Metalliferous ores and metal scrap,THAI,Thailand,Thailand,27487000.0,27.487,False,,
2022-03-31,2022-03,28,Metalliferous ores and metal scrap,THAI,Thailand,Thailand,34564000.0,34.564,False,,
2022-04-30,2022-04,28,Metalliferous ores and metal scrap,THAI,Thailand,Thailand,31744000.0,31.744,False,,
2022-05-31,2022-05,28,Metalliferous ores and metal scrap,THAI,Thailand,Thailand,39010000.0,39.01,False,,
2022-06-30,2022-06,28,Metalliferous ores and metal scrap,THAI,Thailand,Thailand,34736000.0,34.736,False,,
2022-07-31,2022-07,28,Metalliferous ores and metal scrap,THAI,Thailand,Thailand,36242000.0,36.242,False,,
2022-08-31,2022-08,28,Metalliferous ores and metal scrap,THAI,Thailand,Thailand,27726000.0,27.726,False,,
2022-09-30,2022-09,28,Metalliferous ores and metal scrap,THAI,Thailand,Thailand,24175000.0,24.175,False,,
2022-10-31,2022-10,28,Metalliferous ores and metal scrap,THAI,Thailand,Thailand,32949000.0,32.949,False,,
2022-11-30,2022-11,28,Metalliferous ores and metal scrap,THAI,Thailand,Thailand,34588000.0,34.588,False,,
2022-12-31,2022-12,28,Metalliferous ores and metal scrap,THAI,Thailand,Thailand,52907000.0,52.907,False,,
2023-01-31,2023-01,28,Metalliferous ores and metal scrap,THAI,Thailand,Thailand,31269000.0,31.269,False,,
2023-02-28,2023-02,28,Metalliferous ores and metal scrap,THAI,Thailand,Thailand,51677000.0,51.677,False,,
2023-03-31,2023-03,28,Metalliferous ores and metal scrap,THAI,Thailand,Thailand,40753000.0,40.753,False,,
2023-04-30,2023-04,28,Metalliferous ores and metal scrap,THAI,Thailand,Thailand,37115000.0,37.115,False,,
2023-05-31,2023-05,28,Metalliferous ores and metal scrap,THAI,Thailand,Thailand,34170000.0,34.17,False,,
2023-06-30,2023-06,28,Metalliferous ores and metal scrap,THAI,Thailand,Thailand,32392000.0,32.392,False,,
2023-07-31,2023-07,28,Metalliferous ores and metal scrap,THAI,Thailand,Thailand,39642000.0,39.642,False,,
2023-08-31,2023-08,28,Metalliferous ores and metal scrap,THAI,Thailand,Thailand,30513000.0,30.513,False,,
2023-09-30,2023-09,28,Metalliferous ores and metal scrap,THAI,Thailand,Thailand,38284000.0,38.284,False,,
2023-10-31,2023-10,28,Metalliferous ores and metal scrap,THAI,Thailand,Thailand,36682000.0,36.682,False,,
2023-11-30,2023-11,28,Metalliferous ores and metal scrap,THAI,Thailand,Thailand,37224000.0,37.224,False,,
2023-12-31,2023-12,28,Metalliferous ores and metal scrap,THAI,Thailand,Thailand,37160000.0,37.16,False,,
2024-01-31,2024-01,28,Metalliferous ores and metal scrap,THAI,Thailand,Thailand,34724000.0,34.724,False,,
2024-02-29,2024-02,28,Metalliferous ores and metal scrap,THAI,Thailand,Thailand,37747000.0,37.747,False,,
2024-03-31,2024-03,28,Metalliferous ores and metal scrap,THAI,Thailand,Thailand,50693000.0,50.693,False,,
2024-04-30,2024-04,28,Metalliferous ores and metal scrap,THAI,Thailand,Thailand,34935000.0,34.935,False,,
2024-05-31,2024-05,28,Metalliferous ores and metal scrap,THAI,Thailand,Thailand,29144000.0,29.144,False,,
2024-06-30,2024-06,28,Metalliferous ores and metal scrap,THAI,Thailand,Thailand,29709000.0,29.709,False,,
2024-07-31,2024-07,28,Metalliferous ores and metal scrap,THAI,Thailand,Thailand,25723000.0,25.723,False,,
2024-08-31,2024-08,28,Metalliferous ores and metal scrap,THAI,Thailand,Thailand,39409000.0,39.409,False,,
2024-09-30,2024-09,28,Metalliferous ores and metal scrap,THAI,Thailand,Thailand,38320000.0,38.32,False,,
2024-10-31,2024-10,28,Metalliferous ores and metal scrap,THAI,Thailand,Thailand,38175000.0,38.175,False,,
2024-11-30,2024-11,28,Metalliferous ores and metal scrap,THAI,Thailand,Thailand,63685000.0,63.685,False,,
2024-12-31,2024-12,28,Metalliferous ores and metal scrap,THAI,Thailand,Thailand,46861000.0,46.861,False,,
2025-01-31,2025-01,28,Metalliferous ores and metal scrap,THAI,Thailand,Thailand,33853000.0,33.853,False,,
2025-02-28,2025-02,28,Metalliferous ores and metal scrap,THAI,Thailand,Thailand,44898000.0,44.898,False,,
2025-03-31,2025-03,28,Metalliferous ores and metal scrap,THAI,Thailand,Thailand,57035000.0,57.035,False,,
2025-04-30,2025-04,28,Metalliferous ores and metal scrap,THAI,Thailand,Thailand,56165000.0,56.165,False,,
2025-05-31,2025-05,28,Metalliferous ores and metal scrap,THAI,Thailand,Thailand,50882000.0,50.882,False,,
2025-06-30,2025-06,28,Metalliferous ores and metal scrap,THAI,Thailand,Thailand,41465000.0,41.465,False,,
2025-07-31,2025-07,28,Metalliferous ores and metal scrap,THAI,Thailand,Thailand,37990000.0,37.99,False,,
2025-08-31,2025-08,28,Metalliferous ores and metal scrap,THAI,Thailand,Thailand,25438000.0,25.438,False,,
2025-09-30,2025-09,28,Metalliferous ores and metal scrap,THAI,Thailand,Thailand,45168000.0,45.168,False,,
2025-10-31,2025-10,28,Metalliferous ores and metal scrap,THAI,Thailand,Thailand,44865000.0,44.865,False,,
2025-11-30,2025-11,28,Metalliferous ores and metal scrap,THAI,Thailand,Thailand,59426000.0,59.426,False,,
2025-12-31,2025-12,28,Metalliferous ores and metal scrap,THAI,Thailand,Thailand,59679000.0,59.679,False,,
2026-01-31,2026-01,28,Metalliferous ores and metal scrap,THAI,Thailand,Thailand,52090000.0,52.09,False,,
2026-02-28,2026-02,28,Metalliferous ores and metal scrap,THAI,Thailand,Thailand,52328000.0,52.328,False,,
2026-03-31,2026-03,28,Metalliferous ores and metal scrap,THAI,Thailand,Thailand,55196000.0,55.196,False,,
2026-04-30,2026-04,28,Metalliferous ores and metal scrap,THAI,Thailand,Thailand,60802000.0,60.802,False,,
2026-05-31,2026-05,28,Metalliferous ores and metal scrap,THAI,Thailand,Thailand,67748000.0,67.748,False,,
2026-06-30,2026-06,28,Metalliferous ores and metal scrap,THAI,Thailand,Thailand,66497000.0,66.497,False,,
2015-01-31,2015-01,28,Metalliferous ores and metal scrap,VIET,Vietnam,Vietnam,2700000.0,2.7,False,,
2015-02-28,2015-02,28,Metalliferous ores and metal scrap,VIET,Vietnam,Vietnam,12552000.0,12.552,False,,
2015-03-31,2015-03,28,Metalliferous ores and metal scrap,VIET,Vietnam,Vietnam,21385000.0,21.385,False,,
2015-04-30,2015-04,28,Metalliferous ores and metal scrap,VIET,Vietnam,Vietnam,6746000.0,6.746,False,,
2015-05-31,2015-05,28,Metalliferous ores and metal scrap,VIET,Vietnam,Vietnam,6710000.0,6.71,False,,
2015-06-30,2015-06,28,Metalliferous ores and metal scrap,VIET,Vietnam,Vietnam,17565000.0,17.565,False,,
2015-07-31,2015-07,28,Metalliferous ores and metal scrap,VIET,Vietnam,Vietnam,19280000.0,19.28,False,,
2015-08-31,2015-08,28,Metalliferous ores and metal scrap,VIET,Vietnam,Vietnam,9585000.0,9.585,False,,
2015-09-30,2015-09,28,Metalliferous ores and metal scrap,VIET,Vietnam,Vietnam,7727000.0,7.727,False,,
2015-10-31,2015-10,28,Metalliferous ores and metal scrap,VIET,Vietnam,Vietnam,2886000.0,2.886,False,,
2015-11-30,2015-11,28,Metalliferous ores and metal scrap,VIET,Vietnam,Vietnam,3003000.0,3.003,False,,
2015-12-31,2015-12,28,Metalliferous ores and metal scrap,VIET,Vietnam,Vietnam,2695000.0,2.695,False,,
2016-01-31,2016-01,28,Metalliferous ores and metal scrap,VIET,Vietnam,Vietnam,9320000.0,9.32,False,,
2016-02-29,2016-02,28,Metalliferous ores and metal scrap,VIET,Vietnam,Vietnam,2543000.0,2.543,False,,
2016-03-31,2016-03,28,Metalliferous ores and metal scrap,VIET,Vietnam,Vietnam,2602000.0,2.602,False,,
2016-04-30,2016-04,28,Metalliferous ores and metal scrap,VIET,Vietnam,Vietnam,23352000.0,23.352,False,,
2016-05-31,2016-05,28,Metalliferous ores and metal scrap,VIET,Vietnam,Vietnam,8647000.0,8.647,False,,
2016-06-30,2016-06,28,Metalliferous ores and metal scrap,VIET,Vietnam,Vietnam,20842000.0,20.842,False,,
2016-07-31,2016-07,28,Metalliferous ores and metal scrap,VIET,Vietnam,Vietnam,23972000.0,23.972,False,,
2016-08-31,2016-08,28,Metalliferous ores and metal scrap,VIET,Vietnam,Vietnam,5640000.0,5.64,False,,
2016-09-30,2016-09,28,Metalliferous ores and metal scrap,VIET,Vietnam,Vietnam,22966000.0,22.966,False,,
2016-10-31,2016-10,28,Metalliferous ores and metal scrap,VIET,Vietnam,Vietnam,12230000.0,12.23,False,,
2016-11-30,2016-11,28,Metalliferous ores and metal scrap,VIET,Vietnam,Vietnam,1144000.0,1.144,False,,
2016-12-31,2016-12,28,Metalliferous ores and metal scrap,VIET,Vietnam,Vietnam,14290000.0,14.29,False,,
2017-01-31,2017-01,28,Metalliferous ores and metal scrap,VIET,Vietnam,Vietnam,4901000.0,4.901,False,,
2017-02-28,2017-02,28,Metalliferous ores and metal scrap,VIET,Vietnam,Vietnam,11470000.0,11.47,False,,
2017-03-31,2017-03,28,Metalliferous ores and metal scrap,VIET,Vietnam,Vietnam,7539000.0,7.539,False,,
2017-04-30,2017-04,28,Metalliferous ores and metal scrap,VIET,Vietnam,Vietnam,18705000.0,18.705,False,,
2017-05-31,2017-05,28,Metalliferous ores and metal scrap,VIET,Vietnam,Vietnam,14930000.0,14.93,False,,
2017-06-30,2017-06,28,Metalliferous ores and metal scrap,VIET,Vietnam,Vietnam,20465000.0,20.465,False,,
2017-07-31,2017-07,28,Metalliferous ores and metal scrap,VIET,Vietnam,Vietnam,56424000.0,56.424,False,,
2017-08-31,2017-08,28,Metalliferous ores and metal scrap,VIET,Vietnam,Vietnam,31880000.0,31.88,False,,
2017-09-30,2017-09,28,Metalliferous ores and metal scrap,VIET,Vietnam,Vietnam,24824000.0,24.824,False,,
2017-10-31,2017-10,28,Metalliferous ores and metal scrap,VIET,Vietnam,Vietnam,53318000.0,53.318,False,,
2017-11-30,2017-11,28,Metalliferous ores and metal scrap,VIET,Vietnam,Vietnam,51523000.0,51.523,False,,
2017-12-31,2017-12,28,Metalliferous ores and metal scrap,VIET,Vietnam,Vietnam,80924000.0,80.924,False,,
2018-01-31,2018-01,28,Metalliferous ores and metal scrap,VIET,Vietnam,Vietnam,11920000.0,11.92,False,,
2018-02-28,2018-02,28,Metalliferous ores and metal scrap,VIET,Vietnam,Vietnam,28620000.0,28.62,False,,
2018-03-31,2018-03,28,Metalliferous ores and metal scrap,VIET,Vietnam,Vietnam,46757000.0,46.757,False,,
2018-04-30,2018-04,28,Metalliferous ores and metal scrap,VIET,Vietnam,Vietnam,32168000.0,32.168,False,,
2018-05-31,2018-05,28,Metalliferous ores and metal scrap,VIET,Vietnam,Vietnam,46102000.0,46.102,False,,
2018-06-30,2018-06,28,Metalliferous ores and metal scrap,VIET,Vietnam,Vietnam,79312000.0,79.312,False,,
2018-07-31,2018-07,28,Metalliferous ores and metal scrap,VIET,Vietnam,Vietnam,38682000.0,38.682,False,,
2018-08-31,2018-08,28,Metalliferous ores and metal scrap,VIET,Vietnam,Vietnam,87925000.0,87.925,False,,
2018-09-30,2018-09,28,Metalliferous ores and metal scrap,VIET,Vietnam,Vietnam,65111000.0,65.111,False,,
2018-10-31,2018-10,28,Metalliferous ores and metal scrap,VIET,Vietnam,Vietnam,65023000.0,65.023,False,,
2018-11-30,2018-11,28,Metalliferous ores and metal scrap,VIET,Vietnam,Vietnam,69940000.0,69.94,False,,
2018-12-31,2018-12,28,Metalliferous ores and metal scrap,VIET,Vietnam,Vietnam,111836000.0,111.836,False,,
2019-01-31,2019-01,28,Metalliferous ores and metal scrap,VIET,Vietnam,Vietnam,47638000.0,47.638,False,,
2019-02-28,2019-02,28,Metalliferous ores and metal scrap,VIET,Vietnam,Vietnam,69900000.0,69.9,False,,
2019-03-31,2019-03,28,Metalliferous ores and metal scrap,VIET,Vietnam,Vietnam,77296000.0,77.296,False,,
2019-04-30,2019-04,28,Metalliferous ores and metal scrap,VIET,Vietnam,Vietnam,136717000.0,136.717,False,,
2019-05-31,2019-05,28,Metalliferous ores and metal scrap,VIET,Vietnam,Vietnam,67388000.0,67.388,False,,
2019-06-30,2019-06,28,Metalliferous ores and metal scrap,VIET,Vietnam,Vietnam,124773000.0,124.773,False,,
2019-07-31,2019-07,28,Metalliferous ores and metal scrap,VIET,Vietnam,Vietnam,82915000.0,82.915,False,,
2019-08-31,2019-08,28,Metalliferous ores and metal scrap,VIET,Vietnam,Vietnam,79567000.0,79.567,False,,
2019-09-30,2019-09,28,Metalliferous ores and metal scrap,VIET,Vietnam,Vietnam,66669000.0,66.669,False,,
2019-10-31,2019-10,28,Metalliferous ores and metal scrap,VIET,Vietnam,Vietnam,69569000.0,69.569,False,,
2019-11-30,2019-11,28,Metalliferous ores and metal scrap,VIET,Vietnam,Vietnam,67861000.0,67.861,False,,
2019-12-31,2019-12,28,Metalliferous ores and metal scrap,VIET,Vietnam,Vietnam,42708000.0,42.708,False,,
2020-01-31,2020-01,28,Metalliferous ores and metal scrap,VIET,Vietnam,Vietnam,63746000.0,63.746,False,,
2020-02-29,2020-02,28,Metalliferous ores and metal scrap,VIET,Vietnam,Vietnam,98338000.0,98.338,False,,
2020-03-31,2020-03,28,Metalliferous ores and metal scrap,VIET,Vietnam,Vietnam,105257000.0,105.257,False,,
2020-04-30,2020-04,28,Metalliferous ores and metal scrap,VIET,Vietnam,Vietnam,81222000.0,81.222,False,,
2020-05-31,2020-05,28,Metalliferous ores and metal scrap,VIET,Vietnam,Vietnam,111328000.0,111.328,False,,
2020-06-30,2020-06,28,Metalliferous ores and metal scrap,VIET,Vietnam,Vietnam,70106000.0,70.106,False,,
2020-07-31,2020-07,28,Metalliferous ores and metal scrap,VIET,Vietnam,Vietnam,44847000.0,44.847,False,,
2020-08-31,2020-08,28,Metalliferous ores and metal scrap,VIET,Vietnam,Vietnam,122357000.0,122.357,False,,
2020-09-30,2020-09,28,Metalliferous ores and metal scrap,VIET,Vietnam,Vietnam,136224000.0,136.224,False,,
2020-10-31,2020-10,28,Metalliferous ores and metal scrap,VIET,Vietnam,Vietnam,128749000.0,128.749,False,,
2020-11-30,2020-11,28,Metalliferous ores and metal scrap,VIET,Vietnam,Vietnam,143992000.0,143.992,False,,
2020-12-31,2020-12,28,Metalliferous ores and metal scrap,VIET,Vietnam,Vietnam,156823000.0,156.823,False,,
2021-01-31,2021-01,28,Metalliferous ores and metal scrap,VIET,Vietnam,Vietnam,169916000.0,169.916,False,,
2021-02-28,2021-02,28,Metalliferous ores and metal scrap,VIET,Vietnam,Vietnam,245773000.0,245.773,False,,
2021-03-31,2021-03,28,Metalliferous ores and metal scrap,VIET,Vietnam,Vietnam,192392000.0,192.392,False,,
2021-04-30,2021-04,28,Metalliferous ores and metal scrap,VIET,Vietnam,Vietnam,168465000.0,168.465,False,,
2021-05-31,2021-05,28,Metalliferous ores and metal scrap,VIET,Vietnam,Vietnam,256961000.0,256.961,False,,
2021-06-30,2021-06,28,Metalliferous ores and metal scrap,VIET,Vietnam,Vietnam,192982000.0,192.982,False,,
2021-07-31,2021-07,28,Metalliferous ores and metal scrap,VIET,Vietnam,Vietnam,197886000.0,197.886,False,,
2021-08-31,2021-08,28,Metalliferous ores and metal scrap,VIET,Vietnam,Vietnam,153206000.0,153.206,False,,
2021-09-30,2021-09,28,Metalliferous ores and metal scrap,VIET,Vietnam,Vietnam,142943000.0,142.943,False,,
2021-10-31,2021-10,28,Metalliferous ores and metal scrap,VIET,Vietnam,Vietnam,159727000.0,159.727,False,,
2021-11-30,2021-11,28,Metalliferous ores and metal scrap,VIET,Vietnam,Vietnam,74356000.0,74.356,False,,
2021-12-31,2021-12,28,Metalliferous ores and metal scrap,VIET,Vietnam,Vietnam,168385000.0,168.385,False,,
2022-01-31,2022-01,28,Metalliferous ores and metal scrap,VIET,Vietnam,Vietnam,108540000.0,108.54,False,,
2022-02-28,2022-02,28,Metalliferous ores and metal scrap,VIET,Vietnam,Vietnam,126424000.0,126.424,False,,
2022-03-31,2022-03,28,Metalliferous ores and metal scrap,VIET,Vietnam,Vietnam,155358000.0,155.358,False,,
2022-04-30,2022-04,28,Metalliferous ores and metal scrap,VIET,Vietnam,Vietnam,270687000.0,270.687,False,,
2022-05-31,2022-05,28,Metalliferous ores and metal scrap,VIET,Vietnam,Vietnam,170117000.0,170.117,False,,
2022-06-30,2022-06,28,Metalliferous ores and metal scrap,VIET,Vietnam,Vietnam,185121000.0,185.121,False,,
2022-07-31,2022-07,28,Metalliferous ores and metal scrap,VIET,Vietnam,Vietnam,61839000.0,61.839,False,,
2022-08-31,2022-08,28,Metalliferous ores and metal scrap,VIET,Vietnam,Vietnam,41641000.0,41.641,False,,
2022-09-30,2022-09,28,Metalliferous ores and metal scrap,VIET,Vietnam,Vietnam,126086000.0,126.086,False,,
2022-10-31,2022-10,28,Metalliferous ores and metal scrap,VIET,Vietnam,Vietnam,67907000.0,67.907,False,,
2022-11-30,2022-11,28,Metalliferous ores and metal scrap,VIET,Vietnam,Vietnam,81215000.0,81.215,False,,
2022-12-31,2022-12,28,Metalliferous ores and metal scrap,VIET,Vietnam,Vietnam,48199000.0,48.199,False,,
2023-01-31,2023-01,28,Metalliferous ores and metal scrap,VIET,Vietnam,Vietnam,126293000.0,126.293,False,,
2023-02-28,2023-02,28,Metalliferous ores and metal scrap,VIET,Vietnam,Vietnam,118475000.0,118.475,False,,
2023-03-31,2023-03,28,Metalliferous ores and metal scrap,VIET,Vietnam,Vietnam,154322000.0,154.322,False,,
2023-04-30,2023-04,28,Metalliferous ores and metal scrap,VIET,Vietnam,Vietnam,178712000.0,178.712,False,,
2023-05-31,2023-05,28,Metalliferous ores and metal scrap,VIET,Vietnam,Vietnam,48704000.0,48.704,False,,
2023-06-30,2023-06,28,Metalliferous ores and metal scrap,VIET,Vietnam,Vietnam,53453000.0,53.453,False,,
2023-07-31,2023-07,28,Metalliferous ores and metal scrap,VIET,Vietnam,Vietnam,168415000.0,168.415,False,,
2023-08-31,2023-08,28,Metalliferous ores and metal scrap,VIET,Vietnam,Vietnam,156733000.0,156.733,False,,
2023-09-30,2023-09,28,Metalliferous ores and metal scrap,VIET,Vietnam,Vietnam,72241000.0,72.241,False,,
2023-10-31,2023-10,28,Metalliferous ores and metal scrap,VIET,Vietnam,Vietnam,155314000.0,155.314,False,,
2023-11-30,2023-11,28,Metalliferous ores and metal scrap,VIET,Vietnam,Vietnam,99271000.0,99.271,False,,
2023-12-31,2023-12,28,Metalliferous ores and metal scrap,VIET,Vietnam,Vietnam,114152000.0,114.152,False,,
2024-01-31,2024-01,28,Metalliferous ores and metal scrap,VIET,Vietnam,Vietnam,111196000.0,111.196,False,,
2024-02-29,2024-02,28,Metalliferous ores and metal scrap,VIET,Vietnam,Vietnam,181882000.0,181.882,False,,
2024-03-31,2024-03,28,Metalliferous ores and metal scrap,VIET,Vietnam,Vietnam,78284000.0,78.284,False,,
2024-04-30,2024-04,28,Metalliferous ores and metal scrap,VIET,Vietnam,Vietnam,169208000.0,169.208,False,,
2024-05-31,2024-05,28,Metalliferous ores and metal scrap,VIET,Vietnam,Vietnam,182735000.0,182.735,False,,
2024-06-30,2024-06,28,Metalliferous ores and metal scrap,VIET,Vietnam,Vietnam,96308000.0,96.308,False,,
2024-07-31,2024-07,28,Metalliferous ores and metal scrap,VIET,Vietnam,Vietnam,157234000.0,157.234,False,,
2024-08-31,2024-08,28,Metalliferous ores and metal scrap,VIET,Vietnam,Vietnam,179658000.0,179.658,False,,
2024-09-30,2024-09,28,Metalliferous ores and metal scrap,VIET,Vietnam,Vietnam,91612000.0,91.612,False,,
2024-10-31,2024-10,28,Metalliferous ores and metal scrap,VIET,Vietnam,Vietnam,125782000.0,125.782,False,,
2024-11-30,2024-11,28,Metalliferous ores and metal scrap,VIET,Vietnam,Vietnam,155579000.0,155.579,False,,
2024-12-31,2024-12,28,Metalliferous ores and metal scrap,VIET,Vietnam,Vietnam,108660000.0,108.66,False,,
2025-01-31,2025-01,28,Metalliferous ores and metal scrap,VIET,Vietnam,Vietnam,126174000.0,126.174,False,,
2025-02-28,2025-02,28,Metalliferous ores and metal scrap,VIET,Vietnam,Vietnam,96980000.0,96.98,False,,
2025-03-31,2025-03,28,Metalliferous ores and metal scrap,VIET,Vietnam,Vietnam,293823000.0,293.823,False,,
2025-04-30,2025-04,28,Metalliferous ores and metal scrap,VIET,Vietnam,Vietnam,145452000.0,145.452,False,,
2025-05-31,2025-05,28,Metalliferous ores and metal scrap,VIET,Vietnam,Vietnam,161210000.0,161.21,False,,
2025-06-30,2025-06,28,Metalliferous ores and metal scrap,VIET,Vietnam,Vietnam,85666000.0,85.666,False,,
2025-07-31,2025-07,28,Metalliferous ores and metal scrap,VIET,Vietnam,Vietnam,95986000.0,95.986,False,,
2025-08-31,2025-08,28,Metalliferous ores and metal scrap,VIET,Vietnam,Vietnam,128633000.0,128.633,False,,
2025-09-30,2025-09,28,Metalliferous ores and metal scrap,VIET,Vietnam,Vietnam,82324000.0,82.324,False,,
2025-10-31,2025-10,28,Metalliferous ores and metal scrap,VIET,Vietnam,Vietnam,158190000.0,158.19,False,,
2025-11-30,2025-11,28,Metalliferous ores and metal scrap,VIET,Vietnam,Vietnam,100320000.0,100.32,False,,
2025-12-31,2025-12,28,Metalliferous ores and metal scrap,VIET,Vietnam,Vietnam,214802000.0,214.802,False,,
2026-01-31,2026-01,28,Metalliferous ores and metal scrap,VIET,Vietnam,Vietnam,78061000.0,78.061,False,,
2026-02-28,2026-02,28,Metalliferous ores and metal scrap,VIET,Vietnam,Vietnam,142651000.0,142.651,False,,
2026-03-31,2026-03,28,Metalliferous ores and metal scrap,VIET,Vietnam,Vietnam,153748000.0,153.748,False,,
2026-04-30,2026-04,28,Metalliferous ores and metal scrap,VIET,Vietnam,Vietnam,146493000.0,146.493,False,,
2026-05-31,2026-05,28,Metalliferous ores and metal scrap,VIET,Vietnam,Vietnam,212814000.0,212.814,False,,
2026-06-30,2026-06,28,Metalliferous ores and metal scrap,VIET,Vietnam,Vietnam,149807000.0,149.807,False,,
2015-01-31,2015-01,67,Iron and steel,CHIN,China,China (excludes SARs and Taiwan),606000.0,0.606,False,,
2015-02-28,2015-02,67,Iron and steel,CHIN,China,China (excludes SARs and Taiwan),147000.0,0.147,False,,
2015-03-31,2015-03,67,Iron and steel,CHIN,China,China (excludes SARs and Taiwan),353000.0,0.353,False,,
2015-04-30,2015-04,67,Iron and steel,CHIN,China,China (excludes SARs and Taiwan),126000.0,0.126,False,,
2015-05-31,2015-05,67,Iron and steel,CHIN,China,China (excludes SARs and Taiwan),530000.0,0.53,False,,
2015-06-30,2015-06,67,Iron and steel,CHIN,China,China (excludes SARs and Taiwan),546000.0,0.546,False,,
2015-07-31,2015-07,67,Iron and steel,CHIN,China,China (excludes SARs and Taiwan),263000.0,0.263,False,,
2015-08-31,2015-08,67,Iron and steel,CHIN,China,China (excludes SARs and Taiwan),553000.0,0.553,False,,
2015-09-30,2015-09,67,Iron and steel,CHIN,China,China (excludes SARs and Taiwan),474000.0,0.474,False,,
2015-10-31,2015-10,67,Iron and steel,CHIN,China,China (excludes SARs and Taiwan),549000.0,0.549,False,,
2015-11-30,2015-11,67,Iron and steel,CHIN,China,China (excludes SARs and Taiwan),388000.0,0.388,False,,
2015-12-31,2015-12,67,Iron and steel,CHIN,China,China (excludes SARs and Taiwan),213000.0,0.213,False,,
2016-01-31,2016-01,67,Iron and steel,CHIN,China,China (excludes SARs and Taiwan),109000.0,0.109,False,,
2016-02-29,2016-02,67,Iron and steel,CHIN,China,China (excludes SARs and Taiwan),395000.0,0.395,False,,
2016-03-31,2016-03,67,Iron and steel,CHIN,China,China (excludes SARs and Taiwan),232000.0,0.232,False,,
2016-04-30,2016-04,67,Iron and steel,CHIN,China,China (excludes SARs and Taiwan),249000.0,0.249,False,,
2016-05-31,2016-05,67,Iron and steel,CHIN,China,China (excludes SARs and Taiwan),623000.0,0.623,False,,
2016-06-30,2016-06,67,Iron and steel,CHIN,China,China (excludes SARs and Taiwan),530000.0,0.53,False,,
2016-07-31,2016-07,67,Iron and steel,CHIN,China,China (excludes SARs and Taiwan),351000.0,0.351,False,,
2016-08-31,2016-08,67,Iron and steel,CHIN,China,China (excludes SARs and Taiwan),294000.0,0.294,False,,
2016-09-30,2016-09,67,Iron and steel,CHIN,China,China (excludes SARs and Taiwan),115000.0,0.115,False,,
2016-10-31,2016-10,67,Iron and steel,CHIN,China,China (excludes SARs and Taiwan),215000.0,0.215,False,,
2016-11-30,2016-11,67,Iron and steel,CHIN,China,China (excludes SARs and Taiwan),403000.0,0.403,False,,
2016-12-31,2016-12,67,Iron and steel,CHIN,China,China (excludes SARs and Taiwan),273000.0,0.273,False,,
2017-01-31,2017-01,67,Iron and steel,CHIN,China,China (excludes SARs and Taiwan),168000.0,0.168,False,,
2017-02-28,2017-02,67,Iron and steel,CHIN,China,China (excludes SARs and Taiwan),216000.0,0.216,False,,
2017-03-31,2017-03,67,Iron and steel,CHIN,China,China (excludes SARs and Taiwan),537000.0,0.537,False,,
2017-04-30,2017-04,67,Iron and steel,CHIN,China,China (excludes SARs and Taiwan),371000.0,0.371,False,,
2017-05-31,2017-05,67,Iron and steel,CHIN,China,China (excludes SARs and Taiwan),332000.0,0.332,False,,
2017-06-30,2017-06,67,Iron and steel,CHIN,China,China (excludes SARs and Taiwan),517000.0,0.517,False,,
2017-07-31,2017-07,67,Iron and steel,CHIN,China,China (excludes SARs and Taiwan),409000.0,0.409,False,,
2017-08-31,2017-08,67,Iron and steel,CHIN,China,China (excludes SARs and Taiwan),863000.0,0.863,False,,
2017-09-30,2017-09,67,Iron and steel,CHIN,China,China (excludes SARs and Taiwan),393000.0,0.393,False,,
2017-10-31,2017-10,67,Iron and steel,CHIN,China,China (excludes SARs and Taiwan),405000.0,0.405,False,,
2017-11-30,2017-11,67,Iron and steel,CHIN,China,China (excludes SARs and Taiwan),465000.0,0.465,False,,
2017-12-31,2017-12,67,Iron and steel,CHIN,China,China (excludes SARs and Taiwan),263000.0,0.263,False,,
2018-01-31,2018-01,67,Iron and steel,CHIN,China,China (excludes SARs and Taiwan),2950000.0,2.95,False,,
2018-02-28,2018-02,67,Iron and steel,CHIN,China,China (excludes SARs and Taiwan),800000.0,0.8,False,,
2018-03-31,2018-03,67,Iron and steel,CHIN,China,China (excludes SARs and Taiwan),566000.0,0.566,False,,
2018-04-30,2018-04,67,Iron and steel,CHIN,China,China (excludes SARs and Taiwan),453000.0,0.453,False,,
2018-05-31,2018-05,67,Iron and steel,CHIN,China,China (excludes SARs and Taiwan),448000.0,0.448,False,,
2018-06-30,2018-06,67,Iron and steel,CHIN,China,China (excludes SARs and Taiwan),1784000.0,1.784,False,,
2018-07-31,2018-07,67,Iron and steel,CHIN,China,China (excludes SARs and Taiwan),494000.0,0.494,False,,
2018-08-31,2018-08,67,Iron and steel,CHIN,China,China (excludes SARs and Taiwan),460000.0,0.46,False,,
2018-09-30,2018-09,67,Iron and steel,CHIN,China,China (excludes SARs and Taiwan),944000.0,0.944,False,,
2018-10-31,2018-10,67,Iron and steel,CHIN,China,China (excludes SARs and Taiwan),492000.0,0.492,False,,
2018-11-30,2018-11,67,Iron and steel,CHIN,China,China (excludes SARs and Taiwan),1556000.0,1.556,False,,
2018-12-31,2018-12,67,Iron and steel,CHIN,China,China (excludes SARs and Taiwan),1585000.0,1.585,False,,
2019-01-31,2019-01,67,Iron and steel,CHIN,China,China (excludes SARs and Taiwan),723000.0,0.723,False,,
2019-02-28,2019-02,67,Iron and steel,CHIN,China,China (excludes SARs and Taiwan),600000.0,0.6,False,,
2019-03-31,2019-03,67,Iron and steel,CHIN,China,China (excludes SARs and Taiwan),384000.0,0.384,False,,
2019-04-30,2019-04,67,Iron and steel,CHIN,China,China (excludes SARs and Taiwan),628000.0,0.628,False,,
2019-05-31,2019-05,67,Iron and steel,CHIN,China,China (excludes SARs and Taiwan),715000.0,0.715,False,,
2019-06-30,2019-06,67,Iron and steel,CHIN,China,China (excludes SARs and Taiwan),1893000.0,1.893,False,,
2019-07-31,2019-07,67,Iron and steel,CHIN,China,China (excludes SARs and Taiwan),4767000.0,4.767,False,,
2019-08-31,2019-08,67,Iron and steel,CHIN,China,China (excludes SARs and Taiwan),3541000.0,3.541,False,,
2019-09-30,2019-09,67,Iron and steel,CHIN,China,China (excludes SARs and Taiwan),694000.0,0.694,False,,
2019-10-31,2019-10,67,Iron and steel,CHIN,China,China (excludes SARs and Taiwan),1061000.0,1.061,False,,
2019-11-30,2019-11,67,Iron and steel,CHIN,China,China (excludes SARs and Taiwan),1364000.0,1.364,False,,
2019-12-31,2019-12,67,Iron and steel,CHIN,China,China (excludes SARs and Taiwan),933000.0,0.933,False,,
2020-01-31,2020-01,67,Iron and steel,CHIN,China,China (excludes SARs and Taiwan),869000.0,0.869,False,,
2020-02-29,2020-02,67,Iron and steel,CHIN,China,China (excludes SARs and Taiwan),810000.0,0.81,False,,
2020-03-31,2020-03,67,Iron and steel,CHIN,China,China (excludes SARs and Taiwan),954000.0,0.954,False,,
2020-04-30,2020-04,67,Iron and steel,CHIN,China,China (excludes SARs and Taiwan),948000.0,0.948,False,,
2020-05-31,2020-05,67,Iron and steel,CHIN,China,China (excludes SARs and Taiwan),708000.0,0.708,False,,
2020-06-30,2020-06,67,Iron and steel,CHIN,China,China (excludes SARs and Taiwan),580000.0,0.58,False,,
2020-07-31,2020-07,67,Iron and steel,CHIN,China,China (excludes SARs and Taiwan),689000.0,0.689,False,,
2020-08-31,2020-08,67,Iron and steel,CHIN,China,China (excludes SARs and Taiwan),353000.0,0.353,False,,
2020-09-30,2020-09,67,Iron and steel,CHIN,China,China (excludes SARs and Taiwan),15933000.0,15.933,False,,
2020-10-31,2020-10,67,Iron and steel,CHIN,China,China (excludes SARs and Taiwan),503000.0,0.503,False,,
2020-11-30,2020-11,67,Iron and steel,CHIN,China,China (excludes SARs and Taiwan),383000.0,0.383,False,,
2020-12-31,2020-12,67,Iron and steel,CHIN,China,China (excludes SARs and Taiwan),742000.0,0.742,False,,
2021-01-31,2021-01,67,Iron and steel,CHIN,China,China (excludes SARs and Taiwan),347000.0,0.347,False,,
2021-02-28,2021-02,67,Iron and steel,CHIN,China,China (excludes SARs and Taiwan),733000.0,0.733,False,,
2021-03-31,2021-03,67,Iron and steel,CHIN,China,China (excludes SARs and Taiwan),266000.0,0.266,False,,
2021-04-30,2021-04,67,Iron and steel,CHIN,China,China (excludes SARs and Taiwan),268000.0,0.268,False,,
2021-05-31,2021-05,67,Iron and steel,CHIN,China,China (excludes SARs and Taiwan),416000.0,0.416,False,,
2021-06-30,2021-06,67,Iron and steel,CHIN,China,China (excludes SARs and Taiwan),427000.0,0.427,False,,
2021-07-31,2021-07,67,Iron and steel,CHIN,China,China (excludes SARs and Taiwan),317000.0,0.317,False,,
2021-08-31,2021-08,67,Iron and steel,CHIN,China,China (excludes SARs and Taiwan),383000.0,0.383,False,,
2021-09-30,2021-09,67,Iron and steel,CHIN,China,China (excludes SARs and Taiwan),209000.0,0.209,False,,
2021-10-31,2021-10,67,Iron and steel,CHIN,China,China (excludes SARs and Taiwan),203000.0,0.203,False,,
2021-11-30,2021-11,67,Iron and steel,CHIN,China,China (excludes SARs and Taiwan),430000.0,0.43,False,,
2021-12-31,2021-12,67,Iron and steel,CHIN,China,China (excludes SARs and Taiwan),398000.0,0.398,False,,
2022-01-31,2022-01,67,Iron and steel,CHIN,China,China (excludes SARs and Taiwan),16000.0,0.016,False,,
2022-02-28,2022-02,67,Iron and steel,CHIN,China,China (excludes SARs and Taiwan),351000.0,0.351,False,,
2022-03-31,2022-03,67,Iron and steel,CHIN,China,China (excludes SARs and Taiwan),466000.0,0.466,False,,
2022-04-30,2022-04,67,Iron and steel,CHIN,China,China (excludes SARs and Taiwan),726000.0,0.726,False,,
2022-05-31,2022-05,67,Iron and steel,CHIN,China,China (excludes SARs and Taiwan),838000.0,0.838,False,,
2022-06-30,2022-06,67,Iron and steel,CHIN,China,China (excludes SARs and Taiwan),627000.0,0.627,False,,
2022-07-31,2022-07,67,Iron and steel,CHIN,China,China (excludes SARs and Taiwan),521000.0,0.521,False,,
2022-08-31,2022-08,67,Iron and steel,CHIN,China,China (excludes SARs and Taiwan),512000.0,0.512,False,,
2022-09-30,2022-09,67,Iron and steel,CHIN,China,China (excludes SARs and Taiwan),668000.0,0.668,False,,
2022-10-31,2022-10,67,Iron and steel,CHIN,China,China (excludes SARs and Taiwan),257000.0,0.257,False,,
2022-11-30,2022-11,67,Iron and steel,CHIN,China,China (excludes SARs and Taiwan),337000.0,0.337,False,,
2022-12-31,2022-12,67,Iron and steel,CHIN,China,China (excludes SARs and Taiwan),586000.0,0.586,False,,
2023-01-31,2023-01,67,Iron and steel,CHIN,China,China (excludes SARs and Taiwan),260000.0,0.26,False,,
2023-02-28,2023-02,67,Iron and steel,CHIN,China,China (excludes SARs and Taiwan),536000.0,0.536,False,,
2023-03-31,2023-03,67,Iron and steel,CHIN,China,China (excludes SARs and Taiwan),866000.0,0.866,False,,
2023-04-30,2023-04,67,Iron and steel,CHIN,China,China (excludes SARs and Taiwan),222000.0,0.222,False,,
2023-05-31,2023-05,67,Iron and steel,CHIN,China,China (excludes SARs and Taiwan),1171000.0,1.171,False,,
2023-06-30,2023-06,67,Iron and steel,CHIN,China,China (excludes SARs and Taiwan),609000.0,0.609,False,,
2023-07-31,2023-07,67,Iron and steel,CHIN,China,China (excludes SARs and Taiwan),716000.0,0.716,False,,
2023-08-31,2023-08,67,Iron and steel,CHIN,China,China (excludes SARs and Taiwan),1583000.0,1.583,False,,
2023-09-30,2023-09,67,Iron and steel,CHIN,China,China (excludes SARs and Taiwan),406000.0,0.406,False,,
2023-10-31,2023-10,67,Iron and steel,CHIN,China,China (excludes SARs and Taiwan),1049000.0,1.049,False,,
2023-11-30,2023-11,67,Iron and steel,CHIN,China,China (excludes SARs and Taiwan),1020000.0,1.02,False,,
2023-12-31,2023-12,67,Iron and steel,CHIN,China,China (excludes SARs and Taiwan),516000.0,0.516,False,,
2024-01-31,2024-01,67,Iron and steel,CHIN,China,China (excludes SARs and Taiwan),578000.0,0.578,False,,
2024-02-29,2024-02,67,Iron and steel,CHIN,China,China (excludes SARs and Taiwan),521000.0,0.521,False,,
2024-03-31,2024-03,67,Iron and steel,CHIN,China,China (excludes SARs and Taiwan),1669000.0,1.669,False,,
2024-04-30,2024-04,67,Iron and steel,CHIN,China,China (excludes SARs and Taiwan),444000.0,0.444,False,,
2024-05-31,2024-05,67,Iron and steel,CHIN,China,China (excludes SARs and Taiwan),1159000.0,1.159,False,,
2024-06-30,2024-06,67,Iron and steel,CHIN,China,China (excludes SARs and Taiwan),1403000.0,1.403,False,,
2024-07-31,2024-07,67,Iron and steel,CHIN,China,China (excludes SARs and Taiwan),502000.0,0.502,False,,
2024-08-31,2024-08,67,Iron and steel,CHIN,China,China (excludes SARs and Taiwan),326000.0,0.326,False,,
2024-09-30,2024-09,67,Iron and steel,CHIN,China,China (excludes SARs and Taiwan),1267000.0,1.267,False,,
2024-10-31,2024-10,67,Iron and steel,CHIN,China,China (excludes SARs and Taiwan),166000.0,0.166,False,,
2024-11-30,2024-11,67,Iron and steel,CHIN,China,China (excludes SARs and Taiwan),1283000.0,1.283,False,,
2024-12-31,2024-12,67,Iron and steel,CHIN,China,China (excludes SARs and Taiwan),78000.0,0.078,False,,
2025-01-31,2025-01,67,Iron and steel,CHIN,China,China (excludes SARs and Taiwan),65000.0,0.065,False,,
2025-02-28,2025-02,67,Iron and steel,CHIN,China,China (excludes SARs and Taiwan),141000.0,0.141,False,,
2025-03-31,2025-03,67,Iron and steel,CHIN,China,China (excludes SARs and Taiwan),1591000.0,1.591,False,,
2025-04-30,2025-04,67,Iron and steel,CHIN,China,China (excludes SARs and Taiwan),106000.0,0.106,False,,
2025-05-31,2025-05,67,Iron and steel,CHIN,China,China (excludes SARs and Taiwan),560000.0,0.56,False,,
2025-06-30,2025-06,67,Iron and steel,CHIN,China,China (excludes SARs and Taiwan),481000.0,0.481,False,,
2025-07-31,2025-07,67,Iron and steel,CHIN,China,China (excludes SARs and Taiwan),191000.0,0.191,False,,
2025-08-31,2025-08,67,Iron and steel,CHIN,China,China (excludes SARs and Taiwan),646000.0,0.646,False,,
2025-09-30,2025-09,67,Iron and steel,CHIN,China,China (excludes SARs and Taiwan),407000.0,0.407,False,,
2025-10-31,2025-10,67,Iron and steel,CHIN,China,China (excludes SARs and Taiwan),788000.0,0.788,False,,
2025-11-30,2025-11,67,Iron and steel,CHIN,China,China (excludes SARs and Taiwan),840000.0,0.84,False,,
2025-12-31,2025-12,67,Iron and steel,CHIN,China,China (excludes SARs and Taiwan),1135000.0,1.135,False,,
2026-01-31,2026-01,67,Iron and steel,CHIN,China,China (excludes SARs and Taiwan),857000.0,0.857,False,,
2026-02-28,2026-02,67,Iron and steel,CHIN,China,China (excludes SARs and Taiwan),2291000.0,2.291,False,,
2026-03-31,2026-03,67,Iron and steel,CHIN,China,China (excludes SARs and Taiwan),1232000.0,1.232,False,,
2026-04-30,2026-04,67,Iron and steel,CHIN,China,China (excludes SARs and Taiwan),374000.0,0.374,False,,
2026-05-31,2026-05,67,Iron and steel,CHIN,China,China (excludes SARs and Taiwan),2078000.0,2.078,False,,
2026-06-30,2026-06,67,Iron and steel,CHIN,China,China (excludes SARs and Taiwan),1138000.0,1.138,False,,
2015-01-31,2015-01,67,Iron and steel,INIA,India,India,80000.0,0.08,False,,
2015-02-28,2015-02,67,Iron and steel,INIA,India,India,407000.0,0.407,False,,
2015-03-31,2015-03,67,Iron and steel,INIA,India,India,782000.0,0.782,False,,
2015-04-30,2015-04,67,Iron and steel,INIA,India,India,162000.0,0.162,False,,
2015-05-31,2015-05,67,Iron and steel,INIA,India,India,723000.0,0.723,False,,
2015-06-30,2015-06,67,Iron and steel,INIA,India,India,725000.0,0.725,False,,
2015-07-31,2015-07,67,Iron and steel,INIA,India,India,219000.0,0.219,False,,
2015-08-31,2015-08,67,Iron and steel,INIA,India,India,412000.0,0.412,False,,
2015-09-30,2015-09,67,Iron and steel,INIA,India,India,177000.0,0.177,False,,
2015-10-31,2015-10,67,Iron and steel,INIA,India,India,316000.0,0.316,False,,
2015-11-30,2015-11,67,Iron and steel,INIA,India,India,356000.0,0.356,False,,
2015-12-31,2015-12,67,Iron and steel,INIA,India,India,576000.0,0.576,False,,
2016-01-31,2016-01,67,Iron and steel,INIA,India,India,196000.0,0.196,False,,
2016-02-29,2016-02,67,Iron and steel,INIA,India,India,635000.0,0.635,False,,
2016-03-31,2016-03,67,Iron and steel,INIA,India,India,57000.0,0.057,False,,
2016-04-30,2016-04,67,Iron and steel,INIA,India,India,292000.0,0.292,False,,
2016-05-31,2016-05,67,Iron and steel,INIA,India,India,242000.0,0.242,False,,
2016-06-30,2016-06,67,Iron and steel,INIA,India,India,544000.0,0.544,False,,
2016-07-31,2016-07,67,Iron and steel,INIA,India,India,73000.0,0.073,False,,
2016-08-31,2016-08,67,Iron and steel,INIA,India,India,71000.0,0.071,False,,
2016-09-30,2016-09,67,Iron and steel,INIA,India,India,247000.0,0.247,False,,
2016-10-31,2016-10,67,Iron and steel,INIA,India,India,206000.0,0.206,False,,
2016-11-30,2016-11,67,Iron and steel,INIA,India,India,237000.0,0.237,False,,
2016-12-31,2016-12,67,Iron and steel,INIA,India,India,650000.0,0.65,False,,
2017-01-31,2017-01,67,Iron and steel,INIA,India,India,187000.0,0.187,False,,
2017-02-28,2017-02,67,Iron and steel,INIA,India,India,210000.0,0.21,False,,
2017-03-31,2017-03,67,Iron and steel,INIA,India,India,189000.0,0.189,False,,
2017-04-30,2017-04,67,Iron and steel,INIA,India,India,144000.0,0.144,False,,
2017-05-31,2017-05,67,Iron and steel,INIA,India,India,499000.0,0.499,False,,
2017-06-30,2017-06,67,Iron and steel,INIA,India,India,329000.0,0.329,False,,
2017-07-31,2017-07,67,Iron and steel,INIA,India,India,451000.0,0.451,False,,
2017-08-31,2017-08,67,Iron and steel,INIA,India,India,312000.0,0.312,False,,
2017-09-30,2017-09,67,Iron and steel,INIA,India,India,995000.0,0.995,False,,
2017-10-31,2017-10,67,Iron and steel,INIA,India,India,505000.0,0.505,False,,
2017-11-30,2017-11,67,Iron and steel,INIA,India,India,561000.0,0.561,False,,
2017-12-31,2017-12,67,Iron and steel,INIA,India,India,190000.0,0.19,False,,
2018-01-31,2018-01,67,Iron and steel,INIA,India,India,495000.0,0.495,False,,
2018-02-28,2018-02,67,Iron and steel,INIA,India,India,569000.0,0.569,False,,
2018-03-31,2018-03,67,Iron and steel,INIA,India,India,453000.0,0.453,False,,
2018-04-30,2018-04,67,Iron and steel,INIA,India,India,225000.0,0.225,False,,
2018-05-31,2018-05,67,Iron and steel,INIA,India,India,1005000.0,1.005,False,,
2018-06-30,2018-06,67,Iron and steel,INIA,India,India,1353000.0,1.353,False,,
2018-07-31,2018-07,67,Iron and steel,INIA,India,India,424000.0,0.424,False,,
2018-08-31,2018-08,67,Iron and steel,INIA,India,India,293000.0,0.293,False,,
2018-09-30,2018-09,67,Iron and steel,INIA,India,India,62000.0,0.062,False,,
2018-10-31,2018-10,67,Iron and steel,INIA,India,India,79000.0,0.079,False,,
2018-11-30,2018-11,67,Iron and steel,INIA,India,India,674000.0,0.674,False,,
2018-12-31,2018-12,67,Iron and steel,INIA,India,India,2044000.0,2.044,False,,
2019-01-31,2019-01,67,Iron and steel,INIA,India,India,94000.0,0.094,False,,
2019-02-28,2019-02,67,Iron and steel,INIA,India,India,354000.0,0.354,False,,
2019-03-31,2019-03,67,Iron and steel,INIA,India,India,198000.0,0.198,False,,
2019-04-30,2019-04,67,Iron and steel,INIA,India,India,409000.0,0.409,False,,
2019-05-31,2019-05,67,Iron and steel,INIA,India,India,522000.0,0.522,False,,
2019-06-30,2019-06,67,Iron and steel,INIA,India,India,236000.0,0.236,False,,
2019-07-31,2019-07,67,Iron and steel,INIA,India,India,401000.0,0.401,False,,
2019-08-31,2019-08,67,Iron and steel,INIA,India,India,386000.0,0.386,False,,
2019-09-30,2019-09,67,Iron and steel,INIA,India,India,37000.0,0.037,False,,
2019-10-31,2019-10,67,Iron and steel,INIA,India,India,504000.0,0.504,False,,
2019-11-30,2019-11,67,Iron and steel,INIA,India,India,528000.0,0.528,False,,
2019-12-31,2019-12,67,Iron and steel,INIA,India,India,788000.0,0.788,False,,
2020-01-31,2020-01,67,Iron and steel,INIA,India,India,223000.0,0.223,False,,
2020-02-29,2020-02,67,Iron and steel,INIA,India,India,799000.0,0.799,False,,
2020-03-31,2020-03,67,Iron and steel,INIA,India,India,560000.0,0.56,False,,
2020-04-30,2020-04,67,Iron and steel,INIA,India,India,44000.0,0.044,False,,
2020-05-31,2020-05,67,Iron and steel,INIA,India,India,192000.0,0.192,False,,
2020-06-30,2020-06,67,Iron and steel,INIA,India,India,480000.0,0.48,False,,
2020-07-31,2020-07,67,Iron and steel,INIA,India,India,409000.0,0.409,False,,
2020-08-31,2020-08,67,Iron and steel,INIA,India,India,346000.0,0.346,False,,
2020-09-30,2020-09,67,Iron and steel,INIA,India,India,287000.0,0.287,False,,
2020-10-31,2020-10,67,Iron and steel,INIA,India,India,475000.0,0.475,False,,
2020-11-30,2020-11,67,Iron and steel,INIA,India,India,561000.0,0.561,False,,
2020-12-31,2020-12,67,Iron and steel,INIA,India,India,386000.0,0.386,False,,
2021-01-31,2021-01,67,Iron and steel,INIA,India,India,420000.0,0.42,False,,
2021-02-28,2021-02,67,Iron and steel,INIA,India,India,173000.0,0.173,False,,
2021-03-31,2021-03,67,Iron and steel,INIA,India,India,114000.0,0.114,False,,
2021-04-30,2021-04,67,Iron and steel,INIA,India,India,455000.0,0.455,False,,
2021-05-31,2021-05,67,Iron and steel,INIA,India,India,521000.0,0.521,False,,
2021-06-30,2021-06,67,Iron and steel,INIA,India,India,46000.0,0.046,False,,
2021-07-31,2021-07,67,Iron and steel,INIA,India,India,871000.0,0.871,False,,
2021-08-31,2021-08,67,Iron and steel,INIA,India,India,10000.0,0.01,False,,
2021-09-30,2021-09,67,Iron and steel,INIA,India,India,563000.0,0.563,False,,
2021-10-31,2021-10,67,Iron and steel,INIA,India,India,164000.0,0.164,False,,
2021-11-30,2021-11,67,Iron and steel,INIA,India,India,671000.0,0.671,False,,
2021-12-31,2021-12,67,Iron and steel,INIA,India,India,334000.0,0.334,False,,
2022-01-31,2022-01,67,Iron and steel,INIA,India,India,232000.0,0.232,False,,
2022-02-28,2022-02,67,Iron and steel,INIA,India,India,64000.0,0.064,False,,
2022-03-31,2022-03,67,Iron and steel,INIA,India,India,534000.0,0.534,False,,
2022-04-30,2022-04,67,Iron and steel,INIA,India,India,73000.0,0.073,False,,
2022-05-31,2022-05,67,Iron and steel,INIA,India,India,1354000.0,1.354,False,,
2022-06-30,2022-06,67,Iron and steel,INIA,India,India,772000.0,0.772,False,,
2022-07-31,2022-07,67,Iron and steel,INIA,India,India,64000.0,0.064,False,,
2022-08-31,2022-08,67,Iron and steel,INIA,India,India,1171000.0,1.171,False,,
2022-09-30,2022-09,67,Iron and steel,INIA,India,India,1327000.0,1.327,False,,
2022-10-31,2022-10,67,Iron and steel,INIA,India,India,507000.0,0.507,False,,
2022-11-30,2022-11,67,Iron and steel,INIA,India,India,676000.0,0.676,False,,
2022-12-31,2022-12,67,Iron and steel,INIA,India,India,867000.0,0.867,False,,
2023-01-31,2023-01,67,Iron and steel,INIA,India,India,625000.0,0.625,False,,
2023-02-28,2023-02,67,Iron and steel,INIA,India,India,1014000.0,1.014,False,,
2023-03-31,2023-03,67,Iron and steel,INIA,India,India,1952000.0,1.952,False,,
2023-04-30,2023-04,67,Iron and steel,INIA,India,India,1920000.0,1.92,False,,
2023-05-31,2023-05,67,Iron and steel,INIA,India,India,1654000.0,1.654,False,,
2023-06-30,2023-06,67,Iron and steel,INIA,India,India,2573000.0,2.573,False,,
2023-07-31,2023-07,67,Iron and steel,INIA,India,India,2488000.0,2.488,False,,
2023-08-31,2023-08,67,Iron and steel,INIA,India,India,1957000.0,1.957,False,,
2023-09-30,2023-09,67,Iron and steel,INIA,India,India,2314000.0,2.314,False,,
2023-10-31,2023-10,67,Iron and steel,INIA,India,India,3239000.0,3.239,False,,
2023-11-30,2023-11,67,Iron and steel,INIA,India,India,2569000.0,2.569,False,,
2023-12-31,2023-12,67,Iron and steel,INIA,India,India,2698000.0,2.698,False,,
2024-01-31,2024-01,67,Iron and steel,INIA,India,India,180000.0,0.18,False,,
2024-02-29,2024-02,67,Iron and steel,INIA,India,India,795000.0,0.795,False,,
2024-03-31,2024-03,67,Iron and steel,INIA,India,India,2050000.0,2.05,False,,
2024-04-30,2024-04,67,Iron and steel,INIA,India,India,886000.0,0.886,False,,
2024-05-31,2024-05,67,Iron and steel,INIA,India,India,1204000.0,1.204,False,,
2024-06-30,2024-06,67,Iron and steel,INIA,India,India,2337000.0,2.337,False,,
2024-07-31,2024-07,67,Iron and steel,INIA,India,India,8000.0,0.008,False,,
2024-08-31,2024-08,67,Iron and steel,INIA,India,India,1241000.0,1.241,False,,
2024-09-30,2024-09,67,Iron and steel,INIA,India,India,941000.0,0.941,False,,
2024-10-31,2024-10,67,Iron and steel,INIA,India,India,1465000.0,1.465,False,,
2024-11-30,2024-11,67,Iron and steel,INIA,India,India,29000.0,0.029,False,,
2024-12-31,2024-12,67,Iron and steel,INIA,India,India,1036000.0,1.036,False,,
2025-01-31,2025-01,67,Iron and steel,INIA,India,India,7044000.0,7.044,False,,
2025-02-28,2025-02,67,Iron and steel,INIA,India,India,796000.0,0.796,False,,
2025-03-31,2025-03,67,Iron and steel,INIA,India,India,531000.0,0.531,False,,
2025-04-30,2025-04,67,Iron and steel,INIA,India,India,408000.0,0.408,False,,
2025-05-31,2025-05,67,Iron and steel,INIA,India,India,19000.0,0.019,False,,
2025-06-30,2025-06,67,Iron and steel,INIA,India,India,342000.0,0.342,False,,
2025-07-31,2025-07,67,Iron and steel,INIA,India,India,200000.0,0.2,False,,
2025-08-31,2025-08,67,Iron and steel,INIA,India,India,219000.0,0.219,False,,
2025-09-30,2025-09,67,Iron and steel,INIA,India,India,662000.0,0.662,False,,
2025-10-31,2025-10,67,Iron and steel,INIA,India,India,364000.0,0.364,False,,
2025-11-30,2025-11,67,Iron and steel,INIA,India,India,697000.0,0.697,False,,
2025-12-31,2025-12,67,Iron and steel,INIA,India,India,95000.0,0.095,False,,
2026-01-31,2026-01,67,Iron and steel,INIA,India,India,131000.0,0.131,False,,
2026-02-28,2026-02,67,Iron and steel,INIA,India,India,146000.0,0.146,False,,
2026-03-31,2026-03,67,Iron and steel,INIA,India,India,869000.0,0.869,False,,
2026-04-30,2026-04,67,Iron and steel,INIA,India,India,488000.0,0.488,False,,
2026-05-31,2026-05,67,Iron and steel,INIA,India,India,1680000.0,1.68,False,,
2026-06-30,2026-06,67,Iron and steel,INIA,India,India,196000.0,0.196,False,,
2015-01-31,2015-01,67,Iron and steel,JAP,Japan,Japan,357000.0,0.357,False,,
2015-02-28,2015-02,67,Iron and steel,JAP,Japan,Japan,451000.0,0.451,False,,
2015-03-31,2015-03,67,Iron and steel,JAP,Japan,Japan,188000.0,0.188,False,,
2015-04-30,2015-04,67,Iron and steel,JAP,Japan,Japan,284000.0,0.284,False,,
2015-05-31,2015-05,67,Iron and steel,JAP,Japan,Japan,296000.0,0.296,False,,
2015-06-30,2015-06,67,Iron and steel,JAP,Japan,Japan,352000.0,0.352,False,,
2015-07-31,2015-07,67,Iron and steel,JAP,Japan,Japan,444000.0,0.444,False,,
2015-08-31,2015-08,67,Iron and steel,JAP,Japan,Japan,459000.0,0.459,False,,
2015-09-30,2015-09,67,Iron and steel,JAP,Japan,Japan,444000.0,0.444,False,,
2015-10-31,2015-10,67,Iron and steel,JAP,Japan,Japan,464000.0,0.464,False,,
2015-11-30,2015-11,67,Iron and steel,JAP,Japan,Japan,425000.0,0.425,False,,
2015-12-31,2015-12,67,Iron and steel,JAP,Japan,Japan,416000.0,0.416,False,,
2016-01-31,2016-01,67,Iron and steel,JAP,Japan,Japan,140000.0,0.14,False,,
2016-02-29,2016-02,67,Iron and steel,JAP,Japan,Japan,620000.0,0.62,False,,
2016-03-31,2016-03,67,Iron and steel,JAP,Japan,Japan,266000.0,0.266,False,,
2016-04-30,2016-04,67,Iron and steel,JAP,Japan,Japan,291000.0,0.291,False,,
2016-05-31,2016-05,67,Iron and steel,JAP,Japan,Japan,503000.0,0.503,False,,
2016-06-30,2016-06,67,Iron and steel,JAP,Japan,Japan,693000.0,0.693,False,,
2016-07-31,2016-07,67,Iron and steel,JAP,Japan,Japan,349000.0,0.349,False,,
2016-08-31,2016-08,67,Iron and steel,JAP,Japan,Japan,224000.0,0.224,False,,
2016-09-30,2016-09,67,Iron and steel,JAP,Japan,Japan,489000.0,0.489,False,,
2016-10-31,2016-10,67,Iron and steel,JAP,Japan,Japan,390000.0,0.39,False,,
2016-11-30,2016-11,67,Iron and steel,JAP,Japan,Japan,439000.0,0.439,False,,
2016-12-31,2016-12,67,Iron and steel,JAP,Japan,Japan,318000.0,0.318,False,,
2017-01-31,2017-01,67,Iron and steel,JAP,Japan,Japan,292000.0,0.292,False,,
2017-02-28,2017-02,67,Iron and steel,JAP,Japan,Japan,496000.0,0.496,False,,
2017-03-31,2017-03,67,Iron and steel,JAP,Japan,Japan,83000.0,0.083,False,,
2017-04-30,2017-04,67,Iron and steel,JAP,Japan,Japan,581000.0,0.581,False,,
2017-05-31,2017-05,67,Iron and steel,JAP,Japan,Japan,127000.0,0.127,False,,
2017-06-30,2017-06,67,Iron and steel,JAP,Japan,Japan,541000.0,0.541,False,,
2017-07-31,2017-07,67,Iron and steel,JAP,Japan,Japan,372000.0,0.372,False,,
2017-08-31,2017-08,67,Iron and steel,JAP,Japan,Japan,358000.0,0.358,False,,
2017-09-30,2017-09,67,Iron and steel,JAP,Japan,Japan,334000.0,0.334,False,,
2017-10-31,2017-10,67,Iron and steel,JAP,Japan,Japan,517000.0,0.517,False,,
2017-11-30,2017-11,67,Iron and steel,JAP,Japan,Japan,691000.0,0.691,False,,
2017-12-31,2017-12,67,Iron and steel,JAP,Japan,Japan,382000.0,0.382,False,,
2018-01-31,2018-01,67,Iron and steel,JAP,Japan,Japan,355000.0,0.355,False,,
2018-02-28,2018-02,67,Iron and steel,JAP,Japan,Japan,553000.0,0.553,False,,
2018-03-31,2018-03,67,Iron and steel,JAP,Japan,Japan,620000.0,0.62,False,,
2018-04-30,2018-04,67,Iron and steel,JAP,Japan,Japan,145000.0,0.145,False,,
2018-05-31,2018-05,67,Iron and steel,JAP,Japan,Japan,190000.0,0.19,False,,
2018-06-30,2018-06,67,Iron and steel,JAP,Japan,Japan,291000.0,0.291,False,,
2018-07-31,2018-07,67,Iron and steel,JAP,Japan,Japan,234000.0,0.234,False,,
2018-08-31,2018-08,67,Iron and steel,JAP,Japan,Japan,316000.0,0.316,False,,
2018-09-30,2018-09,67,Iron and steel,JAP,Japan,Japan,400000.0,0.4,False,,
2018-10-31,2018-10,67,Iron and steel,JAP,Japan,Japan,246000.0,0.246,False,,
2018-11-30,2018-11,67,Iron and steel,JAP,Japan,Japan,376000.0,0.376,False,,
2018-12-31,2018-12,67,Iron and steel,JAP,Japan,Japan,1467000.0,1.467,False,,
2019-01-31,2019-01,67,Iron and steel,JAP,Japan,Japan,214000.0,0.214,False,,
2019-02-28,2019-02,67,Iron and steel,JAP,Japan,Japan,622000.0,0.622,False,,
2019-03-31,2019-03,67,Iron and steel,JAP,Japan,Japan,221000.0,0.221,False,,
2019-04-30,2019-04,67,Iron and steel,JAP,Japan,Japan,201000.0,0.201,False,,
2019-05-31,2019-05,67,Iron and steel,JAP,Japan,Japan,29000.0,0.029,False,,
2019-06-30,2019-06,67,Iron and steel,JAP,Japan,Japan,5000.0,0.005,False,,
2019-07-31,2019-07,67,Iron and steel,JAP,Japan,Japan,0.0,0.0,False,,
2019-08-31,2019-08,67,Iron and steel,JAP,Japan,Japan,239000.0,0.239,False,,
2019-09-30,2019-09,67,Iron and steel,JAP,Japan,Japan,297000.0,0.297,False,,
2019-10-31,2019-10,67,Iron and steel,JAP,Japan,Japan,124000.0,0.124,False,,
2019-11-30,2019-11,67,Iron and steel,JAP,Japan,Japan,15000.0,0.015,False,,
2019-12-31,2019-12,67,Iron and steel,JAP,Japan,Japan,137000.0,0.137,False,,
2020-01-31,2020-01,67,Iron and steel,JAP,Japan,Japan,71000.0,0.071,False,,
2020-02-29,2020-02,67,Iron and steel,JAP,Japan,Japan,176000.0,0.176,False,,
2020-03-31,2020-03,67,Iron and steel,JAP,Japan,Japan,92000.0,0.092,False,,
2020-04-30,2020-04,67,Iron and steel,JAP,Japan,Japan,72000.0,0.072,False,,
2020-05-31,2020-05,67,Iron and steel,JAP,Japan,Japan,62000.0,0.062,False,,
2020-06-30,2020-06,67,Iron and steel,JAP,Japan,Japan,109000.0,0.109,False,,
2020-07-31,2020-07,67,Iron and steel,JAP,Japan,Japan,127000.0,0.127,False,,
2020-08-31,2020-08,67,Iron and steel,JAP,Japan,Japan,47000.0,0.047,False,,
2020-09-30,2020-09,67,Iron and steel,JAP,Japan,Japan,72000.0,0.072,False,,
2020-10-31,2020-10,67,Iron and steel,JAP,Japan,Japan,143000.0,0.143,False,,
2020-11-30,2020-11,67,Iron and steel,JAP,Japan,Japan,58000.0,0.058,False,,
2020-12-31,2020-12,67,Iron and steel,JAP,Japan,Japan,125000.0,0.125,False,,
2021-01-31,2021-01,67,Iron and steel,JAP,Japan,Japan,51000.0,0.051,False,,
2021-02-28,2021-02,67,Iron and steel,JAP,Japan,Japan,3000.0,0.003,False,,
2021-03-31,2021-03,67,Iron and steel,JAP,Japan,Japan,66000.0,0.066,False,,
2021-04-30,2021-04,67,Iron and steel,JAP,Japan,Japan,113000.0,0.113,False,,
2021-05-31,2021-05,67,Iron and steel,JAP,Japan,Japan,93000.0,0.093,False,,
2021-06-30,2021-06,67,Iron and steel,JAP,Japan,Japan,28000.0,0.028,False,,
2021-07-31,2021-07,67,Iron and steel,JAP,Japan,Japan,109000.0,0.109,False,,
2021-08-31,2021-08,67,Iron and steel,JAP,Japan,Japan,125000.0,0.125,False,,
2021-09-30,2021-09,67,Iron and steel,JAP,Japan,Japan,143000.0,0.143,False,,
2021-10-31,2021-10,67,Iron and steel,JAP,Japan,Japan,1056000.0,1.056,False,,
2021-11-30,2021-11,67,Iron and steel,JAP,Japan,Japan,2169000.0,2.169,False,,
2021-12-31,2021-12,67,Iron and steel,JAP,Japan,Japan,667000.0,0.667,False,,
2022-01-31,2022-01,67,Iron and steel,JAP,Japan,Japan,2000.0,0.002,False,,
2022-02-28,2022-02,67,Iron and steel,JAP,Japan,Japan,88000.0,0.088,False,,
2022-03-31,2022-03,67,Iron and steel,JAP,Japan,Japan,167000.0,0.167,False,,
2022-04-30,2022-04,67,Iron and steel,JAP,Japan,Japan,90000.0,0.09,False,,
2022-05-31,2022-05,67,Iron and steel,JAP,Japan,Japan,115000.0,0.115,False,,
2022-06-30,2022-06,67,Iron and steel,JAP,Japan,Japan,21000.0,0.021,False,,
2022-07-31,2022-07,67,Iron and steel,JAP,Japan,Japan,7000.0,0.007,False,,
2022-08-31,2022-08,67,Iron and steel,JAP,Japan,Japan,108000.0,0.108,False,,
2022-09-30,2022-09,67,Iron and steel,JAP,Japan,Japan,198000.0,0.198,False,,
2022-10-31,2022-10,67,Iron and steel,JAP,Japan,Japan,83000.0,0.083,False,,
2022-11-30,2022-11,67,Iron and steel,JAP,Japan,Japan,118000.0,0.118,False,,
2022-12-31,2022-12,67,Iron and steel,JAP,Japan,Japan,312000.0,0.312,False,,
2023-01-31,2023-01,67,Iron and steel,JAP,Japan,Japan,165000.0,0.165,False,,
2023-02-28,2023-02,67,Iron and steel,JAP,Japan,Japan,13000.0,0.013,False,,
2023-03-31,2023-03,67,Iron and steel,JAP,Japan,Japan,119000.0,0.119,False,,
2023-04-30,2023-04,67,Iron and steel,JAP,Japan,Japan,241000.0,0.241,False,,
2023-05-31,2023-05,67,Iron and steel,JAP,Japan,Japan,140000.0,0.14,False,,
2023-06-30,2023-06,67,Iron and steel,JAP,Japan,Japan,33000.0,0.033,False,,
2023-07-31,2023-07,67,Iron and steel,JAP,Japan,Japan,11000.0,0.011,False,,
2023-08-31,2023-08,67,Iron and steel,JAP,Japan,Japan,145000.0,0.145,False,,
2023-09-30,2023-09,67,Iron and steel,JAP,Japan,Japan,54000.0,0.054,False,,
2023-10-31,2023-10,67,Iron and steel,JAP,Japan,Japan,11000.0,0.011,False,,
2023-11-30,2023-11,67,Iron and steel,JAP,Japan,Japan,12000.0,0.012,False,,
2023-12-31,2023-12,67,Iron and steel,JAP,Japan,Japan,146000.0,0.146,False,,
2024-01-31,2024-01,67,Iron and steel,JAP,Japan,Japan,11000.0,0.011,False,,
2024-02-29,2024-02,67,Iron and steel,JAP,Japan,Japan,52000.0,0.052,False,,
2024-03-31,2024-03,67,Iron and steel,JAP,Japan,Japan,2000.0,0.002,False,,
2024-04-30,2024-04,67,Iron and steel,JAP,Japan,Japan,46000.0,0.046,False,,
2024-05-31,2024-05,67,Iron and steel,JAP,Japan,Japan,193000.0,0.193,False,,
2024-06-30,2024-06,67,Iron and steel,JAP,Japan,Japan,72000.0,0.072,False,,
2024-07-31,2024-07,67,Iron and steel,JAP,Japan,Japan,10000.0,0.01,False,,
2024-08-31,2024-08,67,Iron and steel,JAP,Japan,Japan,4000.0,0.004,False,,
2024-09-30,2024-09,67,Iron and steel,JAP,Japan,Japan,6000.0,0.006,False,,
2024-10-31,2024-10,67,Iron and steel,JAP,Japan,Japan,10000.0,0.01,False,,
2024-11-30,2024-11,67,Iron and steel,JAP,Japan,Japan,6000.0,0.006,False,,
2024-12-31,2024-12,67,Iron and steel,JAP,Japan,Japan,241000.0,0.241,False,,
2025-01-31,2025-01,67,Iron and steel,JAP,Japan,Japan,281000.0,0.281,False,,
2025-02-28,2025-02,67,Iron and steel,JAP,Japan,Japan,719000.0,0.719,False,,
2025-03-31,2025-03,67,Iron and steel,JAP,Japan,Japan,4000.0,0.004,False,,
2025-04-30,2025-04,67,Iron and steel,JAP,Japan,Japan,228000.0,0.228,False,,
2025-05-31,2025-05,67,Iron and steel,JAP,Japan,Japan,684000.0,0.684,False,,
2025-06-30,2025-06,67,Iron and steel,JAP,Japan,Japan,103000.0,0.103,False,,
2025-07-31,2025-07,67,Iron and steel,JAP,Japan,Japan,426000.0,0.426,False,,
2025-08-31,2025-08,67,Iron and steel,JAP,Japan,Japan,135000.0,0.135,False,,
2025-09-30,2025-09,67,Iron and steel,JAP,Japan,Japan,83000.0,0.083,False,,
2025-10-31,2025-10,67,Iron and steel,JAP,Japan,Japan,487000.0,0.487,False,,
2025-11-30,2025-11,67,Iron and steel,JAP,Japan,Japan,13000.0,0.013,False,,
2025-12-31,2025-12,67,Iron and steel,JAP,Japan,Japan,106000.0,0.106,False,,
2026-01-31,2026-01,67,Iron and steel,JAP,Japan,Japan,118000.0,0.118,False,,
2026-02-28,2026-02,67,Iron and steel,JAP,Japan,Japan,225000.0,0.225,False,,
2026-03-31,2026-03,67,Iron and steel,JAP,Japan,Japan,26000.0,0.026,False,,
2026-04-30,2026-04,67,Iron and steel,JAP,Japan,Japan,31000.0,0.031,False,,
2026-05-31,2026-05,67,Iron and steel,JAP,Japan,Japan,167000.0,0.167,False,,
2026-06-30,2026-06,67,Iron and steel,JAP,Japan,Japan,258000.0,0.258,False,,
2015-01-31,2015-01,67,Iron and steel,MLAY,Malaysia,Malaysia,104000.0,0.104,False,,
2015-02-28,2015-02,67,Iron and steel,MLAY,Malaysia,Malaysia,75000.0,0.075,False,,
2015-03-31,2015-03,67,Iron and steel,MLAY,Malaysia,Malaysia,125000.0,0.125,False,,
2015-04-30,2015-04,67,Iron and steel,MLAY,Malaysia,Malaysia,602000.0,0.602,False,,
2015-05-31,2015-05,67,Iron and steel,MLAY,Malaysia,Malaysia,712000.0,0.712,False,,
2015-06-30,2015-06,67,Iron and steel,MLAY,Malaysia,Malaysia,476000.0,0.476,False,,
2015-07-31,2015-07,67,Iron and steel,MLAY,Malaysia,Malaysia,200000.0,0.2,False,,
2015-08-31,2015-08,67,Iron and steel,MLAY,Malaysia,Malaysia,227000.0,0.227,False,,
2015-09-30,2015-09,67,Iron and steel,MLAY,Malaysia,Malaysia,508000.0,0.508,False,,
2015-10-31,2015-10,67,Iron and steel,MLAY,Malaysia,Malaysia,154000.0,0.154,False,,
2015-11-30,2015-11,67,Iron and steel,MLAY,Malaysia,Malaysia,380000.0,0.38,False,,
2015-12-31,2015-12,67,Iron and steel,MLAY,Malaysia,Malaysia,450000.0,0.45,False,,
2016-01-31,2016-01,67,Iron and steel,MLAY,Malaysia,Malaysia,582000.0,0.582,False,,
2016-02-29,2016-02,67,Iron and steel,MLAY,Malaysia,Malaysia,285000.0,0.285,False,,
2016-03-31,2016-03,67,Iron and steel,MLAY,Malaysia,Malaysia,162000.0,0.162,False,,
2016-04-30,2016-04,67,Iron and steel,MLAY,Malaysia,Malaysia,242000.0,0.242,False,,
2016-05-31,2016-05,67,Iron and steel,MLAY,Malaysia,Malaysia,10000.0,0.01,False,,
2016-06-30,2016-06,67,Iron and steel,MLAY,Malaysia,Malaysia,162000.0,0.162,False,,
2016-07-31,2016-07,67,Iron and steel,MLAY,Malaysia,Malaysia,165000.0,0.165,False,,
2016-08-31,2016-08,67,Iron and steel,MLAY,Malaysia,Malaysia,78000.0,0.078,False,,
2016-09-30,2016-09,67,Iron and steel,MLAY,Malaysia,Malaysia,104000.0,0.104,False,,
2016-10-31,2016-10,67,Iron and steel,MLAY,Malaysia,Malaysia,6285000.0,6.285,False,,
2016-11-30,2016-11,67,Iron and steel,MLAY,Malaysia,Malaysia,44000.0,0.044,False,,
2016-12-31,2016-12,67,Iron and steel,MLAY,Malaysia,Malaysia,264000.0,0.264,False,,
2017-01-31,2017-01,67,Iron and steel,MLAY,Malaysia,Malaysia,93000.0,0.093,False,,
2017-02-28,2017-02,67,Iron and steel,MLAY,Malaysia,Malaysia,317000.0,0.317,False,,
2017-03-31,2017-03,67,Iron and steel,MLAY,Malaysia,Malaysia,299000.0,0.299,False,,
2017-04-30,2017-04,67,Iron and steel,MLAY,Malaysia,Malaysia,193000.0,0.193,False,,
2017-05-31,2017-05,67,Iron and steel,MLAY,Malaysia,Malaysia,11957000.0,11.957,False,,
2017-06-30,2017-06,67,Iron and steel,MLAY,Malaysia,Malaysia,67000.0,0.067,False,,
2017-07-31,2017-07,67,Iron and steel,MLAY,Malaysia,Malaysia,116000.0,0.116,False,,
2017-08-31,2017-08,67,Iron and steel,MLAY,Malaysia,Malaysia,9476000.0,9.476,False,,
2017-09-30,2017-09,67,Iron and steel,MLAY,Malaysia,Malaysia,253000.0,0.253,False,,
2017-10-31,2017-10,67,Iron and steel,MLAY,Malaysia,Malaysia,4148000.0,4.148,False,,
2017-11-30,2017-11,67,Iron and steel,MLAY,Malaysia,Malaysia,8830000.0,8.83,False,,
2017-12-31,2017-12,67,Iron and steel,MLAY,Malaysia,Malaysia,6549000.0,6.549,False,,
2018-01-31,2018-01,67,Iron and steel,MLAY,Malaysia,Malaysia,5498000.0,5.498,False,,
2018-02-28,2018-02,67,Iron and steel,MLAY,Malaysia,Malaysia,7095000.0,7.095,False,,
2018-03-31,2018-03,67,Iron and steel,MLAY,Malaysia,Malaysia,272000.0,0.272,False,,
2018-04-30,2018-04,67,Iron and steel,MLAY,Malaysia,Malaysia,14322000.0,14.322,False,,
2018-05-31,2018-05,67,Iron and steel,MLAY,Malaysia,Malaysia,440000.0,0.44,False,,
2018-06-30,2018-06,67,Iron and steel,MLAY,Malaysia,Malaysia,145000.0,0.145,False,,
2018-07-31,2018-07,67,Iron and steel,MLAY,Malaysia,Malaysia,7220000.0,7.22,False,,
2018-08-31,2018-08,67,Iron and steel,MLAY,Malaysia,Malaysia,508000.0,0.508,False,,
2018-09-30,2018-09,67,Iron and steel,MLAY,Malaysia,Malaysia,224000.0,0.224,False,,
2018-10-31,2018-10,67,Iron and steel,MLAY,Malaysia,Malaysia,1788000.0,1.788,False,,
2018-11-30,2018-11,67,Iron and steel,MLAY,Malaysia,Malaysia,708000.0,0.708,False,,
2018-12-31,2018-12,67,Iron and steel,MLAY,Malaysia,Malaysia,4959000.0,4.959,False,,
2019-01-31,2019-01,67,Iron and steel,MLAY,Malaysia,Malaysia,441000.0,0.441,False,,
2019-02-28,2019-02,67,Iron and steel,MLAY,Malaysia,Malaysia,773000.0,0.773,False,,
2019-03-31,2019-03,67,Iron and steel,MLAY,Malaysia,Malaysia,7942000.0,7.942,False,,
2019-04-30,2019-04,67,Iron and steel,MLAY,Malaysia,Malaysia,313000.0,0.313,False,,
2019-05-31,2019-05,67,Iron and steel,MLAY,Malaysia,Malaysia,9150000.0,9.15,False,,
2019-06-30,2019-06,67,Iron and steel,MLAY,Malaysia,Malaysia,1956000.0,1.956,False,,
2019-07-31,2019-07,67,Iron and steel,MLAY,Malaysia,Malaysia,335000.0,0.335,False,,
2019-08-31,2019-08,67,Iron and steel,MLAY,Malaysia,Malaysia,4090000.0,4.09,False,,
2019-09-30,2019-09,67,Iron and steel,MLAY,Malaysia,Malaysia,12289000.0,12.289,False,,
2019-10-31,2019-10,67,Iron and steel,MLAY,Malaysia,Malaysia,428000.0,0.428,False,,
2019-11-30,2019-11,67,Iron and steel,MLAY,Malaysia,Malaysia,86000.0,0.086,False,,
2019-12-31,2019-12,67,Iron and steel,MLAY,Malaysia,Malaysia,9720000.0,9.72,False,,
2020-01-31,2020-01,67,Iron and steel,MLAY,Malaysia,Malaysia,170000.0,0.17,False,,
2020-02-29,2020-02,67,Iron and steel,MLAY,Malaysia,Malaysia,5059000.0,5.059,False,,
2020-03-31,2020-03,67,Iron and steel,MLAY,Malaysia,Malaysia,573000.0,0.573,False,,
2020-04-30,2020-04,67,Iron and steel,MLAY,Malaysia,Malaysia,11736000.0,11.736,False,,
2020-05-31,2020-05,67,Iron and steel,MLAY,Malaysia,Malaysia,2565000.0,2.565,False,,
2020-06-30,2020-06,67,Iron and steel,MLAY,Malaysia,Malaysia,7115000.0,7.115,False,,
2020-07-31,2020-07,67,Iron and steel,MLAY,Malaysia,Malaysia,27000.0,0.027,False,,
2020-08-31,2020-08,67,Iron and steel,MLAY,Malaysia,Malaysia,4547000.0,4.547,False,,
2020-09-30,2020-09,67,Iron and steel,MLAY,Malaysia,Malaysia,22000.0,0.022,False,,
2020-10-31,2020-10,67,Iron and steel,MLAY,Malaysia,Malaysia,6189000.0,6.189,False,,
2020-11-30,2020-11,67,Iron and steel,MLAY,Malaysia,Malaysia,237000.0,0.237,False,,
2020-12-31,2020-12,67,Iron and steel,MLAY,Malaysia,Malaysia,8016000.0,8.016,False,,
2021-01-31,2021-01,67,Iron and steel,MLAY,Malaysia,Malaysia,45000.0,0.045,False,,
2021-02-28,2021-02,67,Iron and steel,MLAY,Malaysia,Malaysia,114000.0,0.114,False,,
2021-03-31,2021-03,67,Iron and steel,MLAY,Malaysia,Malaysia,238000.0,0.238,False,,
2021-04-30,2021-04,67,Iron and steel,MLAY,Malaysia,Malaysia,95000.0,0.095,False,,
2021-05-31,2021-05,67,Iron and steel,MLAY,Malaysia,Malaysia,59000.0,0.059,False,,
2021-06-30,2021-06,67,Iron and steel,MLAY,Malaysia,Malaysia,26000.0,0.026,False,,
2021-07-31,2021-07,67,Iron and steel,MLAY,Malaysia,Malaysia,97000.0,0.097,False,,
2021-08-31,2021-08,67,Iron and steel,MLAY,Malaysia,Malaysia,387000.0,0.387,False,,
2021-09-30,2021-09,67,Iron and steel,MLAY,Malaysia,Malaysia,51000.0,0.051,False,,
2021-10-31,2021-10,67,Iron and steel,MLAY,Malaysia,Malaysia,7000.0,0.007,False,,
2021-11-30,2021-11,67,Iron and steel,MLAY,Malaysia,Malaysia,162000.0,0.162,False,,
2021-12-31,2021-12,67,Iron and steel,MLAY,Malaysia,Malaysia,37000.0,0.037,False,,
2022-01-31,2022-01,67,Iron and steel,MLAY,Malaysia,Malaysia,14000.0,0.014,False,,
2022-02-28,2022-02,67,Iron and steel,MLAY,Malaysia,Malaysia,122000.0,0.122,False,,
2022-03-31,2022-03,67,Iron and steel,MLAY,Malaysia,Malaysia,75000.0,0.075,False,,
2022-04-30,2022-04,67,Iron and steel,MLAY,Malaysia,Malaysia,2027000.0,2.027,False,,
2022-05-31,2022-05,67,Iron and steel,MLAY,Malaysia,Malaysia,303000.0,0.303,False,,
2022-06-30,2022-06,67,Iron and steel,MLAY,Malaysia,Malaysia,7000.0,0.007,False,,
2022-07-31,2022-07,67,Iron and steel,MLAY,Malaysia,Malaysia,125000.0,0.125,False,,
2022-08-31,2022-08,67,Iron and steel,MLAY,Malaysia,Malaysia,286000.0,0.286,False,,
2022-09-30,2022-09,67,Iron and steel,MLAY,Malaysia,Malaysia,111000.0,0.111,False,,
2022-10-31,2022-10,67,Iron and steel,MLAY,Malaysia,Malaysia,664000.0,0.664,False,,
2022-11-30,2022-11,67,Iron and steel,MLAY,Malaysia,Malaysia,26000.0,0.026,False,,
2022-12-31,2022-12,67,Iron and steel,MLAY,Malaysia,Malaysia,422000.0,0.422,False,,
2023-01-31,2023-01,67,Iron and steel,MLAY,Malaysia,Malaysia,259000.0,0.259,False,,
2023-02-28,2023-02,67,Iron and steel,MLAY,Malaysia,Malaysia,56000.0,0.056,False,,
2023-03-31,2023-03,67,Iron and steel,MLAY,Malaysia,Malaysia,56000.0,0.056,False,,
2023-04-30,2023-04,67,Iron and steel,MLAY,Malaysia,Malaysia,8000.0,0.008,False,,
2023-05-31,2023-05,67,Iron and steel,MLAY,Malaysia,Malaysia,371000.0,0.371,False,,
2023-06-30,2023-06,67,Iron and steel,MLAY,Malaysia,Malaysia,57000.0,0.057,False,,
2023-07-31,2023-07,67,Iron and steel,MLAY,Malaysia,Malaysia,112000.0,0.112,False,,
2023-08-31,2023-08,67,Iron and steel,MLAY,Malaysia,Malaysia,50000.0,0.05,False,,
2023-09-30,2023-09,67,Iron and steel,MLAY,Malaysia,Malaysia,15000.0,0.015,False,,
2023-10-31,2023-10,67,Iron and steel,MLAY,Malaysia,Malaysia,2651000.0,2.651,False,,
2023-11-30,2023-11,67,Iron and steel,MLAY,Malaysia,Malaysia,291000.0,0.291,False,,
2023-12-31,2023-12,67,Iron and steel,MLAY,Malaysia,Malaysia,1570000.0,1.57,False,,
2024-01-31,2024-01,67,Iron and steel,MLAY,Malaysia,Malaysia,112000.0,0.112,False,,
2024-02-29,2024-02,67,Iron and steel,MLAY,Malaysia,Malaysia,350000.0,0.35,False,,
2024-03-31,2024-03,67,Iron and steel,MLAY,Malaysia,Malaysia,171000.0,0.171,False,,
2024-04-30,2024-04,67,Iron and steel,MLAY,Malaysia,Malaysia,87000.0,0.087,False,,
2024-05-31,2024-05,67,Iron and steel,MLAY,Malaysia,Malaysia,172000.0,0.172,False,,
2024-06-30,2024-06,67,Iron and steel,MLAY,Malaysia,Malaysia,65000.0,0.065,False,,
2024-07-31,2024-07,67,Iron and steel,MLAY,Malaysia,Malaysia,231000.0,0.231,False,,
2024-08-31,2024-08,67,Iron and steel,MLAY,Malaysia,Malaysia,128000.0,0.128,False,,
2024-09-30,2024-09,67,Iron and steel,MLAY,Malaysia,Malaysia,4150000.0,4.15,False,,
2024-10-31,2024-10,67,Iron and steel,MLAY,Malaysia,Malaysia,678000.0,0.678,False,,
2024-11-30,2024-11,67,Iron and steel,MLAY,Malaysia,Malaysia,175000.0,0.175,False,,
2024-12-31,2024-12,67,Iron and steel,MLAY,Malaysia,Malaysia,952000.0,0.952,False,,
2025-01-31,2025-01,67,Iron and steel,MLAY,Malaysia,Malaysia,68000.0,0.068,False,,
2025-02-28,2025-02,67,Iron and steel,MLAY,Malaysia,Malaysia,909000.0,0.909,False,,
2025-03-31,2025-03,67,Iron and steel,MLAY,Malaysia,Malaysia,58000.0,0.058,False,,
2025-04-30,2025-04,67,Iron and steel,MLAY,Malaysia,Malaysia,800000.0,0.8,False,,
2025-05-31,2025-05,67,Iron and steel,MLAY,Malaysia,Malaysia,216000.0,0.216,False,,
2025-06-30,2025-06,67,Iron and steel,MLAY,Malaysia,Malaysia,111000.0,0.111,False,,
2025-07-31,2025-07,67,Iron and steel,MLAY,Malaysia,Malaysia,78000.0,0.078,False,,
2025-08-31,2025-08,67,Iron and steel,MLAY,Malaysia,Malaysia,144000.0,0.144,False,,
2025-09-30,2025-09,67,Iron and steel,MLAY,Malaysia,Malaysia,106000.0,0.106,False,,
2025-10-31,2025-10,67,Iron and steel,MLAY,Malaysia,Malaysia,318000.0,0.318,False,,
2025-11-30,2025-11,67,Iron and steel,MLAY,Malaysia,Malaysia,261000.0,0.261,False,,
2025-12-31,2025-12,67,Iron and steel,MLAY,Malaysia,Malaysia,126000.0,0.126,False,,
2026-01-31,2026-01,67,Iron and steel,MLAY,Malaysia,Malaysia,85000.0,0.085,False,,
2026-02-28,2026-02,67,Iron and steel,MLAY,Malaysia,Malaysia,289000.0,0.289,False,,
2026-03-31,2026-03,67,Iron and steel,MLAY,Malaysia,Malaysia,303000.0,0.303,False,,
2026-04-30,2026-04,67,Iron and steel,MLAY,Malaysia,Malaysia,719000.0,0.719,False,,
2026-05-31,2026-05,67,Iron and steel,MLAY,Malaysia,Malaysia,147000.0,0.147,False,,
2026-06-30,2026-06,67,Iron and steel,MLAY,Malaysia,Malaysia,262000.0,0.262,False,,
2015-01-31,2015-01,67,Iron and steel,RKOR,South Korea,"Korea, Republic of (South)",260000.0,0.26,False,,
2015-02-28,2015-02,67,Iron and steel,RKOR,South Korea,"Korea, Republic of (South)",408000.0,0.408,False,,
2015-03-31,2015-03,67,Iron and steel,RKOR,South Korea,"Korea, Republic of (South)",8210000.0,8.21,False,,
2015-04-30,2015-04,67,Iron and steel,RKOR,South Korea,"Korea, Republic of (South)",123000.0,0.123,False,,
2015-05-31,2015-05,67,Iron and steel,RKOR,South Korea,"Korea, Republic of (South)",616000.0,0.616,False,,
2015-06-30,2015-06,67,Iron and steel,RKOR,South Korea,"Korea, Republic of (South)",223000.0,0.223,False,,
2015-07-31,2015-07,67,Iron and steel,RKOR,South Korea,"Korea, Republic of (South)",519000.0,0.519,False,,
2015-08-31,2015-08,67,Iron and steel,RKOR,South Korea,"Korea, Republic of (South)",797000.0,0.797,False,,
2015-09-30,2015-09,67,Iron and steel,RKOR,South Korea,"Korea, Republic of (South)",583000.0,0.583,False,,
2015-10-31,2015-10,67,Iron and steel,RKOR,South Korea,"Korea, Republic of (South)",1124000.0,1.124,False,,
2015-11-30,2015-11,67,Iron and steel,RKOR,South Korea,"Korea, Republic of (South)",250000.0,0.25,False,,
2015-12-31,2015-12,67,Iron and steel,RKOR,South Korea,"Korea, Republic of (South)",142000.0,0.142,False,,
2016-01-31,2016-01,67,Iron and steel,RKOR,South Korea,"Korea, Republic of (South)",560000.0,0.56,False,,
2016-02-29,2016-02,67,Iron and steel,RKOR,South Korea,"Korea, Republic of (South)",751000.0,0.751,False,,
2016-03-31,2016-03,67,Iron and steel,RKOR,South Korea,"Korea, Republic of (South)",328000.0,0.328,False,,
2016-04-30,2016-04,67,Iron and steel,RKOR,South Korea,"Korea, Republic of (South)",142000.0,0.142,False,,
2016-05-31,2016-05,67,Iron and steel,RKOR,South Korea,"Korea, Republic of (South)",246000.0,0.246,False,,
2016-06-30,2016-06,67,Iron and steel,RKOR,South Korea,"Korea, Republic of (South)",217000.0,0.217,False,,
2016-07-31,2016-07,67,Iron and steel,RKOR,South Korea,"Korea, Republic of (South)",11608000.0,11.608,False,,
2016-08-31,2016-08,67,Iron and steel,RKOR,South Korea,"Korea, Republic of (South)",321000.0,0.321,False,,
2016-09-30,2016-09,67,Iron and steel,RKOR,South Korea,"Korea, Republic of (South)",1418000.0,1.418,False,,
2016-10-31,2016-10,67,Iron and steel,RKOR,South Korea,"Korea, Republic of (South)",372000.0,0.372,False,,
2016-11-30,2016-11,67,Iron and steel,RKOR,South Korea,"Korea, Republic of (South)",739000.0,0.739,False,,
2016-12-31,2016-12,67,Iron and steel,RKOR,South Korea,"Korea, Republic of (South)",711000.0,0.711,False,,
2017-01-31,2017-01,67,Iron and steel,RKOR,South Korea,"Korea, Republic of (South)",338000.0,0.338,False,,
2017-02-28,2017-02,67,Iron and steel,RKOR,South Korea,"Korea, Republic of (South)",15228000.0,15.228,False,,
2017-03-31,2017-03,67,Iron and steel,RKOR,South Korea,"Korea, Republic of (South)",825000.0,0.825,False,,
2017-04-30,2017-04,67,Iron and steel,RKOR,South Korea,"Korea, Republic of (South)",14980000.0,14.98,False,,
2017-05-31,2017-05,67,Iron and steel,RKOR,South Korea,"Korea, Republic of (South)",356000.0,0.356,False,,
2017-06-30,2017-06,67,Iron and steel,RKOR,South Korea,"Korea, Republic of (South)",15347000.0,15.347,False,,
2017-07-31,2017-07,67,Iron and steel,RKOR,South Korea,"Korea, Republic of (South)",127000.0,0.127,False,,
2017-08-31,2017-08,67,Iron and steel,RKOR,South Korea,"Korea, Republic of (South)",250000.0,0.25,False,,
2017-09-30,2017-09,67,Iron and steel,RKOR,South Korea,"Korea, Republic of (South)",229000.0,0.229,False,,
2017-10-31,2017-10,67,Iron and steel,RKOR,South Korea,"Korea, Republic of (South)",232000.0,0.232,False,,
2017-11-30,2017-11,67,Iron and steel,RKOR,South Korea,"Korea, Republic of (South)",255000.0,0.255,False,,
2017-12-31,2017-12,67,Iron and steel,RKOR,South Korea,"Korea, Republic of (South)",657000.0,0.657,False,,
2018-01-31,2018-01,67,Iron and steel,RKOR,South Korea,"Korea, Republic of (South)",191000.0,0.191,False,,
2018-02-28,2018-02,67,Iron and steel,RKOR,South Korea,"Korea, Republic of (South)",313000.0,0.313,False,,
2018-03-31,2018-03,67,Iron and steel,RKOR,South Korea,"Korea, Republic of (South)",310000.0,0.31,False,,
2018-04-30,2018-04,67,Iron and steel,RKOR,South Korea,"Korea, Republic of (South)",303000.0,0.303,False,,
2018-05-31,2018-05,67,Iron and steel,RKOR,South Korea,"Korea, Republic of (South)",3479000.0,3.479,False,,
2018-06-30,2018-06,67,Iron and steel,RKOR,South Korea,"Korea, Republic of (South)",286000.0,0.286,False,,
2018-07-31,2018-07,67,Iron and steel,RKOR,South Korea,"Korea, Republic of (South)",174000.0,0.174,False,,
2018-08-31,2018-08,67,Iron and steel,RKOR,South Korea,"Korea, Republic of (South)",150000.0,0.15,False,,
2018-09-30,2018-09,67,Iron and steel,RKOR,South Korea,"Korea, Republic of (South)",220000.0,0.22,False,,
2018-10-31,2018-10,67,Iron and steel,RKOR,South Korea,"Korea, Republic of (South)",335000.0,0.335,False,,
2018-11-30,2018-11,67,Iron and steel,RKOR,South Korea,"Korea, Republic of (South)",105000.0,0.105,False,,
2018-12-31,2018-12,67,Iron and steel,RKOR,South Korea,"Korea, Republic of (South)",409000.0,0.409,False,,
2019-01-31,2019-01,67,Iron and steel,RKOR,South Korea,"Korea, Republic of (South)",138000.0,0.138,False,,
2019-02-28,2019-02,67,Iron and steel,RKOR,South Korea,"Korea, Republic of (South)",283000.0,0.283,False,,
2019-03-31,2019-03,67,Iron and steel,RKOR,South Korea,"Korea, Republic of (South)",239000.0,0.239,False,,
2019-04-30,2019-04,67,Iron and steel,RKOR,South Korea,"Korea, Republic of (South)",17366000.0,17.366,False,,
2019-05-31,2019-05,67,Iron and steel,RKOR,South Korea,"Korea, Republic of (South)",18846000.0,18.846,False,,
2019-06-30,2019-06,67,Iron and steel,RKOR,South Korea,"Korea, Republic of (South)",21955000.0,21.955,False,,
2019-07-31,2019-07,67,Iron and steel,RKOR,South Korea,"Korea, Republic of (South)",13000.0,0.013,False,,
2019-08-31,2019-08,67,Iron and steel,RKOR,South Korea,"Korea, Republic of (South)",144000.0,0.144,False,,
2019-09-30,2019-09,67,Iron and steel,RKOR,South Korea,"Korea, Republic of (South)",299000.0,0.299,False,,
2019-10-31,2019-10,67,Iron and steel,RKOR,South Korea,"Korea, Republic of (South)",67000.0,0.067,False,,
2019-11-30,2019-11,67,Iron and steel,RKOR,South Korea,"Korea, Republic of (South)",145000.0,0.145,False,,
2019-12-31,2019-12,67,Iron and steel,RKOR,South Korea,"Korea, Republic of (South)",226000.0,0.226,False,,
2020-01-31,2020-01,67,Iron and steel,RKOR,South Korea,"Korea, Republic of (South)",114000.0,0.114,False,,
2020-02-29,2020-02,67,Iron and steel,RKOR,South Korea,"Korea, Republic of (South)",46000.0,0.046,False,,
2020-03-31,2020-03,67,Iron and steel,RKOR,South Korea,"Korea, Republic of (South)",45000.0,0.045,False,,
2020-04-30,2020-04,67,Iron and steel,RKOR,South Korea,"Korea, Republic of (South)",136000.0,0.136,False,,
2020-05-31,2020-05,67,Iron and steel,RKOR,South Korea,"Korea, Republic of (South)",17000.0,0.017,False,,
2020-06-30,2020-06,67,Iron and steel,RKOR,South Korea,"Korea, Republic of (South)",58000.0,0.058,False,,
2020-07-31,2020-07,67,Iron and steel,RKOR,South Korea,"Korea, Republic of (South)",11000.0,0.011,False,,
2020-08-31,2020-08,67,Iron and steel,RKOR,South Korea,"Korea, Republic of (South)",0.0,0.0,False,,
2020-09-30,2020-09,67,Iron and steel,RKOR,South Korea,"Korea, Republic of (South)",107000.0,0.107,False,,
2020-10-31,2020-10,67,Iron and steel,RKOR,South Korea,"Korea, Republic of (South)",29000.0,0.029,False,,
2020-11-30,2020-11,67,Iron and steel,RKOR,South Korea,"Korea, Republic of (South)",12451000.0,12.451,False,,
2020-12-31,2020-12,67,Iron and steel,RKOR,South Korea,"Korea, Republic of (South)",135000.0,0.135,False,,
2021-01-31,2021-01,67,Iron and steel,RKOR,South Korea,"Korea, Republic of (South)",,,True,,
2021-02-28,2021-02,67,Iron and steel,RKOR,South Korea,"Korea, Republic of (South)",17000.0,0.017,False,,
2021-03-31,2021-03,67,Iron and steel,RKOR,South Korea,"Korea, Republic of (South)",3000.0,0.003,False,,
2021-04-30,2021-04,67,Iron and steel,RKOR,South Korea,"Korea, Republic of (South)",264000.0,0.264,False,,
2021-05-31,2021-05,67,Iron and steel,RKOR,South Korea,"Korea, Republic of (South)",150000.0,0.15,False,,
2021-06-30,2021-06,67,Iron and steel,RKOR,South Korea,"Korea, Republic of (South)",150000.0,0.15,False,,
2021-07-31,2021-07,67,Iron and steel,RKOR,South Korea,"Korea, Republic of (South)",269000.0,0.269,False,,
2021-08-31,2021-08,67,Iron and steel,RKOR,South Korea,"Korea, Republic of (South)",273000.0,0.273,False,,
2021-09-30,2021-09,67,Iron and steel,RKOR,South Korea,"Korea, Republic of (South)",3000.0,0.003,False,,
2021-10-31,2021-10,67,Iron and steel,RKOR,South Korea,"Korea, Republic of (South)",724000.0,0.724,False,,
2021-11-30,2021-11,67,Iron and steel,RKOR,South Korea,"Korea, Republic of (South)",,,True,,
2021-12-31,2021-12,67,Iron and steel,RKOR,South Korea,"Korea, Republic of (South)",39000.0,0.039,False,,
2022-01-31,2022-01,67,Iron and steel,RKOR,South Korea,"Korea, Republic of (South)",311000.0,0.311,False,,
2022-02-28,2022-02,67,Iron and steel,RKOR,South Korea,"Korea, Republic of (South)",42000.0,0.042,False,,
2022-03-31,2022-03,67,Iron and steel,RKOR,South Korea,"Korea, Republic of (South)",0.0,0.0,False,,
2022-04-30,2022-04,67,Iron and steel,RKOR,South Korea,"Korea, Republic of (South)",485000.0,0.485,False,,
2022-05-31,2022-05,67,Iron and steel,RKOR,South Korea,"Korea, Republic of (South)",308000.0,0.308,False,,
2022-06-30,2022-06,67,Iron and steel,RKOR,South Korea,"Korea, Republic of (South)",230000.0,0.23,False,,
2022-07-31,2022-07,67,Iron and steel,RKOR,South Korea,"Korea, Republic of (South)",404000.0,0.404,False,,
2022-08-31,2022-08,67,Iron and steel,RKOR,South Korea,"Korea, Republic of (South)",4000.0,0.004,False,,
2022-09-30,2022-09,67,Iron and steel,RKOR,South Korea,"Korea, Republic of (South)",575000.0,0.575,False,,
2022-10-31,2022-10,67,Iron and steel,RKOR,South Korea,"Korea, Republic of (South)",235000.0,0.235,False,,
2022-11-30,2022-11,67,Iron and steel,RKOR,South Korea,"Korea, Republic of (South)",265000.0,0.265,False,,
2022-12-31,2022-12,67,Iron and steel,RKOR,South Korea,"Korea, Republic of (South)",698000.0,0.698,False,,
2023-01-31,2023-01,67,Iron and steel,RKOR,South Korea,"Korea, Republic of (South)",11000.0,0.011,False,,
2023-02-28,2023-02,67,Iron and steel,RKOR,South Korea,"Korea, Republic of (South)",611000.0,0.611,False,,
2023-03-31,2023-03,67,Iron and steel,RKOR,South Korea,"Korea, Republic of (South)",596000.0,0.596,False,,
2023-04-30,2023-04,67,Iron and steel,RKOR,South Korea,"Korea, Republic of (South)",87000.0,0.087,False,,
2023-05-31,2023-05,67,Iron and steel,RKOR,South Korea,"Korea, Republic of (South)",637000.0,0.637,False,,
2023-06-30,2023-06,67,Iron and steel,RKOR,South Korea,"Korea, Republic of (South)",269000.0,0.269,False,,
2023-07-31,2023-07,67,Iron and steel,RKOR,South Korea,"Korea, Republic of (South)",697000.0,0.697,False,,
2023-08-31,2023-08,67,Iron and steel,RKOR,South Korea,"Korea, Republic of (South)",410000.0,0.41,False,,
2023-09-30,2023-09,67,Iron and steel,RKOR,South Korea,"Korea, Republic of (South)",750000.0,0.75,False,,
2023-10-31,2023-10,67,Iron and steel,RKOR,South Korea,"Korea, Republic of (South)",507000.0,0.507,False,,
2023-11-30,2023-11,67,Iron and steel,RKOR,South Korea,"Korea, Republic of (South)",1223000.0,1.223,False,,
2023-12-31,2023-12,67,Iron and steel,RKOR,South Korea,"Korea, Republic of (South)",159000.0,0.159,False,,
2024-01-31,2024-01,67,Iron and steel,RKOR,South Korea,"Korea, Republic of (South)",802000.0,0.802,False,,
2024-02-29,2024-02,67,Iron and steel,RKOR,South Korea,"Korea, Republic of (South)",646000.0,0.646,False,,
2024-03-31,2024-03,67,Iron and steel,RKOR,South Korea,"Korea, Republic of (South)",340000.0,0.34,False,,
2024-04-30,2024-04,67,Iron and steel,RKOR,South Korea,"Korea, Republic of (South)",564000.0,0.564,False,,
2024-05-31,2024-05,67,Iron and steel,RKOR,South Korea,"Korea, Republic of (South)",287000.0,0.287,False,,
2024-06-30,2024-06,67,Iron and steel,RKOR,South Korea,"Korea, Republic of (South)",334000.0,0.334,False,,
2024-07-31,2024-07,67,Iron and steel,RKOR,South Korea,"Korea, Republic of (South)",605000.0,0.605,False,,
2024-08-31,2024-08,67,Iron and steel,RKOR,South Korea,"Korea, Republic of (South)",2498000.0,2.498,False,,
2024-09-30,2024-09,67,Iron and steel,RKOR,South Korea,"Korea, Republic of (South)",234000.0,0.234,False,,
2024-10-31,2024-10,67,Iron and steel,RKOR,South Korea,"Korea, Republic of (South)",518000.0,0.518,False,,
2024-11-30,2024-11,67,Iron and steel,RKOR,South Korea,"Korea, Republic of (South)",1116000.0,1.116,False,,
2024-12-31,2024-12,67,Iron and steel,RKOR,South Korea,"Korea, Republic of (South)",163000.0,0.163,False,,
2025-01-31,2025-01,67,Iron and steel,RKOR,South Korea,"Korea, Republic of (South)",125000.0,0.125,False,,
2025-02-28,2025-02,67,Iron and steel,RKOR,South Korea,"Korea, Republic of (South)",581000.0,0.581,False,,
2025-03-31,2025-03,67,Iron and steel,RKOR,South Korea,"Korea, Republic of (South)",234000.0,0.234,False,,
2025-04-30,2025-04,67,Iron and steel,RKOR,South Korea,"Korea, Republic of (South)",747000.0,0.747,False,,
2025-05-31,2025-05,67,Iron and steel,RKOR,South Korea,"Korea, Republic of (South)",738000.0,0.738,False,,
2025-06-30,2025-06,67,Iron and steel,RKOR,South Korea,"Korea, Republic of (South)",1236000.0,1.236,False,,
2025-07-31,2025-07,67,Iron and steel,RKOR,South Korea,"Korea, Republic of (South)",2322000.0,2.322,False,,
2025-08-31,2025-08,67,Iron and steel,RKOR,South Korea,"Korea, Republic of (South)",1289000.0,1.289,False,,
2025-09-30,2025-09,67,Iron and steel,RKOR,South Korea,"Korea, Republic of (South)",537000.0,0.537,False,,
2025-10-31,2025-10,67,Iron and steel,RKOR,South Korea,"Korea, Republic of (South)",764000.0,0.764,False,,
2025-11-30,2025-11,67,Iron and steel,RKOR,South Korea,"Korea, Republic of (South)",566000.0,0.566,False,,
2025-12-31,2025-12,67,Iron and steel,RKOR,South Korea,"Korea, Republic of (South)",759000.0,0.759,False,,
2026-01-31,2026-01,67,Iron and steel,RKOR,South Korea,"Korea, Republic of (South)",1011000.0,1.011,False,,
2026-02-28,2026-02,67,Iron and steel,RKOR,South Korea,"Korea, Republic of (South)",984000.0,0.984,False,,
2026-03-31,2026-03,67,Iron and steel,RKOR,South Korea,"Korea, Republic of (South)",474000.0,0.474,False,,
2026-04-30,2026-04,67,Iron and steel,RKOR,South Korea,"Korea, Republic of (South)",680000.0,0.68,False,,
2026-05-31,2026-05,67,Iron and steel,RKOR,South Korea,"Korea, Republic of (South)",108000.0,0.108,False,,
2026-06-30,2026-06,67,Iron and steel,RKOR,South Korea,"Korea, Republic of (South)",552000.0,0.552,False,,
2015-01-31,2015-01,67,Iron and steel,TAIW,Taiwan,Taiwan,79000.0,0.079,False,,
2015-02-28,2015-02,67,Iron and steel,TAIW,Taiwan,Taiwan,121000.0,0.121,False,,
2015-03-31,2015-03,67,Iron and steel,TAIW,Taiwan,Taiwan,95000.0,0.095,False,,
2015-04-30,2015-04,67,Iron and steel,TAIW,Taiwan,Taiwan,70000.0,0.07,False,,
2015-05-31,2015-05,67,Iron and steel,TAIW,Taiwan,Taiwan,74000.0,0.074,False,,
2015-06-30,2015-06,67,Iron and steel,TAIW,Taiwan,Taiwan,220000.0,0.22,False,,
2015-07-31,2015-07,67,Iron and steel,TAIW,Taiwan,Taiwan,16906000.0,16.906,False,,
2015-08-31,2015-08,67,Iron and steel,TAIW,Taiwan,Taiwan,136000.0,0.136,False,,
2015-09-30,2015-09,67,Iron and steel,TAIW,Taiwan,Taiwan,52000.0,0.052,False,,
2015-10-31,2015-10,67,Iron and steel,TAIW,Taiwan,Taiwan,202000.0,0.202,False,,
2015-11-30,2015-11,67,Iron and steel,TAIW,Taiwan,Taiwan,186000.0,0.186,False,,
2015-12-31,2015-12,67,Iron and steel,TAIW,Taiwan,Taiwan,299000.0,0.299,False,,
2016-01-31,2016-01,67,Iron and steel,TAIW,Taiwan,Taiwan,179000.0,0.179,False,,
2016-02-29,2016-02,67,Iron and steel,TAIW,Taiwan,Taiwan,494000.0,0.494,False,,
2016-03-31,2016-03,67,Iron and steel,TAIW,Taiwan,Taiwan,241000.0,0.241,False,,
2016-04-30,2016-04,67,Iron and steel,TAIW,Taiwan,Taiwan,352000.0,0.352,False,,
2016-05-31,2016-05,67,Iron and steel,TAIW,Taiwan,Taiwan,324000.0,0.324,False,,
2016-06-30,2016-06,67,Iron and steel,TAIW,Taiwan,Taiwan,139000.0,0.139,False,,
2016-07-31,2016-07,67,Iron and steel,TAIW,Taiwan,Taiwan,360000.0,0.36,False,,
2016-08-31,2016-08,67,Iron and steel,TAIW,Taiwan,Taiwan,668000.0,0.668,False,,
2016-09-30,2016-09,67,Iron and steel,TAIW,Taiwan,Taiwan,266000.0,0.266,False,,
2016-10-31,2016-10,67,Iron and steel,TAIW,Taiwan,Taiwan,328000.0,0.328,False,,
2016-11-30,2016-11,67,Iron and steel,TAIW,Taiwan,Taiwan,192000.0,0.192,False,,
2016-12-31,2016-12,67,Iron and steel,TAIW,Taiwan,Taiwan,251000.0,0.251,False,,
2017-01-31,2017-01,67,Iron and steel,TAIW,Taiwan,Taiwan,390000.0,0.39,False,,
2017-02-28,2017-02,67,Iron and steel,TAIW,Taiwan,Taiwan,374000.0,0.374,False,,
2017-03-31,2017-03,67,Iron and steel,TAIW,Taiwan,Taiwan,522000.0,0.522,False,,
2017-04-30,2017-04,67,Iron and steel,TAIW,Taiwan,Taiwan,424000.0,0.424,False,,
2017-05-31,2017-05,67,Iron and steel,TAIW,Taiwan,Taiwan,1080000.0,1.08,False,,
2017-06-30,2017-06,67,Iron and steel,TAIW,Taiwan,Taiwan,756000.0,0.756,False,,
2017-07-31,2017-07,67,Iron and steel,TAIW,Taiwan,Taiwan,213000.0,0.213,False,,
2017-08-31,2017-08,67,Iron and steel,TAIW,Taiwan,Taiwan,358000.0,0.358,False,,
2017-09-30,2017-09,67,Iron and steel,TAIW,Taiwan,Taiwan,7962000.0,7.962,False,,
2017-10-31,2017-10,67,Iron and steel,TAIW,Taiwan,Taiwan,626000.0,0.626,False,,
2017-11-30,2017-11,67,Iron and steel,TAIW,Taiwan,Taiwan,378000.0,0.378,False,,
2017-12-31,2017-12,67,Iron and steel,TAIW,Taiwan,Taiwan,443000.0,0.443,False,,
2018-01-31,2018-01,67,Iron and steel,TAIW,Taiwan,Taiwan,387000.0,0.387,False,,
2018-02-28,2018-02,67,Iron and steel,TAIW,Taiwan,Taiwan,259000.0,0.259,False,,
2018-03-31,2018-03,67,Iron and steel,TAIW,Taiwan,Taiwan,175000.0,0.175,False,,
2018-04-30,2018-04,67,Iron and steel,TAIW,Taiwan,Taiwan,99000.0,0.099,False,,
2018-05-31,2018-05,67,Iron and steel,TAIW,Taiwan,Taiwan,197000.0,0.197,False,,
2018-06-30,2018-06,67,Iron and steel,TAIW,Taiwan,Taiwan,522000.0,0.522,False,,
2018-07-31,2018-07,67,Iron and steel,TAIW,Taiwan,Taiwan,673000.0,0.673,False,,
2018-08-31,2018-08,67,Iron and steel,TAIW,Taiwan,Taiwan,426000.0,0.426,False,,
2018-09-30,2018-09,67,Iron and steel,TAIW,Taiwan,Taiwan,85000.0,0.085,False,,
2018-10-31,2018-10,67,Iron and steel,TAIW,Taiwan,Taiwan,479000.0,0.479,False,,
2018-11-30,2018-11,67,Iron and steel,TAIW,Taiwan,Taiwan,615000.0,0.615,False,,
2018-12-31,2018-12,67,Iron and steel,TAIW,Taiwan,Taiwan,645000.0,0.645,False,,
2019-01-31,2019-01,67,Iron and steel,TAIW,Taiwan,Taiwan,156000.0,0.156,False,,
2019-02-28,2019-02,67,Iron and steel,TAIW,Taiwan,Taiwan,477000.0,0.477,False,,
2019-03-31,2019-03,67,Iron and steel,TAIW,Taiwan,Taiwan,346000.0,0.346,False,,
2019-04-30,2019-04,67,Iron and steel,TAIW,Taiwan,Taiwan,329000.0,0.329,False,,
2019-05-31,2019-05,67,Iron and steel,TAIW,Taiwan,Taiwan,21096000.0,21.096,False,,
2019-06-30,2019-06,67,Iron and steel,TAIW,Taiwan,Taiwan,633000.0,0.633,False,,
2019-07-31,2019-07,67,Iron and steel,TAIW,Taiwan,Taiwan,267000.0,0.267,False,,
2019-08-31,2019-08,67,Iron and steel,TAIW,Taiwan,Taiwan,687000.0,0.687,False,,
2019-09-30,2019-09,67,Iron and steel,TAIW,Taiwan,Taiwan,223000.0,0.223,False,,
2019-10-31,2019-10,67,Iron and steel,TAIW,Taiwan,Taiwan,234000.0,0.234,False,,
2019-11-30,2019-11,67,Iron and steel,TAIW,Taiwan,Taiwan,167000.0,0.167,False,,
2019-12-31,2019-12,67,Iron and steel,TAIW,Taiwan,Taiwan,442000.0,0.442,False,,
2020-01-31,2020-01,67,Iron and steel,TAIW,Taiwan,Taiwan,260000.0,0.26,False,,
2020-02-29,2020-02,67,Iron and steel,TAIW,Taiwan,Taiwan,0.0,0.0,False,,
2020-03-31,2020-03,67,Iron and steel,TAIW,Taiwan,Taiwan,386000.0,0.386,False,,
2020-04-30,2020-04,67,Iron and steel,TAIW,Taiwan,Taiwan,186000.0,0.186,False,,
2020-05-31,2020-05,67,Iron and steel,TAIW,Taiwan,Taiwan,31000.0,0.031,False,,
2020-06-30,2020-06,67,Iron and steel,TAIW,Taiwan,Taiwan,68000.0,0.068,False,,
2020-07-31,2020-07,67,Iron and steel,TAIW,Taiwan,Taiwan,20000.0,0.02,False,,
2020-08-31,2020-08,67,Iron and steel,TAIW,Taiwan,Taiwan,63000.0,0.063,False,,
2020-09-30,2020-09,67,Iron and steel,TAIW,Taiwan,Taiwan,62000.0,0.062,False,,
2020-10-31,2020-10,67,Iron and steel,TAIW,Taiwan,Taiwan,280000.0,0.28,False,,
2020-11-30,2020-11,67,Iron and steel,TAIW,Taiwan,Taiwan,22000.0,0.022,False,,
2020-12-31,2020-12,67,Iron and steel,TAIW,Taiwan,Taiwan,,,True,,
2021-01-31,2021-01,67,Iron and steel,TAIW,Taiwan,Taiwan,,,True,,
2021-02-28,2021-02,67,Iron and steel,TAIW,Taiwan,Taiwan,266000.0,0.266,False,,
2021-03-31,2021-03,67,Iron and steel,TAIW,Taiwan,Taiwan,81000.0,0.081,False,,
2021-04-30,2021-04,67,Iron and steel,TAIW,Taiwan,Taiwan,,,True,,
2021-05-31,2021-05,67,Iron and steel,TAIW,Taiwan,Taiwan,2000.0,0.002,False,,
2021-06-30,2021-06,67,Iron and steel,TAIW,Taiwan,Taiwan,350000.0,0.35,False,,
2021-07-31,2021-07,67,Iron and steel,TAIW,Taiwan,Taiwan,265000.0,0.265,False,,
2021-08-31,2021-08,67,Iron and steel,TAIW,Taiwan,Taiwan,25000.0,0.025,False,,
2021-09-30,2021-09,67,Iron and steel,TAIW,Taiwan,Taiwan,70000.0,0.07,False,,
2021-10-31,2021-10,67,Iron and steel,TAIW,Taiwan,Taiwan,2000.0,0.002,False,,
2021-11-30,2021-11,67,Iron and steel,TAIW,Taiwan,Taiwan,32728000.0,32.728,False,,
2021-12-31,2021-12,67,Iron and steel,TAIW,Taiwan,Taiwan,52000.0,0.052,False,,
2022-01-31,2022-01,67,Iron and steel,TAIW,Taiwan,Taiwan,,,True,,
2022-02-28,2022-02,67,Iron and steel,TAIW,Taiwan,Taiwan,79000.0,0.079,False,,
2022-03-31,2022-03,67,Iron and steel,TAIW,Taiwan,Taiwan,13000.0,0.013,False,,
2022-04-30,2022-04,67,Iron and steel,TAIW,Taiwan,Taiwan,25000.0,0.025,False,,
2022-05-31,2022-05,67,Iron and steel,TAIW,Taiwan,Taiwan,15000.0,0.015,False,,
2022-06-30,2022-06,67,Iron and steel,TAIW,Taiwan,Taiwan,107000.0,0.107,False,,
2022-07-31,2022-07,67,Iron and steel,TAIW,Taiwan,Taiwan,22000.0,0.022,False,,
2022-08-31,2022-08,67,Iron and steel,TAIW,Taiwan,Taiwan,,,True,,
2022-09-30,2022-09,67,Iron and steel,TAIW,Taiwan,Taiwan,,,True,,
2022-10-31,2022-10,67,Iron and steel,TAIW,Taiwan,Taiwan,16000.0,0.016,False,,
2022-11-30,2022-11,67,Iron and steel,TAIW,Taiwan,Taiwan,,,True,,
2022-12-31,2022-12,67,Iron and steel,TAIW,Taiwan,Taiwan,1361000.0,1.361,False,,
2023-01-31,2023-01,67,Iron and steel,TAIW,Taiwan,Taiwan,344000.0,0.344,False,,
2023-02-28,2023-02,67,Iron and steel,TAIW,Taiwan,Taiwan,173000.0,0.173,False,,
2023-03-31,2023-03,67,Iron and steel,TAIW,Taiwan,Taiwan,325000.0,0.325,False,,
2023-04-30,2023-04,67,Iron and steel,TAIW,Taiwan,Taiwan,83000.0,0.083,False,,
2023-05-31,2023-05,67,Iron and steel,TAIW,Taiwan,Taiwan,16000.0,0.016,False,,
2023-06-30,2023-06,67,Iron and steel,TAIW,Taiwan,Taiwan,20000.0,0.02,False,,
2023-07-31,2023-07,67,Iron and steel,TAIW,Taiwan,Taiwan,24000.0,0.024,False,,
2023-08-31,2023-08,67,Iron and steel,TAIW,Taiwan,Taiwan,98000.0,0.098,False,,
2023-09-30,2023-09,67,Iron and steel,TAIW,Taiwan,Taiwan,211000.0,0.211,False,,
2023-10-31,2023-10,67,Iron and steel,TAIW,Taiwan,Taiwan,0.0,0.0,False,,
2023-11-30,2023-11,67,Iron and steel,TAIW,Taiwan,Taiwan,27000.0,0.027,False,,
2023-12-31,2023-12,67,Iron and steel,TAIW,Taiwan,Taiwan,88000.0,0.088,False,,
2024-01-31,2024-01,67,Iron and steel,TAIW,Taiwan,Taiwan,58000.0,0.058,False,,
2024-02-29,2024-02,67,Iron and steel,TAIW,Taiwan,Taiwan,2883000.0,2.883,False,,
2024-03-31,2024-03,67,Iron and steel,TAIW,Taiwan,Taiwan,513000.0,0.513,False,,
2024-04-30,2024-04,67,Iron and steel,TAIW,Taiwan,Taiwan,363000.0,0.363,False,,
2024-05-31,2024-05,67,Iron and steel,TAIW,Taiwan,Taiwan,0.0,0.0,False,,
2024-06-30,2024-06,67,Iron and steel,TAIW,Taiwan,Taiwan,,,True,,
2024-07-31,2024-07,67,Iron and steel,TAIW,Taiwan,Taiwan,78000.0,0.078,False,,
2024-08-31,2024-08,67,Iron and steel,TAIW,Taiwan,Taiwan,54000.0,0.054,False,,
2024-09-30,2024-09,67,Iron and steel,TAIW,Taiwan,Taiwan,115000.0,0.115,False,,
2024-10-31,2024-10,67,Iron and steel,TAIW,Taiwan,Taiwan,425000.0,0.425,False,,
2024-11-30,2024-11,67,Iron and steel,TAIW,Taiwan,Taiwan,110000.0,0.11,False,,
2024-12-31,2024-12,67,Iron and steel,TAIW,Taiwan,Taiwan,122000.0,0.122,False,,
2025-01-31,2025-01,67,Iron and steel,TAIW,Taiwan,Taiwan,7000.0,0.007,False,,
2025-02-28,2025-02,67,Iron and steel,TAIW,Taiwan,Taiwan,113000.0,0.113,False,,
2025-03-31,2025-03,67,Iron and steel,TAIW,Taiwan,Taiwan,576000.0,0.576,False,,
2025-04-30,2025-04,67,Iron and steel,TAIW,Taiwan,Taiwan,51000.0,0.051,False,,
2025-05-31,2025-05,67,Iron and steel,TAIW,Taiwan,Taiwan,660000.0,0.66,False,,
2025-06-30,2025-06,67,Iron and steel,TAIW,Taiwan,Taiwan,246000.0,0.246,False,,
2025-07-31,2025-07,67,Iron and steel,TAIW,Taiwan,Taiwan,18000.0,0.018,False,,
2025-08-31,2025-08,67,Iron and steel,TAIW,Taiwan,Taiwan,9000.0,0.009,False,,
2025-09-30,2025-09,67,Iron and steel,TAIW,Taiwan,Taiwan,30000.0,0.03,False,,
2025-10-31,2025-10,67,Iron and steel,TAIW,Taiwan,Taiwan,38000.0,0.038,False,,
2025-11-30,2025-11,67,Iron and steel,TAIW,Taiwan,Taiwan,44000.0,0.044,False,,
2025-12-31,2025-12,67,Iron and steel,TAIW,Taiwan,Taiwan,14000.0,0.014,False,,
2026-01-31,2026-01,67,Iron and steel,TAIW,Taiwan,Taiwan,150000.0,0.15,False,,
2026-02-28,2026-02,67,Iron and steel,TAIW,Taiwan,Taiwan,24000.0,0.024,False,,
2026-03-31,2026-03,67,Iron and steel,TAIW,Taiwan,Taiwan,32000.0,0.032,False,,
2026-04-30,2026-04,67,Iron and steel,TAIW,Taiwan,Taiwan,364000.0,0.364,False,,
2026-05-31,2026-05,67,Iron and steel,TAIW,Taiwan,Taiwan,55000.0,0.055,False,,
2026-06-30,2026-06,67,Iron and steel,TAIW,Taiwan,Taiwan,30000.0,0.03,False,,
2015-01-31,2015-01,67,Iron and steel,THAI,Thailand,Thailand,293000.0,0.293,False,,
2015-02-28,2015-02,67,Iron and steel,THAI,Thailand,Thailand,1523000.0,1.523,False,,
2015-03-31,2015-03,67,Iron and steel,THAI,Thailand,Thailand,662000.0,0.662,False,,
2015-04-30,2015-04,67,Iron and steel,THAI,Thailand,Thailand,1057000.0,1.057,False,,
2015-05-31,2015-05,67,Iron and steel,THAI,Thailand,Thailand,1347000.0,1.347,False,,
2015-06-30,2015-06,67,Iron and steel,THAI,Thailand,Thailand,11899000.0,11.899,False,,
2015-07-31,2015-07,67,Iron and steel,THAI,Thailand,Thailand,1006000.0,1.006,False,,
2015-08-31,2015-08,67,Iron and steel,THAI,Thailand,Thailand,14596000.0,14.596,False,,
2015-09-30,2015-09,67,Iron and steel,THAI,Thailand,Thailand,450000.0,0.45,False,,
2015-10-31,2015-10,67,Iron and steel,THAI,Thailand,Thailand,646000.0,0.646,False,,
2015-11-30,2015-11,67,Iron and steel,THAI,Thailand,Thailand,568000.0,0.568,False,,
2015-12-31,2015-12,67,Iron and steel,THAI,Thailand,Thailand,13081000.0,13.081,False,,
2016-01-31,2016-01,67,Iron and steel,THAI,Thailand,Thailand,388000.0,0.388,False,,
2016-02-29,2016-02,67,Iron and steel,THAI,Thailand,Thailand,629000.0,0.629,False,,
2016-03-31,2016-03,67,Iron and steel,THAI,Thailand,Thailand,735000.0,0.735,False,,
2016-04-30,2016-04,67,Iron and steel,THAI,Thailand,Thailand,8342000.0,8.342,False,,
2016-05-31,2016-05,67,Iron and steel,THAI,Thailand,Thailand,8735000.0,8.735,False,,
2016-06-30,2016-06,67,Iron and steel,THAI,Thailand,Thailand,11200000.0,11.2,False,,
2016-07-31,2016-07,67,Iron and steel,THAI,Thailand,Thailand,1469000.0,1.469,False,,
2016-08-31,2016-08,67,Iron and steel,THAI,Thailand,Thailand,11123000.0,11.123,False,,
2016-09-30,2016-09,67,Iron and steel,THAI,Thailand,Thailand,954000.0,0.954,False,,
2016-10-31,2016-10,67,Iron and steel,THAI,Thailand,Thailand,1126000.0,1.126,False,,
2016-11-30,2016-11,67,Iron and steel,THAI,Thailand,Thailand,13574000.0,13.574,False,,
2016-12-31,2016-12,67,Iron and steel,THAI,Thailand,Thailand,1182000.0,1.182,False,,
2017-01-31,2017-01,67,Iron and steel,THAI,Thailand,Thailand,24511000.0,24.511,False,,
2017-02-28,2017-02,67,Iron and steel,THAI,Thailand,Thailand,391000.0,0.391,False,,
2017-03-31,2017-03,67,Iron and steel,THAI,Thailand,Thailand,13362000.0,13.362,False,,
2017-04-30,2017-04,67,Iron and steel,THAI,Thailand,Thailand,571000.0,0.571,False,,
2017-05-31,2017-05,67,Iron and steel,THAI,Thailand,Thailand,14996000.0,14.996,False,,
2017-06-30,2017-06,67,Iron and steel,THAI,Thailand,Thailand,1050000.0,1.05,False,,
2017-07-31,2017-07,67,Iron and steel,THAI,Thailand,Thailand,1177000.0,1.177,False,,
2017-08-31,2017-08,67,Iron and steel,THAI,Thailand,Thailand,13325000.0,13.325,False,,
2017-09-30,2017-09,67,Iron and steel,THAI,Thailand,Thailand,833000.0,0.833,False,,
2017-10-31,2017-10,67,Iron and steel,THAI,Thailand,Thailand,1372000.0,1.372,False,,
2017-11-30,2017-11,67,Iron and steel,THAI,Thailand,Thailand,1608000.0,1.608,False,,
2017-12-31,2017-12,67,Iron and steel,THAI,Thailand,Thailand,16073000.0,16.073,False,,
2018-01-31,2018-01,67,Iron and steel,THAI,Thailand,Thailand,913000.0,0.913,False,,
2018-02-28,2018-02,67,Iron and steel,THAI,Thailand,Thailand,1074000.0,1.074,False,,
2018-03-31,2018-03,67,Iron and steel,THAI,Thailand,Thailand,12073000.0,12.073,False,,
2018-04-30,2018-04,67,Iron and steel,THAI,Thailand,Thailand,10483000.0,10.483,False,,
2018-05-31,2018-05,67,Iron and steel,THAI,Thailand,Thailand,1426000.0,1.426,False,,
2018-06-30,2018-06,67,Iron and steel,THAI,Thailand,Thailand,1601000.0,1.601,False,,
2018-07-31,2018-07,67,Iron and steel,THAI,Thailand,Thailand,8628000.0,8.628,False,,
2018-08-31,2018-08,67,Iron and steel,THAI,Thailand,Thailand,1477000.0,1.477,False,,
2018-09-30,2018-09,67,Iron and steel,THAI,Thailand,Thailand,2261000.0,2.261,False,,
2018-10-31,2018-10,67,Iron and steel,THAI,Thailand,Thailand,2757000.0,2.757,False,,
2018-11-30,2018-11,67,Iron and steel,THAI,Thailand,Thailand,3369000.0,3.369,False,,
2018-12-31,2018-12,67,Iron and steel,THAI,Thailand,Thailand,13006000.0,13.006,False,,
2019-01-31,2019-01,67,Iron and steel,THAI,Thailand,Thailand,765000.0,0.765,False,,
2019-02-28,2019-02,67,Iron and steel,THAI,Thailand,Thailand,1091000.0,1.091,False,,
2019-03-31,2019-03,67,Iron and steel,THAI,Thailand,Thailand,8616000.0,8.616,False,,
2019-04-30,2019-04,67,Iron and steel,THAI,Thailand,Thailand,10178000.0,10.178,False,,
2019-05-31,2019-05,67,Iron and steel,THAI,Thailand,Thailand,13695000.0,13.695,False,,
2019-06-30,2019-06,67,Iron and steel,THAI,Thailand,Thailand,24036000.0,24.036,False,,
2019-07-31,2019-07,67,Iron and steel,THAI,Thailand,Thailand,1601000.0,1.601,False,,
2019-08-31,2019-08,67,Iron and steel,THAI,Thailand,Thailand,770000.0,0.77,False,,
2019-09-30,2019-09,67,Iron and steel,THAI,Thailand,Thailand,1178000.0,1.178,False,,
2019-10-31,2019-10,67,Iron and steel,THAI,Thailand,Thailand,927000.0,0.927,False,,
2019-11-30,2019-11,67,Iron and steel,THAI,Thailand,Thailand,2460000.0,2.46,False,,
2019-12-31,2019-12,67,Iron and steel,THAI,Thailand,Thailand,293000.0,0.293,False,,
2020-01-31,2020-01,67,Iron and steel,THAI,Thailand,Thailand,14417000.0,14.417,False,,
2020-02-29,2020-02,67,Iron and steel,THAI,Thailand,Thailand,8408000.0,8.408,False,,
2020-03-31,2020-03,67,Iron and steel,THAI,Thailand,Thailand,875000.0,0.875,False,,
2020-04-30,2020-04,67,Iron and steel,THAI,Thailand,Thailand,9248000.0,9.248,False,,
2020-05-31,2020-05,67,Iron and steel,THAI,Thailand,Thailand,222000.0,0.222,False,,
2020-06-30,2020-06,67,Iron and steel,THAI,Thailand,Thailand,900000.0,0.9,False,,
2020-07-31,2020-07,67,Iron and steel,THAI,Thailand,Thailand,330000.0,0.33,False,,
2020-08-31,2020-08,67,Iron and steel,THAI,Thailand,Thailand,422000.0,0.422,False,,
2020-09-30,2020-09,67,Iron and steel,THAI,Thailand,Thailand,718000.0,0.718,False,,
2020-10-31,2020-10,67,Iron and steel,THAI,Thailand,Thailand,8405000.0,8.405,False,,
2020-11-30,2020-11,67,Iron and steel,THAI,Thailand,Thailand,154000.0,0.154,False,,
2020-12-31,2020-12,67,Iron and steel,THAI,Thailand,Thailand,746000.0,0.746,False,,
2021-01-31,2021-01,67,Iron and steel,THAI,Thailand,Thailand,505000.0,0.505,False,,
2021-02-28,2021-02,67,Iron and steel,THAI,Thailand,Thailand,325000.0,0.325,False,,
2021-03-31,2021-03,67,Iron and steel,THAI,Thailand,Thailand,147000.0,0.147,False,,
2021-04-30,2021-04,67,Iron and steel,THAI,Thailand,Thailand,412000.0,0.412,False,,
2021-05-31,2021-05,67,Iron and steel,THAI,Thailand,Thailand,430000.0,0.43,False,,
2021-06-30,2021-06,67,Iron and steel,THAI,Thailand,Thailand,38196000.0,38.196,False,,
2021-07-31,2021-07,67,Iron and steel,THAI,Thailand,Thailand,496000.0,0.496,False,,
2021-08-31,2021-08,67,Iron and steel,THAI,Thailand,Thailand,32396000.0,32.396,False,,
2021-09-30,2021-09,67,Iron and steel,THAI,Thailand,Thailand,273000.0,0.273,False,,
2021-10-31,2021-10,67,Iron and steel,THAI,Thailand,Thailand,979000.0,0.979,False,,
2021-11-30,2021-11,67,Iron and steel,THAI,Thailand,Thailand,1833000.0,1.833,False,,
2021-12-31,2021-12,67,Iron and steel,THAI,Thailand,Thailand,233000.0,0.233,False,,
2022-01-31,2022-01,67,Iron and steel,THAI,Thailand,Thailand,25299000.0,25.299,False,,
2022-02-28,2022-02,67,Iron and steel,THAI,Thailand,Thailand,558000.0,0.558,False,,
2022-03-31,2022-03,67,Iron and steel,THAI,Thailand,Thailand,32409000.0,32.409,False,,
2022-04-30,2022-04,67,Iron and steel,THAI,Thailand,Thailand,812000.0,0.812,False,,
2022-05-31,2022-05,67,Iron and steel,THAI,Thailand,Thailand,1149000.0,1.149,False,,
2022-06-30,2022-06,67,Iron and steel,THAI,Thailand,Thailand,1874000.0,1.874,False,,
2022-07-31,2022-07,67,Iron and steel,THAI,Thailand,Thailand,576000.0,0.576,False,,
2022-08-31,2022-08,67,Iron and steel,THAI,Thailand,Thailand,455000.0,0.455,False,,
2022-09-30,2022-09,67,Iron and steel,THAI,Thailand,Thailand,804000.0,0.804,False,,
2022-10-31,2022-10,67,Iron and steel,THAI,Thailand,Thailand,507000.0,0.507,False,,
2022-11-30,2022-11,67,Iron and steel,THAI,Thailand,Thailand,81000.0,0.081,False,,
2022-12-31,2022-12,67,Iron and steel,THAI,Thailand,Thailand,294000.0,0.294,False,,
2023-01-31,2023-01,67,Iron and steel,THAI,Thailand,Thailand,121000.0,0.121,False,,
2023-02-28,2023-02,67,Iron and steel,THAI,Thailand,Thailand,408000.0,0.408,False,,
2023-03-31,2023-03,67,Iron and steel,THAI,Thailand,Thailand,344000.0,0.344,False,,
2023-04-30,2023-04,67,Iron and steel,THAI,Thailand,Thailand,446000.0,0.446,False,,
2023-05-31,2023-05,67,Iron and steel,THAI,Thailand,Thailand,616000.0,0.616,False,,
2023-06-30,2023-06,67,Iron and steel,THAI,Thailand,Thailand,714000.0,0.714,False,,
2023-07-31,2023-07,67,Iron and steel,THAI,Thailand,Thailand,248000.0,0.248,False,,
2023-08-31,2023-08,67,Iron and steel,THAI,Thailand,Thailand,507000.0,0.507,False,,
2023-09-30,2023-09,67,Iron and steel,THAI,Thailand,Thailand,838000.0,0.838,False,,
2023-10-31,2023-10,67,Iron and steel,THAI,Thailand,Thailand,10029000.0,10.029,False,,
2023-11-30,2023-11,67,Iron and steel,THAI,Thailand,Thailand,488000.0,0.488,False,,
2023-12-31,2023-12,67,Iron and steel,THAI,Thailand,Thailand,917000.0,0.917,False,,
2024-01-31,2024-01,67,Iron and steel,THAI,Thailand,Thailand,84000.0,0.084,False,,
2024-02-29,2024-02,67,Iron and steel,THAI,Thailand,Thailand,310000.0,0.31,False,,
2024-03-31,2024-03,67,Iron and steel,THAI,Thailand,Thailand,820000.0,0.82,False,,
2024-04-30,2024-04,67,Iron and steel,THAI,Thailand,Thailand,478000.0,0.478,False,,
2024-05-31,2024-05,67,Iron and steel,THAI,Thailand,Thailand,2230000.0,2.23,False,,
2024-06-30,2024-06,67,Iron and steel,THAI,Thailand,Thailand,646000.0,0.646,False,,
2024-07-31,2024-07,67,Iron and steel,THAI,Thailand,Thailand,431000.0,0.431,False,,
2024-08-31,2024-08,67,Iron and steel,THAI,Thailand,Thailand,1045000.0,1.045,False,,
2024-09-30,2024-09,67,Iron and steel,THAI,Thailand,Thailand,885000.0,0.885,False,,
2024-10-31,2024-10,67,Iron and steel,THAI,Thailand,Thailand,63000.0,0.063,False,,
2024-11-30,2024-11,67,Iron and steel,THAI,Thailand,Thailand,5546000.0,5.546,False,,
2024-12-31,2024-12,67,Iron and steel,THAI,Thailand,Thailand,1204000.0,1.204,False,,
2025-01-31,2025-01,67,Iron and steel,THAI,Thailand,Thailand,1081000.0,1.081,False,,
2025-02-28,2025-02,67,Iron and steel,THAI,Thailand,Thailand,469000.0,0.469,False,,
2025-03-31,2025-03,67,Iron and steel,THAI,Thailand,Thailand,1708000.0,1.708,False,,
2025-04-30,2025-04,67,Iron and steel,THAI,Thailand,Thailand,1765000.0,1.765,False,,
2025-05-31,2025-05,67,Iron and steel,THAI,Thailand,Thailand,951000.0,0.951,False,,
2025-06-30,2025-06,67,Iron and steel,THAI,Thailand,Thailand,557000.0,0.557,False,,
2025-07-31,2025-07,67,Iron and steel,THAI,Thailand,Thailand,1923000.0,1.923,False,,
2025-08-31,2025-08,67,Iron and steel,THAI,Thailand,Thailand,538000.0,0.538,False,,
2025-09-30,2025-09,67,Iron and steel,THAI,Thailand,Thailand,710000.0,0.71,False,,
2025-10-31,2025-10,67,Iron and steel,THAI,Thailand,Thailand,599000.0,0.599,False,,
2025-11-30,2025-11,67,Iron and steel,THAI,Thailand,Thailand,346000.0,0.346,False,,
2025-12-31,2025-12,67,Iron and steel,THAI,Thailand,Thailand,276000.0,0.276,False,,
2026-01-31,2026-01,67,Iron and steel,THAI,Thailand,Thailand,42000.0,0.042,False,,
2026-02-28,2026-02,67,Iron and steel,THAI,Thailand,Thailand,833000.0,0.833,False,,
2026-03-31,2026-03,67,Iron and steel,THAI,Thailand,Thailand,260000.0,0.26,False,,
2026-04-30,2026-04,67,Iron and steel,THAI,Thailand,Thailand,953000.0,0.953,False,,
2026-05-31,2026-05,67,Iron and steel,THAI,Thailand,Thailand,489000.0,0.489,False,,
2026-06-30,2026-06,67,Iron and steel,THAI,Thailand,Thailand,780000.0,0.78,False,,
2015-01-31,2015-01,67,Iron and steel,VIET,Vietnam,Vietnam,379000.0,0.379,False,,
2015-02-28,2015-02,67,Iron and steel,VIET,Vietnam,Vietnam,337000.0,0.337,False,,
2015-03-31,2015-03,67,Iron and steel,VIET,Vietnam,Vietnam,10076000.0,10.076,False,,
2015-04-30,2015-04,67,Iron and steel,VIET,Vietnam,Vietnam,36000.0,0.036,False,,
2015-05-31,2015-05,67,Iron and steel,VIET,Vietnam,Vietnam,6123000.0,6.123,False,,
2015-06-30,2015-06,67,Iron and steel,VIET,Vietnam,Vietnam,109000.0,0.109,False,,
2015-07-31,2015-07,67,Iron and steel,VIET,Vietnam,Vietnam,0.0,0.0,False,,
2015-08-31,2015-08,67,Iron and steel,VIET,Vietnam,Vietnam,2253000.0,2.253,False,,
2015-09-30,2015-09,67,Iron and steel,VIET,Vietnam,Vietnam,25000.0,0.025,False,,
2015-10-31,2015-10,67,Iron and steel,VIET,Vietnam,Vietnam,261000.0,0.261,False,,
2015-11-30,2015-11,67,Iron and steel,VIET,Vietnam,Vietnam,495000.0,0.495,False,,
2015-12-31,2015-12,67,Iron and steel,VIET,Vietnam,Vietnam,474000.0,0.474,False,,
2016-01-31,2016-01,67,Iron and steel,VIET,Vietnam,Vietnam,55000.0,0.055,False,,
2016-02-29,2016-02,67,Iron and steel,VIET,Vietnam,Vietnam,146000.0,0.146,False,,
2016-03-31,2016-03,67,Iron and steel,VIET,Vietnam,Vietnam,1839000.0,1.839,False,,
2016-04-30,2016-04,67,Iron and steel,VIET,Vietnam,Vietnam,1695000.0,1.695,False,,
2016-05-31,2016-05,67,Iron and steel,VIET,Vietnam,Vietnam,9966000.0,9.966,False,,
2016-06-30,2016-06,67,Iron and steel,VIET,Vietnam,Vietnam,8979000.0,8.979,False,,
2016-07-31,2016-07,67,Iron and steel,VIET,Vietnam,Vietnam,,,True,,
2016-08-31,2016-08,67,Iron and steel,VIET,Vietnam,Vietnam,428000.0,0.428,False,,
2016-09-30,2016-09,67,Iron and steel,VIET,Vietnam,Vietnam,983000.0,0.983,False,,
2016-10-31,2016-10,67,Iron and steel,VIET,Vietnam,Vietnam,3444000.0,3.444,False,,
2016-11-30,2016-11,67,Iron and steel,VIET,Vietnam,Vietnam,146000.0,0.146,False,,
2016-12-31,2016-12,67,Iron and steel,VIET,Vietnam,Vietnam,948000.0,0.948,False,,
2017-01-31,2017-01,67,Iron and steel,VIET,Vietnam,Vietnam,520000.0,0.52,False,,
2017-02-28,2017-02,67,Iron and steel,VIET,Vietnam,Vietnam,327000.0,0.327,False,,
2017-03-31,2017-03,67,Iron and steel,VIET,Vietnam,Vietnam,1160000.0,1.16,False,,
2017-04-30,2017-04,67,Iron and steel,VIET,Vietnam,Vietnam,878000.0,0.878,False,,
2017-05-31,2017-05,67,Iron and steel,VIET,Vietnam,Vietnam,5025000.0,5.025,False,,
2017-06-30,2017-06,67,Iron and steel,VIET,Vietnam,Vietnam,386000.0,0.386,False,,
2017-07-31,2017-07,67,Iron and steel,VIET,Vietnam,Vietnam,1070000.0,1.07,False,,
2017-08-31,2017-08,67,Iron and steel,VIET,Vietnam,Vietnam,2193000.0,2.193,False,,
2017-09-30,2017-09,67,Iron and steel,VIET,Vietnam,Vietnam,1129000.0,1.129,False,,
2017-10-31,2017-10,67,Iron and steel,VIET,Vietnam,Vietnam,3293000.0,3.293,False,,
2017-11-30,2017-11,67,Iron and steel,VIET,Vietnam,Vietnam,1017000.0,1.017,False,,
2017-12-31,2017-12,67,Iron and steel,VIET,Vietnam,Vietnam,2558000.0,2.558,False,,
2018-01-31,2018-01,67,Iron and steel,VIET,Vietnam,Vietnam,2498000.0,2.498,False,,
2018-02-28,2018-02,67,Iron and steel,VIET,Vietnam,Vietnam,3059000.0,3.059,False,,
2018-03-31,2018-03,67,Iron and steel,VIET,Vietnam,Vietnam,149000.0,0.149,False,,
2018-04-30,2018-04,67,Iron and steel,VIET,Vietnam,Vietnam,4768000.0,4.768,False,,
2018-05-31,2018-05,67,Iron and steel,VIET,Vietnam,Vietnam,1784000.0,1.784,False,,
2018-06-30,2018-06,67,Iron and steel,VIET,Vietnam,Vietnam,207000.0,0.207,False,,
2018-07-31,2018-07,67,Iron and steel,VIET,Vietnam,Vietnam,1087000.0,1.087,False,,
2018-08-31,2018-08,67,Iron and steel,VIET,Vietnam,Vietnam,5321000.0,5.321,False,,
2018-09-30,2018-09,67,Iron and steel,VIET,Vietnam,Vietnam,41000.0,0.041,False,,
2018-10-31,2018-10,67,Iron and steel,VIET,Vietnam,Vietnam,587000.0,0.587,False,,
2018-11-30,2018-11,67,Iron and steel,VIET,Vietnam,Vietnam,3753000.0,3.753,False,,
2018-12-31,2018-12,67,Iron and steel,VIET,Vietnam,Vietnam,962000.0,0.962,False,,
2019-01-31,2019-01,67,Iron and steel,VIET,Vietnam,Vietnam,525000.0,0.525,False,,
2019-02-28,2019-02,67,Iron and steel,VIET,Vietnam,Vietnam,485000.0,0.485,False,,
2019-03-31,2019-03,67,Iron and steel,VIET,Vietnam,Vietnam,2657000.0,2.657,False,,
2019-04-30,2019-04,67,Iron and steel,VIET,Vietnam,Vietnam,3644000.0,3.644,False,,
2019-05-31,2019-05,67,Iron and steel,VIET,Vietnam,Vietnam,19828000.0,19.828,False,,
2019-06-30,2019-06,67,Iron and steel,VIET,Vietnam,Vietnam,575000.0,0.575,False,,
2019-07-31,2019-07,67,Iron and steel,VIET,Vietnam,Vietnam,994000.0,0.994,False,,
2019-08-31,2019-08,67,Iron and steel,VIET,Vietnam,Vietnam,6615000.0,6.615,False,,
2019-09-30,2019-09,67,Iron and steel,VIET,Vietnam,Vietnam,3781000.0,3.781,False,,
2019-10-31,2019-10,67,Iron and steel,VIET,Vietnam,Vietnam,1924000.0,1.924,False,,
2019-11-30,2019-11,67,Iron and steel,VIET,Vietnam,Vietnam,19305000.0,19.305,False,,
2019-12-31,2019-12,67,Iron and steel,VIET,Vietnam,Vietnam,3837000.0,3.837,False,,
2020-01-31,2020-01,67,Iron and steel,VIET,Vietnam,Vietnam,885000.0,0.885,False,,
2020-02-29,2020-02,67,Iron and steel,VIET,Vietnam,Vietnam,404000.0,0.404,False,,
2020-03-31,2020-03,67,Iron and steel,VIET,Vietnam,Vietnam,17530000.0,17.53,False,,
2020-04-30,2020-04,67,Iron and steel,VIET,Vietnam,Vietnam,600000.0,0.6,False,,
2020-05-31,2020-05,67,Iron and steel,VIET,Vietnam,Vietnam,2829000.0,2.829,False,,
2020-06-30,2020-06,67,Iron and steel,VIET,Vietnam,Vietnam,14897000.0,14.897,False,,
2020-07-31,2020-07,67,Iron and steel,VIET,Vietnam,Vietnam,192000.0,0.192,False,,
2020-08-31,2020-08,67,Iron and steel,VIET,Vietnam,Vietnam,3147000.0,3.147,False,,
2020-09-30,2020-09,67,Iron and steel,VIET,Vietnam,Vietnam,16289000.0,16.289,False,,
2020-10-31,2020-10,67,Iron and steel,VIET,Vietnam,Vietnam,1967000.0,1.967,False,,
2020-11-30,2020-11,67,Iron and steel,VIET,Vietnam,Vietnam,223000.0,0.223,False,,
2020-12-31,2020-12,67,Iron and steel,VIET,Vietnam,Vietnam,2083000.0,2.083,False,,
2021-01-31,2021-01,67,Iron and steel,VIET,Vietnam,Vietnam,76000.0,0.076,False,,
2021-02-28,2021-02,67,Iron and steel,VIET,Vietnam,Vietnam,222000.0,0.222,False,,
2021-03-31,2021-03,67,Iron and steel,VIET,Vietnam,Vietnam,10000.0,0.01,False,,
2021-04-30,2021-04,67,Iron and steel,VIET,Vietnam,Vietnam,3031000.0,3.031,False,,
2021-05-31,2021-05,67,Iron and steel,VIET,Vietnam,Vietnam,217000.0,0.217,False,,
2021-06-30,2021-06,67,Iron and steel,VIET,Vietnam,Vietnam,122000.0,0.122,False,,
2021-07-31,2021-07,67,Iron and steel,VIET,Vietnam,Vietnam,478000.0,0.478,False,,
2021-08-31,2021-08,67,Iron and steel,VIET,Vietnam,Vietnam,5752000.0,5.752,False,,
2021-09-30,2021-09,67,Iron and steel,VIET,Vietnam,Vietnam,206000.0,0.206,False,,
2021-10-31,2021-10,67,Iron and steel,VIET,Vietnam,Vietnam,7000.0,0.007,False,,
2021-11-30,2021-11,67,Iron and steel,VIET,Vietnam,Vietnam,200000.0,0.2,False,,
2021-12-31,2021-12,67,Iron and steel,VIET,Vietnam,Vietnam,4880000.0,4.88,False,,
2022-01-31,2022-01,67,Iron and steel,VIET,Vietnam,Vietnam,64000.0,0.064,False,,
2022-02-28,2022-02,67,Iron and steel,VIET,Vietnam,Vietnam,667000.0,0.667,False,,
2022-03-31,2022-03,67,Iron and steel,VIET,Vietnam,Vietnam,75000.0,0.075,False,,
2022-04-30,2022-04,67,Iron and steel,VIET,Vietnam,Vietnam,24463000.0,24.463,False,,
2022-05-31,2022-05,67,Iron and steel,VIET,Vietnam,Vietnam,1928000.0,1.928,False,,
2022-06-30,2022-06,67,Iron and steel,VIET,Vietnam,Vietnam,581000.0,0.581,False,,
2022-07-31,2022-07,67,Iron and steel,VIET,Vietnam,Vietnam,824000.0,0.824,False,,
2022-08-31,2022-08,67,Iron and steel,VIET,Vietnam,Vietnam,28121000.0,28.121,False,,
2022-09-30,2022-09,67,Iron and steel,VIET,Vietnam,Vietnam,853000.0,0.853,False,,
2022-10-31,2022-10,67,Iron and steel,VIET,Vietnam,Vietnam,18798000.0,18.798,False,,
2022-11-30,2022-11,67,Iron and steel,VIET,Vietnam,Vietnam,1092000.0,1.092,False,,
2022-12-31,2022-12,67,Iron and steel,VIET,Vietnam,Vietnam,7160000.0,7.16,False,,
2023-01-31,2023-01,67,Iron and steel,VIET,Vietnam,Vietnam,698000.0,0.698,False,,
2023-02-28,2023-02,67,Iron and steel,VIET,Vietnam,Vietnam,160000.0,0.16,False,,
2023-03-31,2023-03,67,Iron and steel,VIET,Vietnam,Vietnam,20875000.0,20.875,False,,
2023-04-30,2023-04,67,Iron and steel,VIET,Vietnam,Vietnam,667000.0,0.667,False,,
2023-05-31,2023-05,67,Iron and steel,VIET,Vietnam,Vietnam,4642000.0,4.642,False,,
2023-06-30,2023-06,67,Iron and steel,VIET,Vietnam,Vietnam,2576000.0,2.576,False,,
2023-07-31,2023-07,67,Iron and steel,VIET,Vietnam,Vietnam,337000.0,0.337,False,,
2023-08-31,2023-08,67,Iron and steel,VIET,Vietnam,Vietnam,355000.0,0.355,False,,
2023-09-30,2023-09,67,Iron and steel,VIET,Vietnam,Vietnam,1208000.0,1.208,False,,
2023-10-31,2023-10,67,Iron and steel,VIET,Vietnam,Vietnam,4626000.0,4.626,False,,
2023-11-30,2023-11,67,Iron and steel,VIET,Vietnam,Vietnam,487000.0,0.487,False,,
2023-12-31,2023-12,67,Iron and steel,VIET,Vietnam,Vietnam,2397000.0,2.397,False,,
2024-01-31,2024-01,67,Iron and steel,VIET,Vietnam,Vietnam,729000.0,0.729,False,,
2024-02-29,2024-02,67,Iron and steel,VIET,Vietnam,Vietnam,447000.0,0.447,False,,
2024-03-31,2024-03,67,Iron and steel,VIET,Vietnam,Vietnam,8304000.0,8.304,False,,
2024-04-30,2024-04,67,Iron and steel,VIET,Vietnam,Vietnam,1969000.0,1.969,False,,
2024-05-31,2024-05,67,Iron and steel,VIET,Vietnam,Vietnam,429000.0,0.429,False,,
2024-06-30,2024-06,67,Iron and steel,VIET,Vietnam,Vietnam,1150000.0,1.15,False,,
2024-07-31,2024-07,67,Iron and steel,VIET,Vietnam,Vietnam,1344000.0,1.344,False,,
2024-08-31,2024-08,67,Iron and steel,VIET,Vietnam,Vietnam,2297000.0,2.297,False,,
2024-09-30,2024-09,67,Iron and steel,VIET,Vietnam,Vietnam,9963000.0,9.963,False,,
2024-10-31,2024-10,67,Iron and steel,VIET,Vietnam,Vietnam,1619000.0,1.619,False,,
2024-11-30,2024-11,67,Iron and steel,VIET,Vietnam,Vietnam,3490000.0,3.49,False,,
2024-12-31,2024-12,67,Iron and steel,VIET,Vietnam,Vietnam,893000.0,0.893,False,,
2025-01-31,2025-01,67,Iron and steel,VIET,Vietnam,Vietnam,1758000.0,1.758,False,,
2025-02-28,2025-02,67,Iron and steel,VIET,Vietnam,Vietnam,2033000.0,2.033,False,,
2025-03-31,2025-03,67,Iron and steel,VIET,Vietnam,Vietnam,10620000.0,10.62,False,,
2025-04-30,2025-04,67,Iron and steel,VIET,Vietnam,Vietnam,1766000.0,1.766,False,,
2025-05-31,2025-05,67,Iron and steel,VIET,Vietnam,Vietnam,2797000.0,2.797,False,,
2025-06-30,2025-06,67,Iron and steel,VIET,Vietnam,Vietnam,1707000.0,1.707,False,,
2025-07-31,2025-07,67,Iron and steel,VIET,Vietnam,Vietnam,2249000.0,2.249,False,,
2025-08-31,2025-08,67,Iron and steel,VIET,Vietnam,Vietnam,1731000.0,1.731,False,,
2025-09-30,2025-09,67,Iron and steel,VIET,Vietnam,Vietnam,1818000.0,1.818,False,,
2025-10-31,2025-10,67,Iron and steel,VIET,Vietnam,Vietnam,7779000.0,7.779,False,,
2025-11-30,2025-11,67,Iron and steel,VIET,Vietnam,Vietnam,2591000.0,2.591,False,,
2025-12-31,2025-12,67,Iron and steel,VIET,Vietnam,Vietnam,1844000.0,1.844,False,,
2026-01-31,2026-01,67,Iron and steel,VIET,Vietnam,Vietnam,318000.0,0.318,False,,
2026-02-28,2026-02,67,Iron and steel,VIET,Vietnam,Vietnam,2237000.0,2.237,False,,
2026-03-31,2026-03,67,Iron and steel,VIET,Vietnam,Vietnam,2701000.0,2.701,False,,
2026-04-30,2026-04,67,Iron and steel,VIET,Vietnam,Vietnam,1056000.0,1.056,False,,
2026-05-31,2026-05,67,Iron and steel,VIET,Vietnam,Vietnam,1809000.0,1.809,False,,
2026-06-30,2026-06,67,Iron and steel,VIET,Vietnam,Vietnam,2570000.0,2.57,False,,
2015-01-31,2015-01,68,Non-ferrous metals,CHIN,China,China (excludes SARs and Taiwan),204488000.0,204.488,False,,
2015-02-28,2015-02,68,Non-ferrous metals,CHIN,China,China (excludes SARs and Taiwan),138729000.0,138.729,False,,
2015-03-31,2015-03,68,Non-ferrous metals,CHIN,China,China (excludes SARs and Taiwan),222850000.0,222.85,False,,
2015-04-30,2015-04,68,Non-ferrous metals,CHIN,China,China (excludes SARs and Taiwan),160841000.0,160.841,False,,
2015-05-31,2015-05,68,Non-ferrous metals,CHIN,China,China (excludes SARs and Taiwan),214046000.0,214.046,False,,
2015-06-30,2015-06,68,Non-ferrous metals,CHIN,China,China (excludes SARs and Taiwan),198592000.0,198.592,False,,
2015-07-31,2015-07,68,Non-ferrous metals,CHIN,China,China (excludes SARs and Taiwan),237280000.0,237.28,False,,
2015-08-31,2015-08,68,Non-ferrous metals,CHIN,China,China (excludes SARs and Taiwan),184395000.0,184.395,False,,
2015-09-30,2015-09,68,Non-ferrous metals,CHIN,China,China (excludes SARs and Taiwan),293323000.0,293.323,False,,
2015-10-31,2015-10,68,Non-ferrous metals,CHIN,China,China (excludes SARs and Taiwan),316752000.0,316.752,False,,
2015-11-30,2015-11,68,Non-ferrous metals,CHIN,China,China (excludes SARs and Taiwan),252631000.0,252.631,False,,
2015-12-31,2015-12,68,Non-ferrous metals,CHIN,China,China (excludes SARs and Taiwan),291732000.0,291.732,False,,
2016-01-31,2016-01,68,Non-ferrous metals,CHIN,China,China (excludes SARs and Taiwan),184871000.0,184.871,False,,
2016-02-29,2016-02,68,Non-ferrous metals,CHIN,China,China (excludes SARs and Taiwan),244634000.0,244.634,False,,
2016-03-31,2016-03,68,Non-ferrous metals,CHIN,China,China (excludes SARs and Taiwan),152211000.0,152.211,False,,
2016-04-30,2016-04,68,Non-ferrous metals,CHIN,China,China (excludes SARs and Taiwan),153467000.0,153.467,False,,
2016-05-31,2016-05,68,Non-ferrous metals,CHIN,China,China (excludes SARs and Taiwan),177780000.0,177.78,False,,
2016-06-30,2016-06,68,Non-ferrous metals,CHIN,China,China (excludes SARs and Taiwan),204638000.0,204.638,False,,
2016-07-31,2016-07,68,Non-ferrous metals,CHIN,China,China (excludes SARs and Taiwan),131071000.0,131.071,False,,
2016-08-31,2016-08,68,Non-ferrous metals,CHIN,China,China (excludes SARs and Taiwan),158246000.0,158.246,False,,
2016-09-30,2016-09,68,Non-ferrous metals,CHIN,China,China (excludes SARs and Taiwan),131058000.0,131.058,False,,
2016-10-31,2016-10,68,Non-ferrous metals,CHIN,China,China (excludes SARs and Taiwan),105625000.0,105.625,False,,
2016-11-30,2016-11,68,Non-ferrous metals,CHIN,China,China (excludes SARs and Taiwan),177795000.0,177.795,False,,
2016-12-31,2016-12,68,Non-ferrous metals,CHIN,China,China (excludes SARs and Taiwan),185271000.0,185.271,False,,
2017-01-31,2017-01,68,Non-ferrous metals,CHIN,China,China (excludes SARs and Taiwan),69146000.0,69.146,False,,
2017-02-28,2017-02,68,Non-ferrous metals,CHIN,China,China (excludes SARs and Taiwan),168282000.0,168.282,False,,
2017-03-31,2017-03,68,Non-ferrous metals,CHIN,China,China (excludes SARs and Taiwan),147528000.0,147.528,False,,
2017-04-30,2017-04,68,Non-ferrous metals,CHIN,China,China (excludes SARs and Taiwan),156351000.0,156.351,False,,
2017-05-31,2017-05,68,Non-ferrous metals,CHIN,China,China (excludes SARs and Taiwan),208977000.0,208.977,False,,
2017-06-30,2017-06,68,Non-ferrous metals,CHIN,China,China (excludes SARs and Taiwan),192498000.0,192.498,False,,
2017-07-31,2017-07,68,Non-ferrous metals,CHIN,China,China (excludes SARs and Taiwan),165497000.0,165.497,False,,
2017-08-31,2017-08,68,Non-ferrous metals,CHIN,China,China (excludes SARs and Taiwan),105478000.0,105.478,False,,
2017-09-30,2017-09,68,Non-ferrous metals,CHIN,China,China (excludes SARs and Taiwan),183706000.0,183.706,False,,
2017-10-31,2017-10,68,Non-ferrous metals,CHIN,China,China (excludes SARs and Taiwan),166476000.0,166.476,False,,
2017-11-30,2017-11,68,Non-ferrous metals,CHIN,China,China (excludes SARs and Taiwan),216560000.0,216.56,False,,
2017-12-31,2017-12,68,Non-ferrous metals,CHIN,China,China (excludes SARs and Taiwan),164373000.0,164.373,False,,
2018-01-31,2018-01,68,Non-ferrous metals,CHIN,China,China (excludes SARs and Taiwan),176440000.0,176.44,False,,
2018-02-28,2018-02,68,Non-ferrous metals,CHIN,China,China (excludes SARs and Taiwan),145367000.0,145.367,False,,
2018-03-31,2018-03,68,Non-ferrous metals,CHIN,China,China (excludes SARs and Taiwan),102796000.0,102.796,False,,
2018-04-30,2018-04,68,Non-ferrous metals,CHIN,China,China (excludes SARs and Taiwan),175572000.0,175.572,False,,
2018-05-31,2018-05,68,Non-ferrous metals,CHIN,China,China (excludes SARs and Taiwan),128659000.0,128.659,False,,
2018-06-30,2018-06,68,Non-ferrous metals,CHIN,China,China (excludes SARs and Taiwan),115949000.0,115.949,False,,
2018-07-31,2018-07,68,Non-ferrous metals,CHIN,China,China (excludes SARs and Taiwan),242237000.0,242.237,False,,
2018-08-31,2018-08,68,Non-ferrous metals,CHIN,China,China (excludes SARs and Taiwan),185525000.0,185.525,False,,
2018-09-30,2018-09,68,Non-ferrous metals,CHIN,China,China (excludes SARs and Taiwan),159484000.0,159.484,False,,
2018-10-31,2018-10,68,Non-ferrous metals,CHIN,China,China (excludes SARs and Taiwan),231369000.0,231.369,False,,
2018-11-30,2018-11,68,Non-ferrous metals,CHIN,China,China (excludes SARs and Taiwan),121870000.0,121.87,False,,
2018-12-31,2018-12,68,Non-ferrous metals,CHIN,China,China (excludes SARs and Taiwan),176965000.0,176.965,False,,
2019-01-31,2019-01,68,Non-ferrous metals,CHIN,China,China (excludes SARs and Taiwan),124195000.0,124.195,False,,
2019-02-28,2019-02,68,Non-ferrous metals,CHIN,China,China (excludes SARs and Taiwan),131185000.0,131.185,False,,
2019-03-31,2019-03,68,Non-ferrous metals,CHIN,China,China (excludes SARs and Taiwan),194419000.0,194.419,False,,
2019-04-30,2019-04,68,Non-ferrous metals,CHIN,China,China (excludes SARs and Taiwan),321593000.0,321.593,False,,
2019-05-31,2019-05,68,Non-ferrous metals,CHIN,China,China (excludes SARs and Taiwan),124800000.0,124.8,False,,
2019-06-30,2019-06,68,Non-ferrous metals,CHIN,China,China (excludes SARs and Taiwan),227638000.0,227.638,False,,
2019-07-31,2019-07,68,Non-ferrous metals,CHIN,China,China (excludes SARs and Taiwan),119000000.0,119.0,False,,
2019-08-31,2019-08,68,Non-ferrous metals,CHIN,China,China (excludes SARs and Taiwan),113484000.0,113.484,False,,
2019-09-30,2019-09,68,Non-ferrous metals,CHIN,China,China (excludes SARs and Taiwan),113861000.0,113.861,False,,
2019-10-31,2019-10,68,Non-ferrous metals,CHIN,China,China (excludes SARs and Taiwan),149483000.0,149.483,False,,
2019-11-30,2019-11,68,Non-ferrous metals,CHIN,China,China (excludes SARs and Taiwan),140517000.0,140.517,False,,
2019-12-31,2019-12,68,Non-ferrous metals,CHIN,China,China (excludes SARs and Taiwan),190148000.0,190.148,False,,
2020-01-31,2020-01,68,Non-ferrous metals,CHIN,China,China (excludes SARs and Taiwan),112066000.0,112.066,False,,
2020-02-29,2020-02,68,Non-ferrous metals,CHIN,China,China (excludes SARs and Taiwan),170629000.0,170.629,False,,
2020-03-31,2020-03,68,Non-ferrous metals,CHIN,China,China (excludes SARs and Taiwan),129794000.0,129.794,False,,
2020-04-30,2020-04,68,Non-ferrous metals,CHIN,China,China (excludes SARs and Taiwan),123663000.0,123.663,False,,
2020-05-31,2020-05,68,Non-ferrous metals,CHIN,China,China (excludes SARs and Taiwan),161218000.0,161.218,False,,
2020-06-30,2020-06,68,Non-ferrous metals,CHIN,China,China (excludes SARs and Taiwan),226037000.0,226.037,False,,
2020-07-31,2020-07,68,Non-ferrous metals,CHIN,China,China (excludes SARs and Taiwan),207537000.0,207.537,False,,
2020-08-31,2020-08,68,Non-ferrous metals,CHIN,China,China (excludes SARs and Taiwan),314004000.0,314.004,False,,
2020-09-30,2020-09,68,Non-ferrous metals,CHIN,China,China (excludes SARs and Taiwan),248428000.0,248.428,False,,
2020-10-31,2020-10,68,Non-ferrous metals,CHIN,China,China (excludes SARs and Taiwan),244539000.0,244.539,False,,
2020-11-30,2020-11,68,Non-ferrous metals,CHIN,China,China (excludes SARs and Taiwan),190585000.0,190.585,False,,
2020-12-31,2020-12,68,Non-ferrous metals,CHIN,China,China (excludes SARs and Taiwan),260490000.0,260.49,False,,
2021-01-31,2021-01,68,Non-ferrous metals,CHIN,China,China (excludes SARs and Taiwan),181609000.0,181.609,False,,
2021-02-28,2021-02,68,Non-ferrous metals,CHIN,China,China (excludes SARs and Taiwan),191180000.0,191.18,False,,
2021-03-31,2021-03,68,Non-ferrous metals,CHIN,China,China (excludes SARs and Taiwan),269888000.0,269.888,False,,
2021-04-30,2021-04,68,Non-ferrous metals,CHIN,China,China (excludes SARs and Taiwan),184328000.0,184.328,False,,
2021-05-31,2021-05,68,Non-ferrous metals,CHIN,China,China (excludes SARs and Taiwan),248205000.0,248.205,False,,
2021-06-30,2021-06,68,Non-ferrous metals,CHIN,China,China (excludes SARs and Taiwan),143198000.0,143.198,False,,
2021-07-31,2021-07,68,Non-ferrous metals,CHIN,China,China (excludes SARs and Taiwan),176825000.0,176.825,False,,
2021-08-31,2021-08,68,Non-ferrous metals,CHIN,China,China (excludes SARs and Taiwan),332204000.0,332.204,False,,
2021-09-30,2021-09,68,Non-ferrous metals,CHIN,China,China (excludes SARs and Taiwan),125746000.0,125.746,False,,
2021-10-31,2021-10,68,Non-ferrous metals,CHIN,China,China (excludes SARs and Taiwan),153520000.0,153.52,False,,
2021-11-30,2021-11,68,Non-ferrous metals,CHIN,China,China (excludes SARs and Taiwan),344022000.0,344.022,False,,
2021-12-31,2021-12,68,Non-ferrous metals,CHIN,China,China (excludes SARs and Taiwan),177427000.0,177.427,False,,
2022-01-31,2022-01,68,Non-ferrous metals,CHIN,China,China (excludes SARs and Taiwan),241706000.0,241.706,False,,
2022-02-28,2022-02,68,Non-ferrous metals,CHIN,China,China (excludes SARs and Taiwan),164980000.0,164.98,False,,
2022-03-31,2022-03,68,Non-ferrous metals,CHIN,China,China (excludes SARs and Taiwan),187537000.0,187.537,False,,
2022-04-30,2022-04,68,Non-ferrous metals,CHIN,China,China (excludes SARs and Taiwan),183774000.0,183.774,False,,
2022-05-31,2022-05,68,Non-ferrous metals,CHIN,China,China (excludes SARs and Taiwan),171460000.0,171.46,False,,
2022-06-30,2022-06,68,Non-ferrous metals,CHIN,China,China (excludes SARs and Taiwan),182875000.0,182.875,False,,
2022-07-31,2022-07,68,Non-ferrous metals,CHIN,China,China (excludes SARs and Taiwan),173034000.0,173.034,False,,
2022-08-31,2022-08,68,Non-ferrous metals,CHIN,China,China (excludes SARs and Taiwan),124101000.0,124.101,False,,
2022-09-30,2022-09,68,Non-ferrous metals,CHIN,China,China (excludes SARs and Taiwan),187859000.0,187.859,False,,
2022-10-31,2022-10,68,Non-ferrous metals,CHIN,China,China (excludes SARs and Taiwan),289082000.0,289.082,False,,
2022-11-30,2022-11,68,Non-ferrous metals,CHIN,China,China (excludes SARs and Taiwan),324909000.0,324.909,False,,
2022-12-31,2022-12,68,Non-ferrous metals,CHIN,China,China (excludes SARs and Taiwan),103996000.0,103.996,False,,
2023-01-31,2023-01,68,Non-ferrous metals,CHIN,China,China (excludes SARs and Taiwan),210590000.0,210.59,False,,
2023-02-28,2023-02,68,Non-ferrous metals,CHIN,China,China (excludes SARs and Taiwan),212266000.0,212.266,False,,
2023-03-31,2023-03,68,Non-ferrous metals,CHIN,China,China (excludes SARs and Taiwan),207986000.0,207.986,False,,
2023-04-30,2023-04,68,Non-ferrous metals,CHIN,China,China (excludes SARs and Taiwan),162277000.0,162.277,False,,
2023-05-31,2023-05,68,Non-ferrous metals,CHIN,China,China (excludes SARs and Taiwan),225131000.0,225.131,False,,
2023-06-30,2023-06,68,Non-ferrous metals,CHIN,China,China (excludes SARs and Taiwan),352411000.0,352.411,False,,
2023-07-31,2023-07,68,Non-ferrous metals,CHIN,China,China (excludes SARs and Taiwan),269424000.0,269.424,False,,
2023-08-31,2023-08,68,Non-ferrous metals,CHIN,China,China (excludes SARs and Taiwan),266450000.0,266.45,False,,
2023-09-30,2023-09,68,Non-ferrous metals,CHIN,China,China (excludes SARs and Taiwan),271496000.0,271.496,False,,
2023-10-31,2023-10,68,Non-ferrous metals,CHIN,China,China (excludes SARs and Taiwan),336627000.0,336.627,False,,
2023-11-30,2023-11,68,Non-ferrous metals,CHIN,China,China (excludes SARs and Taiwan),256089000.0,256.089,False,,
2023-12-31,2023-12,68,Non-ferrous metals,CHIN,China,China (excludes SARs and Taiwan),240751000.0,240.751,False,,
2024-01-31,2024-01,68,Non-ferrous metals,CHIN,China,China (excludes SARs and Taiwan),196066000.0,196.066,False,,
2024-02-29,2024-02,68,Non-ferrous metals,CHIN,China,China (excludes SARs and Taiwan),259621000.0,259.621,False,,
2024-03-31,2024-03,68,Non-ferrous metals,CHIN,China,China (excludes SARs and Taiwan),222137000.0,222.137,False,,
2024-04-30,2024-04,68,Non-ferrous metals,CHIN,China,China (excludes SARs and Taiwan),336265000.0,336.265,False,,
2024-05-31,2024-05,68,Non-ferrous metals,CHIN,China,China (excludes SARs and Taiwan),236467000.0,236.467,False,,
2024-06-30,2024-06,68,Non-ferrous metals,CHIN,China,China (excludes SARs and Taiwan),240184000.0,240.184,False,,
2024-07-31,2024-07,68,Non-ferrous metals,CHIN,China,China (excludes SARs and Taiwan),294834000.0,294.834,False,,
2024-08-31,2024-08,68,Non-ferrous metals,CHIN,China,China (excludes SARs and Taiwan),200253000.0,200.253,False,,
2024-09-30,2024-09,68,Non-ferrous metals,CHIN,China,China (excludes SARs and Taiwan),227352000.0,227.352,False,,
2024-10-31,2024-10,68,Non-ferrous metals,CHIN,China,China (excludes SARs and Taiwan),272861000.0,272.861,False,,
2024-11-30,2024-11,68,Non-ferrous metals,CHIN,China,China (excludes SARs and Taiwan),154150000.0,154.15,False,,
2024-12-31,2024-12,68,Non-ferrous metals,CHIN,China,China (excludes SARs and Taiwan),141426000.0,141.426,False,,
2025-01-31,2025-01,68,Non-ferrous metals,CHIN,China,China (excludes SARs and Taiwan),208164000.0,208.164,False,,
2025-02-28,2025-02,68,Non-ferrous metals,CHIN,China,China (excludes SARs and Taiwan),136791000.0,136.791,False,,
2025-03-31,2025-03,68,Non-ferrous metals,CHIN,China,China (excludes SARs and Taiwan),120188000.0,120.188,False,,
2025-04-30,2025-04,68,Non-ferrous metals,CHIN,China,China (excludes SARs and Taiwan),103743000.0,103.743,False,,
2025-05-31,2025-05,68,Non-ferrous metals,CHIN,China,China (excludes SARs and Taiwan),165035000.0,165.035,False,,
2025-06-30,2025-06,68,Non-ferrous metals,CHIN,China,China (excludes SARs and Taiwan),105171000.0,105.171,False,,
2025-07-31,2025-07,68,Non-ferrous metals,CHIN,China,China (excludes SARs and Taiwan),85693000.0,85.693,False,,
2025-08-31,2025-08,68,Non-ferrous metals,CHIN,China,China (excludes SARs and Taiwan),145249000.0,145.249,False,,
2025-09-30,2025-09,68,Non-ferrous metals,CHIN,China,China (excludes SARs and Taiwan),132262000.0,132.262,False,,
2025-10-31,2025-10,68,Non-ferrous metals,CHIN,China,China (excludes SARs and Taiwan),97574000.0,97.574,False,,
2025-11-30,2025-11,68,Non-ferrous metals,CHIN,China,China (excludes SARs and Taiwan),186463000.0,186.463,False,,
2025-12-31,2025-12,68,Non-ferrous metals,CHIN,China,China (excludes SARs and Taiwan),98900000.0,98.9,False,,
2026-01-31,2026-01,68,Non-ferrous metals,CHIN,China,China (excludes SARs and Taiwan),152013000.0,152.013,False,,
2026-02-28,2026-02,68,Non-ferrous metals,CHIN,China,China (excludes SARs and Taiwan),221368000.0,221.368,False,,
2026-03-31,2026-03,68,Non-ferrous metals,CHIN,China,China (excludes SARs and Taiwan),140261000.0,140.261,False,,
2026-04-30,2026-04,68,Non-ferrous metals,CHIN,China,China (excludes SARs and Taiwan),213522000.0,213.522,False,,
2026-05-31,2026-05,68,Non-ferrous metals,CHIN,China,China (excludes SARs and Taiwan),171057000.0,171.057,False,,
2026-06-30,2026-06,68,Non-ferrous metals,CHIN,China,China (excludes SARs and Taiwan),354544000.0,354.544,False,,
2015-01-31,2015-01,68,Non-ferrous metals,INIA,India,India,13127000.0,13.127,False,,
2015-02-28,2015-02,68,Non-ferrous metals,INIA,India,India,22598000.0,22.598,False,,
2015-03-31,2015-03,68,Non-ferrous metals,INIA,India,India,33695000.0,33.695,False,,
2015-04-30,2015-04,68,Non-ferrous metals,INIA,India,India,17346000.0,17.346,False,,
2015-05-31,2015-05,68,Non-ferrous metals,INIA,India,India,20618000.0,20.618,False,,
2015-06-30,2015-06,68,Non-ferrous metals,INIA,India,India,17639000.0,17.639,False,,
2015-07-31,2015-07,68,Non-ferrous metals,INIA,India,India,76548000.0,76.548,False,,
2015-08-31,2015-08,68,Non-ferrous metals,INIA,India,India,15718000.0,15.718,False,,
2015-09-30,2015-09,68,Non-ferrous metals,INIA,India,India,15845000.0,15.845,False,,
2015-10-31,2015-10,68,Non-ferrous metals,INIA,India,India,14883000.0,14.883,False,,
2015-11-30,2015-11,68,Non-ferrous metals,INIA,India,India,11612000.0,11.612,False,,
2015-12-31,2015-12,68,Non-ferrous metals,INIA,India,India,12477000.0,12.477,False,,
2016-01-31,2016-01,68,Non-ferrous metals,INIA,India,India,10330000.0,10.33,False,,
2016-02-29,2016-02,68,Non-ferrous metals,INIA,India,India,31489000.0,31.489,False,,
2016-03-31,2016-03,68,Non-ferrous metals,INIA,India,India,22734000.0,22.734,False,,
2016-04-30,2016-04,68,Non-ferrous metals,INIA,India,India,15745000.0,15.745,False,,
2016-05-31,2016-05,68,Non-ferrous metals,INIA,India,India,18719000.0,18.719,False,,
2016-06-30,2016-06,68,Non-ferrous metals,INIA,India,India,14710000.0,14.71,False,,
2016-07-31,2016-07,68,Non-ferrous metals,INIA,India,India,17182000.0,17.182,False,,
2016-08-31,2016-08,68,Non-ferrous metals,INIA,India,India,14939000.0,14.939,False,,
2016-09-30,2016-09,68,Non-ferrous metals,INIA,India,India,18387000.0,18.387,False,,
2016-10-31,2016-10,68,Non-ferrous metals,INIA,India,India,16888000.0,16.888,False,,
2016-11-30,2016-11,68,Non-ferrous metals,INIA,India,India,19033000.0,19.033,False,,
2016-12-31,2016-12,68,Non-ferrous metals,INIA,India,India,17540000.0,17.54,False,,
2017-01-31,2017-01,68,Non-ferrous metals,INIA,India,India,20834000.0,20.834,False,,
2017-02-28,2017-02,68,Non-ferrous metals,INIA,India,India,18853000.0,18.853,False,,
2017-03-31,2017-03,68,Non-ferrous metals,INIA,India,India,16235000.0,16.235,False,,
2017-04-30,2017-04,68,Non-ferrous metals,INIA,India,India,13142000.0,13.142,False,,
2017-05-31,2017-05,68,Non-ferrous metals,INIA,India,India,20501000.0,20.501,False,,
2017-06-30,2017-06,68,Non-ferrous metals,INIA,India,India,24583000.0,24.583,False,,
2017-07-31,2017-07,68,Non-ferrous metals,INIA,India,India,60267000.0,60.267,False,,
2017-08-31,2017-08,68,Non-ferrous metals,INIA,India,India,15690000.0,15.69,False,,
2017-09-30,2017-09,68,Non-ferrous metals,INIA,India,India,17929000.0,17.929,False,,
2017-10-31,2017-10,68,Non-ferrous metals,INIA,India,India,21935000.0,21.935,False,,
2017-11-30,2017-11,68,Non-ferrous metals,INIA,India,India,23002000.0,23.002,False,,
2017-12-31,2017-12,68,Non-ferrous metals,INIA,India,India,20428000.0,20.428,False,,
2018-01-31,2018-01,68,Non-ferrous metals,INIA,India,India,17362000.0,17.362,False,,
2018-02-28,2018-02,68,Non-ferrous metals,INIA,India,India,13513000.0,13.513,False,,
2018-03-31,2018-03,68,Non-ferrous metals,INIA,India,India,23728000.0,23.728,False,,
2018-04-30,2018-04,68,Non-ferrous metals,INIA,India,India,17057000.0,17.057,False,,
2018-05-31,2018-05,68,Non-ferrous metals,INIA,India,India,24188000.0,24.188,False,,
2018-06-30,2018-06,68,Non-ferrous metals,INIA,India,India,21164000.0,21.164,False,,
2018-07-31,2018-07,68,Non-ferrous metals,INIA,India,India,17021000.0,17.021,False,,
2018-08-31,2018-08,68,Non-ferrous metals,INIA,India,India,23008000.0,23.008,False,,
2018-09-30,2018-09,68,Non-ferrous metals,INIA,India,India,17909000.0,17.909,False,,
2018-10-31,2018-10,68,Non-ferrous metals,INIA,India,India,17399000.0,17.399,False,,
2018-11-30,2018-11,68,Non-ferrous metals,INIA,India,India,18709000.0,18.709,False,,
2018-12-31,2018-12,68,Non-ferrous metals,INIA,India,India,30312000.0,30.312,False,,
2019-01-31,2019-01,68,Non-ferrous metals,INIA,India,India,11317000.0,11.317,False,,
2019-02-28,2019-02,68,Non-ferrous metals,INIA,India,India,7926000.0,7.926,False,,
2019-03-31,2019-03,68,Non-ferrous metals,INIA,India,India,6377000.0,6.377,False,,
2019-04-30,2019-04,68,Non-ferrous metals,INIA,India,India,5118000.0,5.118,False,,
2019-05-31,2019-05,68,Non-ferrous metals,INIA,India,India,6759000.0,6.759,False,,
2019-06-30,2019-06,68,Non-ferrous metals,INIA,India,India,20873000.0,20.873,False,,
2019-07-31,2019-07,68,Non-ferrous metals,INIA,India,India,8866000.0,8.866,False,,
2019-08-31,2019-08,68,Non-ferrous metals,INIA,India,India,7204000.0,7.204,False,,
2019-09-30,2019-09,68,Non-ferrous metals,INIA,India,India,8510000.0,8.51,False,,
2019-10-31,2019-10,68,Non-ferrous metals,INIA,India,India,7987000.0,7.987,False,,
2019-11-30,2019-11,68,Non-ferrous metals,INIA,India,India,7701000.0,7.701,False,,
2019-12-31,2019-12,68,Non-ferrous metals,INIA,India,India,9741000.0,9.741,False,,
2020-01-31,2020-01,68,Non-ferrous metals,INIA,India,India,5738000.0,5.738,False,,
2020-02-29,2020-02,68,Non-ferrous metals,INIA,India,India,9535000.0,9.535,False,,
2020-03-31,2020-03,68,Non-ferrous metals,INIA,India,India,6685000.0,6.685,False,,
2020-04-30,2020-04,68,Non-ferrous metals,INIA,India,India,3827000.0,3.827,False,,
2020-05-31,2020-05,68,Non-ferrous metals,INIA,India,India,65307000.0,65.307,False,,
2020-06-30,2020-06,68,Non-ferrous metals,INIA,India,India,29125000.0,29.125,False,,
2020-07-31,2020-07,68,Non-ferrous metals,INIA,India,India,7517000.0,7.517,False,,
2020-08-31,2020-08,68,Non-ferrous metals,INIA,India,India,15318000.0,15.318,False,,
2020-09-30,2020-09,68,Non-ferrous metals,INIA,India,India,9984000.0,9.984,False,,
2020-10-31,2020-10,68,Non-ferrous metals,INIA,India,India,9199000.0,9.199,False,,
2020-11-30,2020-11,68,Non-ferrous metals,INIA,India,India,10279000.0,10.279,False,,
2020-12-31,2020-12,68,Non-ferrous metals,INIA,India,India,7289000.0,7.289,False,,
2021-01-31,2021-01,68,Non-ferrous metals,INIA,India,India,8845000.0,8.845,False,,
2021-02-28,2021-02,68,Non-ferrous metals,INIA,India,India,9071000.0,9.071,False,,
2021-03-31,2021-03,68,Non-ferrous metals,INIA,India,India,4244000.0,4.244,False,,
2021-04-30,2021-04,68,Non-ferrous metals,INIA,India,India,3701000.0,3.701,False,,
2021-05-31,2021-05,68,Non-ferrous metals,INIA,India,India,4853000.0,4.853,False,,
2021-06-30,2021-06,68,Non-ferrous metals,INIA,India,India,2029000.0,2.029,False,,
2021-07-31,2021-07,68,Non-ferrous metals,INIA,India,India,5973000.0,5.973,False,,
2021-08-31,2021-08,68,Non-ferrous metals,INIA,India,India,4599000.0,4.599,False,,
2021-09-30,2021-09,68,Non-ferrous metals,INIA,India,India,7163000.0,7.163,False,,
2021-10-31,2021-10,68,Non-ferrous metals,INIA,India,India,4359000.0,4.359,False,,
2021-11-30,2021-11,68,Non-ferrous metals,INIA,India,India,6832000.0,6.832,False,,
2021-12-31,2021-12,68,Non-ferrous metals,INIA,India,India,6104000.0,6.104,False,,
2022-01-31,2022-01,68,Non-ferrous metals,INIA,India,India,5049000.0,5.049,False,,
2022-02-28,2022-02,68,Non-ferrous metals,INIA,India,India,2639000.0,2.639,False,,
2022-03-31,2022-03,68,Non-ferrous metals,INIA,India,India,5921000.0,5.921,False,,
2022-04-30,2022-04,68,Non-ferrous metals,INIA,India,India,4612000.0,4.612,False,,
2022-05-31,2022-05,68,Non-ferrous metals,INIA,India,India,9726000.0,9.726,False,,
2022-06-30,2022-06,68,Non-ferrous metals,INIA,India,India,42490000.0,42.49,False,,
2022-07-31,2022-07,68,Non-ferrous metals,INIA,India,India,5296000.0,5.296,False,,
2022-08-31,2022-08,68,Non-ferrous metals,INIA,India,India,4792000.0,4.792,False,,
2022-09-30,2022-09,68,Non-ferrous metals,INIA,India,India,5179000.0,5.179,False,,
2022-10-31,2022-10,68,Non-ferrous metals,INIA,India,India,4946000.0,4.946,False,,
2022-11-30,2022-11,68,Non-ferrous metals,INIA,India,India,8642000.0,8.642,False,,
2022-12-31,2022-12,68,Non-ferrous metals,INIA,India,India,4986000.0,4.986,False,,
2023-01-31,2023-01,68,Non-ferrous metals,INIA,India,India,10777000.0,10.777,False,,
2023-02-28,2023-02,68,Non-ferrous metals,INIA,India,India,8214000.0,8.214,False,,
2023-03-31,2023-03,68,Non-ferrous metals,INIA,India,India,8922000.0,8.922,False,,
2023-04-30,2023-04,68,Non-ferrous metals,INIA,India,India,6576000.0,6.576,False,,
2023-05-31,2023-05,68,Non-ferrous metals,INIA,India,India,4642000.0,4.642,False,,
2023-06-30,2023-06,68,Non-ferrous metals,INIA,India,India,6977000.0,6.977,False,,
2023-07-31,2023-07,68,Non-ferrous metals,INIA,India,India,6853000.0,6.853,False,,
2023-08-31,2023-08,68,Non-ferrous metals,INIA,India,India,7693000.0,7.693,False,,
2023-09-30,2023-09,68,Non-ferrous metals,INIA,India,India,6305000.0,6.305,False,,
2023-10-31,2023-10,68,Non-ferrous metals,INIA,India,India,4207000.0,4.207,False,,
2023-11-30,2023-11,68,Non-ferrous metals,INIA,India,India,4913000.0,4.913,False,,
2023-12-31,2023-12,68,Non-ferrous metals,INIA,India,India,8342000.0,8.342,False,,
2024-01-31,2024-01,68,Non-ferrous metals,INIA,India,India,1568000.0,1.568,False,,
2024-02-29,2024-02,68,Non-ferrous metals,INIA,India,India,3655000.0,3.655,False,,
2024-03-31,2024-03,68,Non-ferrous metals,INIA,India,India,4555000.0,4.555,False,,
2024-04-30,2024-04,68,Non-ferrous metals,INIA,India,India,1775000.0,1.775,False,,
2024-05-31,2024-05,68,Non-ferrous metals,INIA,India,India,1297000.0,1.297,False,,
2024-06-30,2024-06,68,Non-ferrous metals,INIA,India,India,5022000.0,5.022,False,,
2024-07-31,2024-07,68,Non-ferrous metals,INIA,India,India,9615000.0,9.615,False,,
2024-08-31,2024-08,68,Non-ferrous metals,INIA,India,India,112181000.0,112.181,False,,
2024-09-30,2024-09,68,Non-ferrous metals,INIA,India,India,150631000.0,150.631,False,,
2024-10-31,2024-10,68,Non-ferrous metals,INIA,India,India,71666000.0,71.666,False,,
2024-11-30,2024-11,68,Non-ferrous metals,INIA,India,India,39181000.0,39.181,False,,
2024-12-31,2024-12,68,Non-ferrous metals,INIA,India,India,39741000.0,39.741,False,,
2025-01-31,2025-01,68,Non-ferrous metals,INIA,India,India,37744000.0,37.744,False,,
2025-02-28,2025-02,68,Non-ferrous metals,INIA,India,India,3482000.0,3.482,False,,
2025-03-31,2025-03,68,Non-ferrous metals,INIA,India,India,10186000.0,10.186,False,,
2025-04-30,2025-04,68,Non-ferrous metals,INIA,India,India,4875000.0,4.875,False,,
2025-05-31,2025-05,68,Non-ferrous metals,INIA,India,India,36456000.0,36.456,False,,
2025-06-30,2025-06,68,Non-ferrous metals,INIA,India,India,35303000.0,35.303,False,,
2025-07-31,2025-07,68,Non-ferrous metals,INIA,India,India,4744000.0,4.744,False,,
2025-08-31,2025-08,68,Non-ferrous metals,INIA,India,India,3565000.0,3.565,False,,
2025-09-30,2025-09,68,Non-ferrous metals,INIA,India,India,72460000.0,72.46,False,,
2025-10-31,2025-10,68,Non-ferrous metals,INIA,India,India,75808000.0,75.808,False,,
2025-11-30,2025-11,68,Non-ferrous metals,INIA,India,India,5171000.0,5.171,False,,
2025-12-31,2025-12,68,Non-ferrous metals,INIA,India,India,4682000.0,4.682,False,,
2026-01-31,2026-01,68,Non-ferrous metals,INIA,India,India,3205000.0,3.205,False,,
2026-02-28,2026-02,68,Non-ferrous metals,INIA,India,India,2755000.0,2.755,False,,
2026-03-31,2026-03,68,Non-ferrous metals,INIA,India,India,5790000.0,5.79,False,,
2026-04-30,2026-04,68,Non-ferrous metals,INIA,India,India,4153000.0,4.153,False,,
2026-05-31,2026-05,68,Non-ferrous metals,INIA,India,India,4857000.0,4.857,False,,
2026-06-30,2026-06,68,Non-ferrous metals,INIA,India,India,5669000.0,5.669,False,,
2015-01-31,2015-01,68,Non-ferrous metals,JAP,Japan,Japan,134247000.0,134.247,False,,
2015-02-28,2015-02,68,Non-ferrous metals,JAP,Japan,Japan,113292000.0,113.292,False,,
2015-03-31,2015-03,68,Non-ferrous metals,JAP,Japan,Japan,176018000.0,176.018,False,,
2015-04-30,2015-04,68,Non-ferrous metals,JAP,Japan,Japan,83732000.0,83.732,False,,
2015-05-31,2015-05,68,Non-ferrous metals,JAP,Japan,Japan,198198000.0,198.198,False,,
2015-06-30,2015-06,68,Non-ferrous metals,JAP,Japan,Japan,120736000.0,120.736,False,,
2015-07-31,2015-07,68,Non-ferrous metals,JAP,Japan,Japan,43403000.0,43.403,False,,
2015-08-31,2015-08,68,Non-ferrous metals,JAP,Japan,Japan,53239000.0,53.239,False,,
2015-09-30,2015-09,68,Non-ferrous metals,JAP,Japan,Japan,89736000.0,89.736,False,,
2015-10-31,2015-10,68,Non-ferrous metals,JAP,Japan,Japan,57825000.0,57.825,False,,
2015-11-30,2015-11,68,Non-ferrous metals,JAP,Japan,Japan,46307000.0,46.307,False,,
2015-12-31,2015-12,68,Non-ferrous metals,JAP,Japan,Japan,62437000.0,62.437,False,,
2016-01-31,2016-01,68,Non-ferrous metals,JAP,Japan,Japan,56364000.0,56.364,False,,
2016-02-29,2016-02,68,Non-ferrous metals,JAP,Japan,Japan,51307000.0,51.307,False,,
2016-03-31,2016-03,68,Non-ferrous metals,JAP,Japan,Japan,78786000.0,78.786,False,,
2016-04-30,2016-04,68,Non-ferrous metals,JAP,Japan,Japan,39110000.0,39.11,False,,
2016-05-31,2016-05,68,Non-ferrous metals,JAP,Japan,Japan,94258000.0,94.258,False,,
2016-06-30,2016-06,68,Non-ferrous metals,JAP,Japan,Japan,70373000.0,70.373,False,,
2016-07-31,2016-07,68,Non-ferrous metals,JAP,Japan,Japan,84773000.0,84.773,False,,
2016-08-31,2016-08,68,Non-ferrous metals,JAP,Japan,Japan,39836000.0,39.836,False,,
2016-09-30,2016-09,68,Non-ferrous metals,JAP,Japan,Japan,120164000.0,120.164,False,,
2016-10-31,2016-10,68,Non-ferrous metals,JAP,Japan,Japan,92953000.0,92.953,False,,
2016-11-30,2016-11,68,Non-ferrous metals,JAP,Japan,Japan,61320000.0,61.32,False,,
2016-12-31,2016-12,68,Non-ferrous metals,JAP,Japan,Japan,135128000.0,135.128,False,,
2017-01-31,2017-01,68,Non-ferrous metals,JAP,Japan,Japan,50966000.0,50.966,False,,
2017-02-28,2017-02,68,Non-ferrous metals,JAP,Japan,Japan,78786000.0,78.786,False,,
2017-03-31,2017-03,68,Non-ferrous metals,JAP,Japan,Japan,77219000.0,77.219,False,,
2017-04-30,2017-04,68,Non-ferrous metals,JAP,Japan,Japan,56209000.0,56.209,False,,
2017-05-31,2017-05,68,Non-ferrous metals,JAP,Japan,Japan,118526000.0,118.526,False,,
2017-06-30,2017-06,68,Non-ferrous metals,JAP,Japan,Japan,75194000.0,75.194,False,,
2017-07-31,2017-07,68,Non-ferrous metals,JAP,Japan,Japan,65725000.0,65.725,False,,
2017-08-31,2017-08,68,Non-ferrous metals,JAP,Japan,Japan,137819000.0,137.819,False,,
2017-09-30,2017-09,68,Non-ferrous metals,JAP,Japan,Japan,56752000.0,56.752,False,,
2017-10-31,2017-10,68,Non-ferrous metals,JAP,Japan,Japan,95094000.0,95.094,False,,
2017-11-30,2017-11,68,Non-ferrous metals,JAP,Japan,Japan,124849000.0,124.849,False,,
2017-12-31,2017-12,68,Non-ferrous metals,JAP,Japan,Japan,132330000.0,132.33,False,,
2018-01-31,2018-01,68,Non-ferrous metals,JAP,Japan,Japan,131474000.0,131.474,False,,
2018-02-28,2018-02,68,Non-ferrous metals,JAP,Japan,Japan,80939000.0,80.939,False,,
2018-03-31,2018-03,68,Non-ferrous metals,JAP,Japan,Japan,133899000.0,133.899,False,,
2018-04-30,2018-04,68,Non-ferrous metals,JAP,Japan,Japan,131120000.0,131.12,False,,
2018-05-31,2018-05,68,Non-ferrous metals,JAP,Japan,Japan,192609000.0,192.609,False,,
2018-06-30,2018-06,68,Non-ferrous metals,JAP,Japan,Japan,175853000.0,175.853,False,,
2018-07-31,2018-07,68,Non-ferrous metals,JAP,Japan,Japan,97998000.0,97.998,False,,
2018-08-31,2018-08,68,Non-ferrous metals,JAP,Japan,Japan,139030000.0,139.03,False,,
2018-09-30,2018-09,68,Non-ferrous metals,JAP,Japan,Japan,97797000.0,97.797,False,,
2018-10-31,2018-10,68,Non-ferrous metals,JAP,Japan,Japan,169771000.0,169.771,False,,
2018-11-30,2018-11,68,Non-ferrous metals,JAP,Japan,Japan,141164000.0,141.164,False,,
2018-12-31,2018-12,68,Non-ferrous metals,JAP,Japan,Japan,123255000.0,123.255,False,,
2019-01-31,2019-01,68,Non-ferrous metals,JAP,Japan,Japan,90738000.0,90.738,False,,
2019-02-28,2019-02,68,Non-ferrous metals,JAP,Japan,Japan,71141000.0,71.141,False,,
2019-03-31,2019-03,68,Non-ferrous metals,JAP,Japan,Japan,138519000.0,138.519,False,,
2019-04-30,2019-04,68,Non-ferrous metals,JAP,Japan,Japan,111861000.0,111.861,False,,
2019-05-31,2019-05,68,Non-ferrous metals,JAP,Japan,Japan,90451000.0,90.451,False,,
2019-06-30,2019-06,68,Non-ferrous metals,JAP,Japan,Japan,111779000.0,111.779,False,,
2019-07-31,2019-07,68,Non-ferrous metals,JAP,Japan,Japan,104878000.0,104.878,False,,
2019-08-31,2019-08,68,Non-ferrous metals,JAP,Japan,Japan,53903000.0,53.903,False,,
2019-09-30,2019-09,68,Non-ferrous metals,JAP,Japan,Japan,188284000.0,188.284,False,,
2019-10-31,2019-10,68,Non-ferrous metals,JAP,Japan,Japan,63918000.0,63.918,False,,
2019-11-30,2019-11,68,Non-ferrous metals,JAP,Japan,Japan,93196000.0,93.196,False,,
2019-12-31,2019-12,68,Non-ferrous metals,JAP,Japan,Japan,123210000.0,123.21,False,,
2020-01-31,2020-01,68,Non-ferrous metals,JAP,Japan,Japan,56781000.0,56.781,False,,
2020-02-29,2020-02,68,Non-ferrous metals,JAP,Japan,Japan,99130000.0,99.13,False,,
2020-03-31,2020-03,68,Non-ferrous metals,JAP,Japan,Japan,39802000.0,39.802,False,,
2020-04-30,2020-04,68,Non-ferrous metals,JAP,Japan,Japan,111337000.0,111.337,False,,
2020-05-31,2020-05,68,Non-ferrous metals,JAP,Japan,Japan,49555000.0,49.555,False,,
2020-06-30,2020-06,68,Non-ferrous metals,JAP,Japan,Japan,89356000.0,89.356,False,,
2020-07-31,2020-07,68,Non-ferrous metals,JAP,Japan,Japan,28333000.0,28.333,False,,
2020-08-31,2020-08,68,Non-ferrous metals,JAP,Japan,Japan,47514000.0,47.514,False,,
2020-09-30,2020-09,68,Non-ferrous metals,JAP,Japan,Japan,52022000.0,52.022,False,,
2020-10-31,2020-10,68,Non-ferrous metals,JAP,Japan,Japan,57912000.0,57.912,False,,
2020-11-30,2020-11,68,Non-ferrous metals,JAP,Japan,Japan,72035000.0,72.035,False,,
2020-12-31,2020-12,68,Non-ferrous metals,JAP,Japan,Japan,116815000.0,116.815,False,,
2021-01-31,2021-01,68,Non-ferrous metals,JAP,Japan,Japan,35846000.0,35.846,False,,
2021-02-28,2021-02,68,Non-ferrous metals,JAP,Japan,Japan,112633000.0,112.633,False,,
2021-03-31,2021-03,68,Non-ferrous metals,JAP,Japan,Japan,98244000.0,98.244,False,,
2021-04-30,2021-04,68,Non-ferrous metals,JAP,Japan,Japan,185369000.0,185.369,False,,
2021-05-31,2021-05,68,Non-ferrous metals,JAP,Japan,Japan,111650000.0,111.65,False,,
2021-06-30,2021-06,68,Non-ferrous metals,JAP,Japan,Japan,99651000.0,99.651,False,,
2021-07-31,2021-07,68,Non-ferrous metals,JAP,Japan,Japan,159710000.0,159.71,False,,
2021-08-31,2021-08,68,Non-ferrous metals,JAP,Japan,Japan,121383000.0,121.383,False,,
2021-09-30,2021-09,68,Non-ferrous metals,JAP,Japan,Japan,158601000.0,158.601,False,,
2021-10-31,2021-10,68,Non-ferrous metals,JAP,Japan,Japan,57248000.0,57.248,False,,
2021-11-30,2021-11,68,Non-ferrous metals,JAP,Japan,Japan,169853000.0,169.853,False,,
2021-12-31,2021-12,68,Non-ferrous metals,JAP,Japan,Japan,111774000.0,111.774,False,,
2022-01-31,2022-01,68,Non-ferrous metals,JAP,Japan,Japan,144947000.0,144.947,False,,
2022-02-28,2022-02,68,Non-ferrous metals,JAP,Japan,Japan,151824000.0,151.824,False,,
2022-03-31,2022-03,68,Non-ferrous metals,JAP,Japan,Japan,135496000.0,135.496,False,,
2022-04-30,2022-04,68,Non-ferrous metals,JAP,Japan,Japan,142137000.0,142.137,False,,
2022-05-31,2022-05,68,Non-ferrous metals,JAP,Japan,Japan,93233000.0,93.233,False,,
2022-06-30,2022-06,68,Non-ferrous metals,JAP,Japan,Japan,151145000.0,151.145,False,,
2022-07-31,2022-07,68,Non-ferrous metals,JAP,Japan,Japan,142674000.0,142.674,False,,
2022-08-31,2022-08,68,Non-ferrous metals,JAP,Japan,Japan,133320000.0,133.32,False,,
2022-09-30,2022-09,68,Non-ferrous metals,JAP,Japan,Japan,114908000.0,114.908,False,,
2022-10-31,2022-10,68,Non-ferrous metals,JAP,Japan,Japan,62526000.0,62.526,False,,
2022-11-30,2022-11,68,Non-ferrous metals,JAP,Japan,Japan,140590000.0,140.59,False,,
2022-12-31,2022-12,68,Non-ferrous metals,JAP,Japan,Japan,103925000.0,103.925,False,,
2023-01-31,2023-01,68,Non-ferrous metals,JAP,Japan,Japan,125514000.0,125.514,False,,
2023-02-28,2023-02,68,Non-ferrous metals,JAP,Japan,Japan,105557000.0,105.557,False,,
2023-03-31,2023-03,68,Non-ferrous metals,JAP,Japan,Japan,108730000.0,108.73,False,,
2023-04-30,2023-04,68,Non-ferrous metals,JAP,Japan,Japan,50957000.0,50.957,False,,
2023-05-31,2023-05,68,Non-ferrous metals,JAP,Japan,Japan,152185000.0,152.185,False,,
2023-06-30,2023-06,68,Non-ferrous metals,JAP,Japan,Japan,126174000.0,126.174,False,,
2023-07-31,2023-07,68,Non-ferrous metals,JAP,Japan,Japan,59616000.0,59.616,False,,
2023-08-31,2023-08,68,Non-ferrous metals,JAP,Japan,Japan,140010000.0,140.01,False,,
2023-09-30,2023-09,68,Non-ferrous metals,JAP,Japan,Japan,64678000.0,64.678,False,,
2023-10-31,2023-10,68,Non-ferrous metals,JAP,Japan,Japan,91718000.0,91.718,False,,
2023-11-30,2023-11,68,Non-ferrous metals,JAP,Japan,Japan,111966000.0,111.966,False,,
2023-12-31,2023-12,68,Non-ferrous metals,JAP,Japan,Japan,104557000.0,104.557,False,,
2024-01-31,2024-01,68,Non-ferrous metals,JAP,Japan,Japan,49305000.0,49.305,False,,
2024-02-29,2024-02,68,Non-ferrous metals,JAP,Japan,Japan,90641000.0,90.641,False,,
2024-03-31,2024-03,68,Non-ferrous metals,JAP,Japan,Japan,111208000.0,111.208,False,,
2024-04-30,2024-04,68,Non-ferrous metals,JAP,Japan,Japan,67722000.0,67.722,False,,
2024-05-31,2024-05,68,Non-ferrous metals,JAP,Japan,Japan,107223000.0,107.223,False,,
2024-06-30,2024-06,68,Non-ferrous metals,JAP,Japan,Japan,133051000.0,133.051,False,,
2024-07-31,2024-07,68,Non-ferrous metals,JAP,Japan,Japan,150879000.0,150.879,False,,
2024-08-31,2024-08,68,Non-ferrous metals,JAP,Japan,Japan,29106000.0,29.106,False,,
2024-09-30,2024-09,68,Non-ferrous metals,JAP,Japan,Japan,209320000.0,209.32,False,,
2024-10-31,2024-10,68,Non-ferrous metals,JAP,Japan,Japan,134005000.0,134.005,False,,
2024-11-30,2024-11,68,Non-ferrous metals,JAP,Japan,Japan,159120000.0,159.12,False,,
2024-12-31,2024-12,68,Non-ferrous metals,JAP,Japan,Japan,222342000.0,222.342,False,,
2025-01-31,2025-01,68,Non-ferrous metals,JAP,Japan,Japan,82256000.0,82.256,False,,
2025-02-28,2025-02,68,Non-ferrous metals,JAP,Japan,Japan,164820000.0,164.82,False,,
2025-03-31,2025-03,68,Non-ferrous metals,JAP,Japan,Japan,209435000.0,209.435,False,,
2025-04-30,2025-04,68,Non-ferrous metals,JAP,Japan,Japan,133331000.0,133.331,False,,
2025-05-31,2025-05,68,Non-ferrous metals,JAP,Japan,Japan,128218000.0,128.218,False,,
2025-06-30,2025-06,68,Non-ferrous metals,JAP,Japan,Japan,216093000.0,216.093,False,,
2025-07-31,2025-07,68,Non-ferrous metals,JAP,Japan,Japan,161065000.0,161.065,False,,
2025-08-31,2025-08,68,Non-ferrous metals,JAP,Japan,Japan,128803000.0,128.803,False,,
2025-09-30,2025-09,68,Non-ferrous metals,JAP,Japan,Japan,113417000.0,113.417,False,,
2025-10-31,2025-10,68,Non-ferrous metals,JAP,Japan,Japan,151755000.0,151.755,False,,
2025-11-30,2025-11,68,Non-ferrous metals,JAP,Japan,Japan,93831000.0,93.831,False,,
2025-12-31,2025-12,68,Non-ferrous metals,JAP,Japan,Japan,221705000.0,221.705,False,,
2026-01-31,2026-01,68,Non-ferrous metals,JAP,Japan,Japan,136871000.0,136.871,False,,
2026-02-28,2026-02,68,Non-ferrous metals,JAP,Japan,Japan,84602000.0,84.602,False,,
2026-03-31,2026-03,68,Non-ferrous metals,JAP,Japan,Japan,199354000.0,199.354,False,,
2026-04-30,2026-04,68,Non-ferrous metals,JAP,Japan,Japan,136202000.0,136.202,False,,
2026-05-31,2026-05,68,Non-ferrous metals,JAP,Japan,Japan,157793000.0,157.793,False,,
2026-06-30,2026-06,68,Non-ferrous metals,JAP,Japan,Japan,232013000.0,232.013,False,,
2015-01-31,2015-01,68,Non-ferrous metals,MLAY,Malaysia,Malaysia,89152000.0,89.152,False,,
2015-02-28,2015-02,68,Non-ferrous metals,MLAY,Malaysia,Malaysia,93685000.0,93.685,False,,
2015-03-31,2015-03,68,Non-ferrous metals,MLAY,Malaysia,Malaysia,38816000.0,38.816,False,,
2015-04-30,2015-04,68,Non-ferrous metals,MLAY,Malaysia,Malaysia,18248000.0,18.248,False,,
2015-05-31,2015-05,68,Non-ferrous metals,MLAY,Malaysia,Malaysia,11817000.0,11.817,False,,
2015-06-30,2015-06,68,Non-ferrous metals,MLAY,Malaysia,Malaysia,70248000.0,70.248,False,,
2015-07-31,2015-07,68,Non-ferrous metals,MLAY,Malaysia,Malaysia,73809000.0,73.809,False,,
2015-08-31,2015-08,68,Non-ferrous metals,MLAY,Malaysia,Malaysia,83237000.0,83.237,False,,
2015-09-30,2015-09,68,Non-ferrous metals,MLAY,Malaysia,Malaysia,89085000.0,89.085,False,,
2015-10-31,2015-10,68,Non-ferrous metals,MLAY,Malaysia,Malaysia,87349000.0,87.349,False,,
2015-11-30,2015-11,68,Non-ferrous metals,MLAY,Malaysia,Malaysia,86686000.0,86.686,False,,
2015-12-31,2015-12,68,Non-ferrous metals,MLAY,Malaysia,Malaysia,58559000.0,58.559,False,,
2016-01-31,2016-01,68,Non-ferrous metals,MLAY,Malaysia,Malaysia,76671000.0,76.671,False,,
2016-02-29,2016-02,68,Non-ferrous metals,MLAY,Malaysia,Malaysia,73641000.0,73.641,False,,
2016-03-31,2016-03,68,Non-ferrous metals,MLAY,Malaysia,Malaysia,45245000.0,45.245,False,,
2016-04-30,2016-04,68,Non-ferrous metals,MLAY,Malaysia,Malaysia,78593000.0,78.593,False,,
2016-05-31,2016-05,68,Non-ferrous metals,MLAY,Malaysia,Malaysia,67544000.0,67.544,False,,
2016-06-30,2016-06,68,Non-ferrous metals,MLAY,Malaysia,Malaysia,60690000.0,60.69,False,,
2016-07-31,2016-07,68,Non-ferrous metals,MLAY,Malaysia,Malaysia,46509000.0,46.509,False,,
2016-08-31,2016-08,68,Non-ferrous metals,MLAY,Malaysia,Malaysia,65438000.0,65.438,False,,
2016-09-30,2016-09,68,Non-ferrous metals,MLAY,Malaysia,Malaysia,66404000.0,66.404,False,,
2016-10-31,2016-10,68,Non-ferrous metals,MLAY,Malaysia,Malaysia,57791000.0,57.791,False,,
2016-11-30,2016-11,68,Non-ferrous metals,MLAY,Malaysia,Malaysia,73112000.0,73.112,False,,
2016-12-31,2016-12,68,Non-ferrous metals,MLAY,Malaysia,Malaysia,104187000.0,104.187,False,,
2017-01-31,2017-01,68,Non-ferrous metals,MLAY,Malaysia,Malaysia,35202000.0,35.202,False,,
2017-02-28,2017-02,68,Non-ferrous metals,MLAY,Malaysia,Malaysia,71498000.0,71.498,False,,
2017-03-31,2017-03,68,Non-ferrous metals,MLAY,Malaysia,Malaysia,116027000.0,116.027,False,,
2017-04-30,2017-04,68,Non-ferrous metals,MLAY,Malaysia,Malaysia,102476000.0,102.476,False,,
2017-05-31,2017-05,68,Non-ferrous metals,MLAY,Malaysia,Malaysia,134009000.0,134.009,False,,
2017-06-30,2017-06,68,Non-ferrous metals,MLAY,Malaysia,Malaysia,109594000.0,109.594,False,,
2017-07-31,2017-07,68,Non-ferrous metals,MLAY,Malaysia,Malaysia,48657000.0,48.657,False,,
2017-08-31,2017-08,68,Non-ferrous metals,MLAY,Malaysia,Malaysia,75328000.0,75.328,False,,
2017-09-30,2017-09,68,Non-ferrous metals,MLAY,Malaysia,Malaysia,72174000.0,72.174,False,,
2017-10-31,2017-10,68,Non-ferrous metals,MLAY,Malaysia,Malaysia,45166000.0,45.166,False,,
2017-11-30,2017-11,68,Non-ferrous metals,MLAY,Malaysia,Malaysia,85110000.0,85.11,False,,
2017-12-31,2017-12,68,Non-ferrous metals,MLAY,Malaysia,Malaysia,84999000.0,84.999,False,,
2018-01-31,2018-01,68,Non-ferrous metals,MLAY,Malaysia,Malaysia,98596000.0,98.596,False,,
2018-02-28,2018-02,68,Non-ferrous metals,MLAY,Malaysia,Malaysia,103654000.0,103.654,False,,
2018-03-31,2018-03,68,Non-ferrous metals,MLAY,Malaysia,Malaysia,106619000.0,106.619,False,,
2018-04-30,2018-04,68,Non-ferrous metals,MLAY,Malaysia,Malaysia,104609000.0,104.609,False,,
2018-05-31,2018-05,68,Non-ferrous metals,MLAY,Malaysia,Malaysia,87193000.0,87.193,False,,
2018-06-30,2018-06,68,Non-ferrous metals,MLAY,Malaysia,Malaysia,92536000.0,92.536,False,,
2018-07-31,2018-07,68,Non-ferrous metals,MLAY,Malaysia,Malaysia,98566000.0,98.566,False,,
2018-08-31,2018-08,68,Non-ferrous metals,MLAY,Malaysia,Malaysia,107947000.0,107.947,False,,
2018-09-30,2018-09,68,Non-ferrous metals,MLAY,Malaysia,Malaysia,29836000.0,29.836,False,,
2018-10-31,2018-10,68,Non-ferrous metals,MLAY,Malaysia,Malaysia,45947000.0,45.947,False,,
2018-11-30,2018-11,68,Non-ferrous metals,MLAY,Malaysia,Malaysia,68505000.0,68.505,False,,
2018-12-31,2018-12,68,Non-ferrous metals,MLAY,Malaysia,Malaysia,147183000.0,147.183,False,,
2019-01-31,2019-01,68,Non-ferrous metals,MLAY,Malaysia,Malaysia,190471000.0,190.471,False,,
2019-02-28,2019-02,68,Non-ferrous metals,MLAY,Malaysia,Malaysia,233951000.0,233.951,False,,
2019-03-31,2019-03,68,Non-ferrous metals,MLAY,Malaysia,Malaysia,145959000.0,145.959,False,,
2019-04-30,2019-04,68,Non-ferrous metals,MLAY,Malaysia,Malaysia,88114000.0,88.114,False,,
2019-05-31,2019-05,68,Non-ferrous metals,MLAY,Malaysia,Malaysia,74345000.0,74.345,False,,
2019-06-30,2019-06,68,Non-ferrous metals,MLAY,Malaysia,Malaysia,83135000.0,83.135,False,,
2019-07-31,2019-07,68,Non-ferrous metals,MLAY,Malaysia,Malaysia,79044000.0,79.044,False,,
2019-08-31,2019-08,68,Non-ferrous metals,MLAY,Malaysia,Malaysia,79633000.0,79.633,False,,
2019-09-30,2019-09,68,Non-ferrous metals,MLAY,Malaysia,Malaysia,78086000.0,78.086,False,,
2019-10-31,2019-10,68,Non-ferrous metals,MLAY,Malaysia,Malaysia,113427000.0,113.427,False,,
2019-11-30,2019-11,68,Non-ferrous metals,MLAY,Malaysia,Malaysia,109684000.0,109.684,False,,
2019-12-31,2019-12,68,Non-ferrous metals,MLAY,Malaysia,Malaysia,86794000.0,86.794,False,,
2020-01-31,2020-01,68,Non-ferrous metals,MLAY,Malaysia,Malaysia,73742000.0,73.742,False,,
2020-02-29,2020-02,68,Non-ferrous metals,MLAY,Malaysia,Malaysia,72584000.0,72.584,False,,
2020-03-31,2020-03,68,Non-ferrous metals,MLAY,Malaysia,Malaysia,105629000.0,105.629,False,,
2020-04-30,2020-04,68,Non-ferrous metals,MLAY,Malaysia,Malaysia,25345000.0,25.345,False,,
2020-05-31,2020-05,68,Non-ferrous metals,MLAY,Malaysia,Malaysia,51356000.0,51.356,False,,
2020-06-30,2020-06,68,Non-ferrous metals,MLAY,Malaysia,Malaysia,56655000.0,56.655,False,,
2020-07-31,2020-07,68,Non-ferrous metals,MLAY,Malaysia,Malaysia,67104000.0,67.104,False,,
2020-08-31,2020-08,68,Non-ferrous metals,MLAY,Malaysia,Malaysia,64514000.0,64.514,False,,
2020-09-30,2020-09,68,Non-ferrous metals,MLAY,Malaysia,Malaysia,62933000.0,62.933,False,,
2020-10-31,2020-10,68,Non-ferrous metals,MLAY,Malaysia,Malaysia,44796000.0,44.796,False,,
2020-11-30,2020-11,68,Non-ferrous metals,MLAY,Malaysia,Malaysia,99403000.0,99.403,False,,
2020-12-31,2020-12,68,Non-ferrous metals,MLAY,Malaysia,Malaysia,88971000.0,88.971,False,,
2021-01-31,2021-01,68,Non-ferrous metals,MLAY,Malaysia,Malaysia,90279000.0,90.279,False,,
2021-02-28,2021-02,68,Non-ferrous metals,MLAY,Malaysia,Malaysia,101231000.0,101.231,False,,
2021-03-31,2021-03,68,Non-ferrous metals,MLAY,Malaysia,Malaysia,85194000.0,85.194,False,,
2021-04-30,2021-04,68,Non-ferrous metals,MLAY,Malaysia,Malaysia,83677000.0,83.677,False,,
2021-05-31,2021-05,68,Non-ferrous metals,MLAY,Malaysia,Malaysia,131361000.0,131.361,False,,
2021-06-30,2021-06,68,Non-ferrous metals,MLAY,Malaysia,Malaysia,101276000.0,101.276,False,,
2021-07-31,2021-07,68,Non-ferrous metals,MLAY,Malaysia,Malaysia,47052000.0,47.052,False,,
2021-08-31,2021-08,68,Non-ferrous metals,MLAY,Malaysia,Malaysia,113388000.0,113.388,False,,
2021-09-30,2021-09,68,Non-ferrous metals,MLAY,Malaysia,Malaysia,31014000.0,31.014,False,,
2021-10-31,2021-10,68,Non-ferrous metals,MLAY,Malaysia,Malaysia,41414000.0,41.414,False,,
2021-11-30,2021-11,68,Non-ferrous metals,MLAY,Malaysia,Malaysia,51844000.0,51.844,False,,
2021-12-31,2021-12,68,Non-ferrous metals,MLAY,Malaysia,Malaysia,83700000.0,83.7,False,,
2022-01-31,2022-01,68,Non-ferrous metals,MLAY,Malaysia,Malaysia,68181000.0,68.181,False,,
2022-02-28,2022-02,68,Non-ferrous metals,MLAY,Malaysia,Malaysia,130220000.0,130.22,False,,
2022-03-31,2022-03,68,Non-ferrous metals,MLAY,Malaysia,Malaysia,152229000.0,152.229,False,,
2022-04-30,2022-04,68,Non-ferrous metals,MLAY,Malaysia,Malaysia,94924000.0,94.924,False,,
2022-05-31,2022-05,68,Non-ferrous metals,MLAY,Malaysia,Malaysia,114227000.0,114.227,False,,
2022-06-30,2022-06,68,Non-ferrous metals,MLAY,Malaysia,Malaysia,206256000.0,206.256,False,,
2022-07-31,2022-07,68,Non-ferrous metals,MLAY,Malaysia,Malaysia,101064000.0,101.064,False,,
2022-08-31,2022-08,68,Non-ferrous metals,MLAY,Malaysia,Malaysia,105531000.0,105.531,False,,
2022-09-30,2022-09,68,Non-ferrous metals,MLAY,Malaysia,Malaysia,128128000.0,128.128,False,,
2022-10-31,2022-10,68,Non-ferrous metals,MLAY,Malaysia,Malaysia,111611000.0,111.611,False,,
2022-11-30,2022-11,68,Non-ferrous metals,MLAY,Malaysia,Malaysia,149905000.0,149.905,False,,
2022-12-31,2022-12,68,Non-ferrous metals,MLAY,Malaysia,Malaysia,215104000.0,215.104,False,,
2023-01-31,2023-01,68,Non-ferrous metals,MLAY,Malaysia,Malaysia,118172000.0,118.172,False,,
2023-02-28,2023-02,68,Non-ferrous metals,MLAY,Malaysia,Malaysia,99973000.0,99.973,False,,
2023-03-31,2023-03,68,Non-ferrous metals,MLAY,Malaysia,Malaysia,136510000.0,136.51,False,,
2023-04-30,2023-04,68,Non-ferrous metals,MLAY,Malaysia,Malaysia,133436000.0,133.436,False,,
2023-05-31,2023-05,68,Non-ferrous metals,MLAY,Malaysia,Malaysia,125014000.0,125.014,False,,
2023-06-30,2023-06,68,Non-ferrous metals,MLAY,Malaysia,Malaysia,121588000.0,121.588,False,,
2023-07-31,2023-07,68,Non-ferrous metals,MLAY,Malaysia,Malaysia,132681000.0,132.681,False,,
2023-08-31,2023-08,68,Non-ferrous metals,MLAY,Malaysia,Malaysia,144579000.0,144.579,False,,
2023-09-30,2023-09,68,Non-ferrous metals,MLAY,Malaysia,Malaysia,115634000.0,115.634,False,,
2023-10-31,2023-10,68,Non-ferrous metals,MLAY,Malaysia,Malaysia,160090000.0,160.09,False,,
2023-11-30,2023-11,68,Non-ferrous metals,MLAY,Malaysia,Malaysia,114415000.0,114.415,False,,
2023-12-31,2023-12,68,Non-ferrous metals,MLAY,Malaysia,Malaysia,131541000.0,131.541,False,,
2024-01-31,2024-01,68,Non-ferrous metals,MLAY,Malaysia,Malaysia,169620000.0,169.62,False,,
2024-02-29,2024-02,68,Non-ferrous metals,MLAY,Malaysia,Malaysia,137947000.0,137.947,False,,
2024-03-31,2024-03,68,Non-ferrous metals,MLAY,Malaysia,Malaysia,155764000.0,155.764,False,,
2024-04-30,2024-04,68,Non-ferrous metals,MLAY,Malaysia,Malaysia,138752000.0,138.752,False,,
2024-05-31,2024-05,68,Non-ferrous metals,MLAY,Malaysia,Malaysia,109924000.0,109.924,False,,
2024-06-30,2024-06,68,Non-ferrous metals,MLAY,Malaysia,Malaysia,116287000.0,116.287,False,,
2024-07-31,2024-07,68,Non-ferrous metals,MLAY,Malaysia,Malaysia,131075000.0,131.075,False,,
2024-08-31,2024-08,68,Non-ferrous metals,MLAY,Malaysia,Malaysia,102003000.0,102.003,False,,
2024-09-30,2024-09,68,Non-ferrous metals,MLAY,Malaysia,Malaysia,117735000.0,117.735,False,,
2024-10-31,2024-10,68,Non-ferrous metals,MLAY,Malaysia,Malaysia,120651000.0,120.651,False,,
2024-11-30,2024-11,68,Non-ferrous metals,MLAY,Malaysia,Malaysia,88635000.0,88.635,False,,
2024-12-31,2024-12,68,Non-ferrous metals,MLAY,Malaysia,Malaysia,155419000.0,155.419,False,,
2025-01-31,2025-01,68,Non-ferrous metals,MLAY,Malaysia,Malaysia,103859000.0,103.859,False,,
2025-02-28,2025-02,68,Non-ferrous metals,MLAY,Malaysia,Malaysia,129388000.0,129.388,False,,
2025-03-31,2025-03,68,Non-ferrous metals,MLAY,Malaysia,Malaysia,166074000.0,166.074,False,,
2025-04-30,2025-04,68,Non-ferrous metals,MLAY,Malaysia,Malaysia,132222000.0,132.222,False,,
2025-05-31,2025-05,68,Non-ferrous metals,MLAY,Malaysia,Malaysia,137018000.0,137.018,False,,
2025-06-30,2025-06,68,Non-ferrous metals,MLAY,Malaysia,Malaysia,181200000.0,181.2,False,,
2025-07-31,2025-07,68,Non-ferrous metals,MLAY,Malaysia,Malaysia,160382000.0,160.382,False,,
2025-08-31,2025-08,68,Non-ferrous metals,MLAY,Malaysia,Malaysia,210298000.0,210.298,False,,
2025-09-30,2025-09,68,Non-ferrous metals,MLAY,Malaysia,Malaysia,219576000.0,219.576,False,,
2025-10-31,2025-10,68,Non-ferrous metals,MLAY,Malaysia,Malaysia,207878000.0,207.878,False,,
2025-11-30,2025-11,68,Non-ferrous metals,MLAY,Malaysia,Malaysia,204839000.0,204.839,False,,
2025-12-31,2025-12,68,Non-ferrous metals,MLAY,Malaysia,Malaysia,189521000.0,189.521,False,,
2026-01-31,2026-01,68,Non-ferrous metals,MLAY,Malaysia,Malaysia,163830000.0,163.83,False,,
2026-02-28,2026-02,68,Non-ferrous metals,MLAY,Malaysia,Malaysia,152401000.0,152.401,False,,
2026-03-31,2026-03,68,Non-ferrous metals,MLAY,Malaysia,Malaysia,148120000.0,148.12,False,,
2026-04-30,2026-04,68,Non-ferrous metals,MLAY,Malaysia,Malaysia,170627000.0,170.627,False,,
2026-05-31,2026-05,68,Non-ferrous metals,MLAY,Malaysia,Malaysia,161528000.0,161.528,False,,
2026-06-30,2026-06,68,Non-ferrous metals,MLAY,Malaysia,Malaysia,184314000.0,184.314,False,,
2015-01-31,2015-01,68,Non-ferrous metals,RKOR,South Korea,"Korea, Republic of (South)",77682000.0,77.682,False,,
2015-02-28,2015-02,68,Non-ferrous metals,RKOR,South Korea,"Korea, Republic of (South)",73517000.0,73.517,False,,
2015-03-31,2015-03,68,Non-ferrous metals,RKOR,South Korea,"Korea, Republic of (South)",98829000.0,98.829,False,,
2015-04-30,2015-04,68,Non-ferrous metals,RKOR,South Korea,"Korea, Republic of (South)",60394000.0,60.394,False,,
2015-05-31,2015-05,68,Non-ferrous metals,RKOR,South Korea,"Korea, Republic of (South)",95177000.0,95.177,False,,
2015-06-30,2015-06,68,Non-ferrous metals,RKOR,South Korea,"Korea, Republic of (South)",65740000.0,65.74,False,,
2015-07-31,2015-07,68,Non-ferrous metals,RKOR,South Korea,"Korea, Republic of (South)",48810000.0,48.81,False,,
2015-08-31,2015-08,68,Non-ferrous metals,RKOR,South Korea,"Korea, Republic of (South)",109069000.0,109.069,False,,
2015-09-30,2015-09,68,Non-ferrous metals,RKOR,South Korea,"Korea, Republic of (South)",124210000.0,124.21,False,,
2015-10-31,2015-10,68,Non-ferrous metals,RKOR,South Korea,"Korea, Republic of (South)",101960000.0,101.96,False,,
2015-11-30,2015-11,68,Non-ferrous metals,RKOR,South Korea,"Korea, Republic of (South)",89155000.0,89.155,False,,
2015-12-31,2015-12,68,Non-ferrous metals,RKOR,South Korea,"Korea, Republic of (South)",182425000.0,182.425,False,,
2016-01-31,2016-01,68,Non-ferrous metals,RKOR,South Korea,"Korea, Republic of (South)",117104000.0,117.104,False,,
2016-02-29,2016-02,68,Non-ferrous metals,RKOR,South Korea,"Korea, Republic of (South)",110028000.0,110.028,False,,
2016-03-31,2016-03,68,Non-ferrous metals,RKOR,South Korea,"Korea, Republic of (South)",127331000.0,127.331,False,,
2016-04-30,2016-04,68,Non-ferrous metals,RKOR,South Korea,"Korea, Republic of (South)",57755000.0,57.755,False,,
2016-05-31,2016-05,68,Non-ferrous metals,RKOR,South Korea,"Korea, Republic of (South)",106888000.0,106.888,False,,
2016-06-30,2016-06,68,Non-ferrous metals,RKOR,South Korea,"Korea, Republic of (South)",83368000.0,83.368,False,,
2016-07-31,2016-07,68,Non-ferrous metals,RKOR,South Korea,"Korea, Republic of (South)",99555000.0,99.555,False,,
2016-08-31,2016-08,68,Non-ferrous metals,RKOR,South Korea,"Korea, Republic of (South)",71197000.0,71.197,False,,
2016-09-30,2016-09,68,Non-ferrous metals,RKOR,South Korea,"Korea, Republic of (South)",105080000.0,105.08,False,,
2016-10-31,2016-10,68,Non-ferrous metals,RKOR,South Korea,"Korea, Republic of (South)",90365000.0,90.365,False,,
2016-11-30,2016-11,68,Non-ferrous metals,RKOR,South Korea,"Korea, Republic of (South)",110398000.0,110.398,False,,
2016-12-31,2016-12,68,Non-ferrous metals,RKOR,South Korea,"Korea, Republic of (South)",89680000.0,89.68,False,,
2017-01-31,2017-01,68,Non-ferrous metals,RKOR,South Korea,"Korea, Republic of (South)",57176000.0,57.176,False,,
2017-02-28,2017-02,68,Non-ferrous metals,RKOR,South Korea,"Korea, Republic of (South)",50990000.0,50.99,False,,
2017-03-31,2017-03,68,Non-ferrous metals,RKOR,South Korea,"Korea, Republic of (South)",66664000.0,66.664,False,,
2017-04-30,2017-04,68,Non-ferrous metals,RKOR,South Korea,"Korea, Republic of (South)",30207000.0,30.207,False,,
2017-05-31,2017-05,68,Non-ferrous metals,RKOR,South Korea,"Korea, Republic of (South)",73229000.0,73.229,False,,
2017-06-30,2017-06,68,Non-ferrous metals,RKOR,South Korea,"Korea, Republic of (South)",41312000.0,41.312,False,,
2017-07-31,2017-07,68,Non-ferrous metals,RKOR,South Korea,"Korea, Republic of (South)",46519000.0,46.519,False,,
2017-08-31,2017-08,68,Non-ferrous metals,RKOR,South Korea,"Korea, Republic of (South)",78802000.0,78.802,False,,
2017-09-30,2017-09,68,Non-ferrous metals,RKOR,South Korea,"Korea, Republic of (South)",49266000.0,49.266,False,,
2017-10-31,2017-10,68,Non-ferrous metals,RKOR,South Korea,"Korea, Republic of (South)",52369000.0,52.369,False,,
2017-11-30,2017-11,68,Non-ferrous metals,RKOR,South Korea,"Korea, Republic of (South)",77330000.0,77.33,False,,
2017-12-31,2017-12,68,Non-ferrous metals,RKOR,South Korea,"Korea, Republic of (South)",78103000.0,78.103,False,,
2018-01-31,2018-01,68,Non-ferrous metals,RKOR,South Korea,"Korea, Republic of (South)",132662000.0,132.662,False,,
2018-02-28,2018-02,68,Non-ferrous metals,RKOR,South Korea,"Korea, Republic of (South)",131967000.0,131.967,False,,
2018-03-31,2018-03,68,Non-ferrous metals,RKOR,South Korea,"Korea, Republic of (South)",75831000.0,75.831,False,,
2018-04-30,2018-04,68,Non-ferrous metals,RKOR,South Korea,"Korea, Republic of (South)",83307000.0,83.307,False,,
2018-05-31,2018-05,68,Non-ferrous metals,RKOR,South Korea,"Korea, Republic of (South)",93425000.0,93.425,False,,
2018-06-30,2018-06,68,Non-ferrous metals,RKOR,South Korea,"Korea, Republic of (South)",84792000.0,84.792,False,,
2018-07-31,2018-07,68,Non-ferrous metals,RKOR,South Korea,"Korea, Republic of (South)",82263000.0,82.263,False,,
2018-08-31,2018-08,68,Non-ferrous metals,RKOR,South Korea,"Korea, Republic of (South)",63349000.0,63.349,False,,
2018-09-30,2018-09,68,Non-ferrous metals,RKOR,South Korea,"Korea, Republic of (South)",96863000.0,96.863,False,,
2018-10-31,2018-10,68,Non-ferrous metals,RKOR,South Korea,"Korea, Republic of (South)",41222000.0,41.222,False,,
2018-11-30,2018-11,68,Non-ferrous metals,RKOR,South Korea,"Korea, Republic of (South)",69830000.0,69.83,False,,
2018-12-31,2018-12,68,Non-ferrous metals,RKOR,South Korea,"Korea, Republic of (South)",110424000.0,110.424,False,,
2019-01-31,2019-01,68,Non-ferrous metals,RKOR,South Korea,"Korea, Republic of (South)",77166000.0,77.166,False,,
2019-02-28,2019-02,68,Non-ferrous metals,RKOR,South Korea,"Korea, Republic of (South)",58815000.0,58.815,False,,
2019-03-31,2019-03,68,Non-ferrous metals,RKOR,South Korea,"Korea, Republic of (South)",78300000.0,78.3,False,,
2019-04-30,2019-04,68,Non-ferrous metals,RKOR,South Korea,"Korea, Republic of (South)",82983000.0,82.983,False,,
2019-05-31,2019-05,68,Non-ferrous metals,RKOR,South Korea,"Korea, Republic of (South)",106067000.0,106.067,False,,
2019-06-30,2019-06,68,Non-ferrous metals,RKOR,South Korea,"Korea, Republic of (South)",114397000.0,114.397,False,,
2019-07-31,2019-07,68,Non-ferrous metals,RKOR,South Korea,"Korea, Republic of (South)",74915000.0,74.915,False,,
2019-08-31,2019-08,68,Non-ferrous metals,RKOR,South Korea,"Korea, Republic of (South)",82989000.0,82.989,False,,
2019-09-30,2019-09,68,Non-ferrous metals,RKOR,South Korea,"Korea, Republic of (South)",86095000.0,86.095,False,,
2019-10-31,2019-10,68,Non-ferrous metals,RKOR,South Korea,"Korea, Republic of (South)",69988000.0,69.988,False,,
2019-11-30,2019-11,68,Non-ferrous metals,RKOR,South Korea,"Korea, Republic of (South)",118153000.0,118.153,False,,
2019-12-31,2019-12,68,Non-ferrous metals,RKOR,South Korea,"Korea, Republic of (South)",121689000.0,121.689,False,,
2020-01-31,2020-01,68,Non-ferrous metals,RKOR,South Korea,"Korea, Republic of (South)",144869000.0,144.869,False,,
2020-02-29,2020-02,68,Non-ferrous metals,RKOR,South Korea,"Korea, Republic of (South)",145543000.0,145.543,False,,
2020-03-31,2020-03,68,Non-ferrous metals,RKOR,South Korea,"Korea, Republic of (South)",99168000.0,99.168,False,,
2020-04-30,2020-04,68,Non-ferrous metals,RKOR,South Korea,"Korea, Republic of (South)",158214000.0,158.214,False,,
2020-05-31,2020-05,68,Non-ferrous metals,RKOR,South Korea,"Korea, Republic of (South)",116461000.0,116.461,False,,
2020-06-30,2020-06,68,Non-ferrous metals,RKOR,South Korea,"Korea, Republic of (South)",119889000.0,119.889,False,,
2020-07-31,2020-07,68,Non-ferrous metals,RKOR,South Korea,"Korea, Republic of (South)",116130000.0,116.13,False,,
2020-08-31,2020-08,68,Non-ferrous metals,RKOR,South Korea,"Korea, Republic of (South)",98572000.0,98.572,False,,
2020-09-30,2020-09,68,Non-ferrous metals,RKOR,South Korea,"Korea, Republic of (South)",127850000.0,127.85,False,,
2020-10-31,2020-10,68,Non-ferrous metals,RKOR,South Korea,"Korea, Republic of (South)",128706000.0,128.706,False,,
2020-11-30,2020-11,68,Non-ferrous metals,RKOR,South Korea,"Korea, Republic of (South)",155264000.0,155.264,False,,
2020-12-31,2020-12,68,Non-ferrous metals,RKOR,South Korea,"Korea, Republic of (South)",117778000.0,117.778,False,,
2021-01-31,2021-01,68,Non-ferrous metals,RKOR,South Korea,"Korea, Republic of (South)",43540000.0,43.54,False,,
2021-02-28,2021-02,68,Non-ferrous metals,RKOR,South Korea,"Korea, Republic of (South)",73854000.0,73.854,False,,
2021-03-31,2021-03,68,Non-ferrous metals,RKOR,South Korea,"Korea, Republic of (South)",70561000.0,70.561,False,,
2021-04-30,2021-04,68,Non-ferrous metals,RKOR,South Korea,"Korea, Republic of (South)",104539000.0,104.539,False,,
2021-05-31,2021-05,68,Non-ferrous metals,RKOR,South Korea,"Korea, Republic of (South)",73452000.0,73.452,False,,
2021-06-30,2021-06,68,Non-ferrous metals,RKOR,South Korea,"Korea, Republic of (South)",143786000.0,143.786,False,,
2021-07-31,2021-07,68,Non-ferrous metals,RKOR,South Korea,"Korea, Republic of (South)",62581000.0,62.581,False,,
2021-08-31,2021-08,68,Non-ferrous metals,RKOR,South Korea,"Korea, Republic of (South)",70335000.0,70.335,False,,
2021-09-30,2021-09,68,Non-ferrous metals,RKOR,South Korea,"Korea, Republic of (South)",82191000.0,82.191,False,,
2021-10-31,2021-10,68,Non-ferrous metals,RKOR,South Korea,"Korea, Republic of (South)",55327000.0,55.327,False,,
2021-11-30,2021-11,68,Non-ferrous metals,RKOR,South Korea,"Korea, Republic of (South)",62481000.0,62.481,False,,
2021-12-31,2021-12,68,Non-ferrous metals,RKOR,South Korea,"Korea, Republic of (South)",78422000.0,78.422,False,,
2022-01-31,2022-01,68,Non-ferrous metals,RKOR,South Korea,"Korea, Republic of (South)",86634000.0,86.634,False,,
2022-02-28,2022-02,68,Non-ferrous metals,RKOR,South Korea,"Korea, Republic of (South)",129018000.0,129.018,False,,
2022-03-31,2022-03,68,Non-ferrous metals,RKOR,South Korea,"Korea, Republic of (South)",98813000.0,98.813,False,,
2022-04-30,2022-04,68,Non-ferrous metals,RKOR,South Korea,"Korea, Republic of (South)",140909000.0,140.909,False,,
2022-05-31,2022-05,68,Non-ferrous metals,RKOR,South Korea,"Korea, Republic of (South)",77727000.0,77.727,False,,
2022-06-30,2022-06,68,Non-ferrous metals,RKOR,South Korea,"Korea, Republic of (South)",210156000.0,210.156,False,,
2022-07-31,2022-07,68,Non-ferrous metals,RKOR,South Korea,"Korea, Republic of (South)",129421000.0,129.421,False,,
2022-08-31,2022-08,68,Non-ferrous metals,RKOR,South Korea,"Korea, Republic of (South)",110648000.0,110.648,False,,
2022-09-30,2022-09,68,Non-ferrous metals,RKOR,South Korea,"Korea, Republic of (South)",100443000.0,100.443,False,,
2022-10-31,2022-10,68,Non-ferrous metals,RKOR,South Korea,"Korea, Republic of (South)",69951000.0,69.951,False,,
2022-11-30,2022-11,68,Non-ferrous metals,RKOR,South Korea,"Korea, Republic of (South)",192190000.0,192.19,False,,
2022-12-31,2022-12,68,Non-ferrous metals,RKOR,South Korea,"Korea, Republic of (South)",145236000.0,145.236,False,,
2023-01-31,2023-01,68,Non-ferrous metals,RKOR,South Korea,"Korea, Republic of (South)",181685000.0,181.685,False,,
2023-02-28,2023-02,68,Non-ferrous metals,RKOR,South Korea,"Korea, Republic of (South)",197198000.0,197.198,False,,
2023-03-31,2023-03,68,Non-ferrous metals,RKOR,South Korea,"Korea, Republic of (South)",293010000.0,293.01,False,,
2023-04-30,2023-04,68,Non-ferrous metals,RKOR,South Korea,"Korea, Republic of (South)",195344000.0,195.344,False,,
2023-05-31,2023-05,68,Non-ferrous metals,RKOR,South Korea,"Korea, Republic of (South)",261588000.0,261.588,False,,
2023-06-30,2023-06,68,Non-ferrous metals,RKOR,South Korea,"Korea, Republic of (South)",180120000.0,180.12,False,,
2023-07-31,2023-07,68,Non-ferrous metals,RKOR,South Korea,"Korea, Republic of (South)",114816000.0,114.816,False,,
2023-08-31,2023-08,68,Non-ferrous metals,RKOR,South Korea,"Korea, Republic of (South)",174422000.0,174.422,False,,
2023-09-30,2023-09,68,Non-ferrous metals,RKOR,South Korea,"Korea, Republic of (South)",106750000.0,106.75,False,,
2023-10-31,2023-10,68,Non-ferrous metals,RKOR,South Korea,"Korea, Republic of (South)",130016000.0,130.016,False,,
2023-11-30,2023-11,68,Non-ferrous metals,RKOR,South Korea,"Korea, Republic of (South)",161946000.0,161.946,False,,
2023-12-31,2023-12,68,Non-ferrous metals,RKOR,South Korea,"Korea, Republic of (South)",161126000.0,161.126,False,,
2024-01-31,2024-01,68,Non-ferrous metals,RKOR,South Korea,"Korea, Republic of (South)",104756000.0,104.756,False,,
2024-02-29,2024-02,68,Non-ferrous metals,RKOR,South Korea,"Korea, Republic of (South)",140605000.0,140.605,False,,
2024-03-31,2024-03,68,Non-ferrous metals,RKOR,South Korea,"Korea, Republic of (South)",162755000.0,162.755,False,,
2024-04-30,2024-04,68,Non-ferrous metals,RKOR,South Korea,"Korea, Republic of (South)",189235000.0,189.235,False,,
2024-05-31,2024-05,68,Non-ferrous metals,RKOR,South Korea,"Korea, Republic of (South)",91410000.0,91.41,False,,
2024-06-30,2024-06,68,Non-ferrous metals,RKOR,South Korea,"Korea, Republic of (South)",115159000.0,115.159,False,,
2024-07-31,2024-07,68,Non-ferrous metals,RKOR,South Korea,"Korea, Republic of (South)",109942000.0,109.942,False,,
2024-08-31,2024-08,68,Non-ferrous metals,RKOR,South Korea,"Korea, Republic of (South)",110605000.0,110.605,False,,
2024-09-30,2024-09,68,Non-ferrous metals,RKOR,South Korea,"Korea, Republic of (South)",123685000.0,123.685,False,,
2024-10-31,2024-10,68,Non-ferrous metals,RKOR,South Korea,"Korea, Republic of (South)",154886000.0,154.886,False,,
2024-11-30,2024-11,68,Non-ferrous metals,RKOR,South Korea,"Korea, Republic of (South)",227834000.0,227.834,False,,
2024-12-31,2024-12,68,Non-ferrous metals,RKOR,South Korea,"Korea, Republic of (South)",304737000.0,304.737,False,,
2025-01-31,2025-01,68,Non-ferrous metals,RKOR,South Korea,"Korea, Republic of (South)",146287000.0,146.287,False,,
2025-02-28,2025-02,68,Non-ferrous metals,RKOR,South Korea,"Korea, Republic of (South)",183341000.0,183.341,False,,
2025-03-31,2025-03,68,Non-ferrous metals,RKOR,South Korea,"Korea, Republic of (South)",171846000.0,171.846,False,,
2025-04-30,2025-04,68,Non-ferrous metals,RKOR,South Korea,"Korea, Republic of (South)",139853000.0,139.853,False,,
2025-05-31,2025-05,68,Non-ferrous metals,RKOR,South Korea,"Korea, Republic of (South)",241706000.0,241.706,False,,
2025-06-30,2025-06,68,Non-ferrous metals,RKOR,South Korea,"Korea, Republic of (South)",237932000.0,237.932,False,,
2025-07-31,2025-07,68,Non-ferrous metals,RKOR,South Korea,"Korea, Republic of (South)",182164000.0,182.164,False,,
2025-08-31,2025-08,68,Non-ferrous metals,RKOR,South Korea,"Korea, Republic of (South)",148293000.0,148.293,False,,
2025-09-30,2025-09,68,Non-ferrous metals,RKOR,South Korea,"Korea, Republic of (South)",226573000.0,226.573,False,,
2025-10-31,2025-10,68,Non-ferrous metals,RKOR,South Korea,"Korea, Republic of (South)",117215000.0,117.215,False,,
2025-11-30,2025-11,68,Non-ferrous metals,RKOR,South Korea,"Korea, Republic of (South)",161222000.0,161.222,False,,
2025-12-31,2025-12,68,Non-ferrous metals,RKOR,South Korea,"Korea, Republic of (South)",189369000.0,189.369,False,,
2026-01-31,2026-01,68,Non-ferrous metals,RKOR,South Korea,"Korea, Republic of (South)",130350000.0,130.35,False,,
2026-02-28,2026-02,68,Non-ferrous metals,RKOR,South Korea,"Korea, Republic of (South)",93839000.0,93.839,False,,
2026-03-31,2026-03,68,Non-ferrous metals,RKOR,South Korea,"Korea, Republic of (South)",125025000.0,125.025,False,,
2026-04-30,2026-04,68,Non-ferrous metals,RKOR,South Korea,"Korea, Republic of (South)",134400000.0,134.4,False,,
2026-05-31,2026-05,68,Non-ferrous metals,RKOR,South Korea,"Korea, Republic of (South)",115647000.0,115.647,False,,
2026-06-30,2026-06,68,Non-ferrous metals,RKOR,South Korea,"Korea, Republic of (South)",215637000.0,215.637,False,,
2015-01-31,2015-01,68,Non-ferrous metals,TAIW,Taiwan,Taiwan,68623000.0,68.623,False,,
2015-02-28,2015-02,68,Non-ferrous metals,TAIW,Taiwan,Taiwan,43103000.0,43.103,False,,
2015-03-31,2015-03,68,Non-ferrous metals,TAIW,Taiwan,Taiwan,67158000.0,67.158,False,,
2015-04-30,2015-04,68,Non-ferrous metals,TAIW,Taiwan,Taiwan,43348000.0,43.348,False,,
2015-05-31,2015-05,68,Non-ferrous metals,TAIW,Taiwan,Taiwan,81967000.0,81.967,False,,
2015-06-30,2015-06,68,Non-ferrous metals,TAIW,Taiwan,Taiwan,55949000.0,55.949,False,,
2015-07-31,2015-07,68,Non-ferrous metals,TAIW,Taiwan,Taiwan,48548000.0,48.548,False,,
2015-08-31,2015-08,68,Non-ferrous metals,TAIW,Taiwan,Taiwan,54716000.0,54.716,False,,
2015-09-30,2015-09,68,Non-ferrous metals,TAIW,Taiwan,Taiwan,50830000.0,50.83,False,,
2015-10-31,2015-10,68,Non-ferrous metals,TAIW,Taiwan,Taiwan,36934000.0,36.934,False,,
2015-11-30,2015-11,68,Non-ferrous metals,TAIW,Taiwan,Taiwan,40485000.0,40.485,False,,
2015-12-31,2015-12,68,Non-ferrous metals,TAIW,Taiwan,Taiwan,74255000.0,74.255,False,,
2016-01-31,2016-01,68,Non-ferrous metals,TAIW,Taiwan,Taiwan,36986000.0,36.986,False,,
2016-02-29,2016-02,68,Non-ferrous metals,TAIW,Taiwan,Taiwan,58930000.0,58.93,False,,
2016-03-31,2016-03,68,Non-ferrous metals,TAIW,Taiwan,Taiwan,91734000.0,91.734,False,,
2016-04-30,2016-04,68,Non-ferrous metals,TAIW,Taiwan,Taiwan,74698000.0,74.698,False,,
2016-05-31,2016-05,68,Non-ferrous metals,TAIW,Taiwan,Taiwan,87191000.0,87.191,False,,
2016-06-30,2016-06,68,Non-ferrous metals,TAIW,Taiwan,Taiwan,90709000.0,90.709,False,,
2016-07-31,2016-07,68,Non-ferrous metals,TAIW,Taiwan,Taiwan,95975000.0,95.975,False,,
2016-08-31,2016-08,68,Non-ferrous metals,TAIW,Taiwan,Taiwan,79436000.0,79.436,False,,
2016-09-30,2016-09,68,Non-ferrous metals,TAIW,Taiwan,Taiwan,49857000.0,49.857,False,,
2016-10-31,2016-10,68,Non-ferrous metals,TAIW,Taiwan,Taiwan,72681000.0,72.681,False,,
2016-11-30,2016-11,68,Non-ferrous metals,TAIW,Taiwan,Taiwan,69687000.0,69.687,False,,
2016-12-31,2016-12,68,Non-ferrous metals,TAIW,Taiwan,Taiwan,86719000.0,86.719,False,,
2017-01-31,2017-01,68,Non-ferrous metals,TAIW,Taiwan,Taiwan,59764000.0,59.764,False,,
2017-02-28,2017-02,68,Non-ferrous metals,TAIW,Taiwan,Taiwan,46108000.0,46.108,False,,
2017-03-31,2017-03,68,Non-ferrous metals,TAIW,Taiwan,Taiwan,65980000.0,65.98,False,,
2017-04-30,2017-04,68,Non-ferrous metals,TAIW,Taiwan,Taiwan,67367000.0,67.367,False,,
2017-05-31,2017-05,68,Non-ferrous metals,TAIW,Taiwan,Taiwan,109231000.0,109.231,False,,
2017-06-30,2017-06,68,Non-ferrous metals,TAIW,Taiwan,Taiwan,93490000.0,93.49,False,,
2017-07-31,2017-07,68,Non-ferrous metals,TAIW,Taiwan,Taiwan,82380000.0,82.38,False,,
2017-08-31,2017-08,68,Non-ferrous metals,TAIW,Taiwan,Taiwan,107806000.0,107.806,False,,
2017-09-30,2017-09,68,Non-ferrous metals,TAIW,Taiwan,Taiwan,91354000.0,91.354,False,,
2017-10-31,2017-10,68,Non-ferrous metals,TAIW,Taiwan,Taiwan,68618000.0,68.618,False,,
2017-11-30,2017-11,68,Non-ferrous metals,TAIW,Taiwan,Taiwan,187885000.0,187.885,False,,
2017-12-31,2017-12,68,Non-ferrous metals,TAIW,Taiwan,Taiwan,107365000.0,107.365,False,,
2018-01-31,2018-01,68,Non-ferrous metals,TAIW,Taiwan,Taiwan,99262000.0,99.262,False,,
2018-02-28,2018-02,68,Non-ferrous metals,TAIW,Taiwan,Taiwan,77327000.0,77.327,False,,
2018-03-31,2018-03,68,Non-ferrous metals,TAIW,Taiwan,Taiwan,95887000.0,95.887,False,,
2018-04-30,2018-04,68,Non-ferrous metals,TAIW,Taiwan,Taiwan,99630000.0,99.63,False,,
2018-05-31,2018-05,68,Non-ferrous metals,TAIW,Taiwan,Taiwan,92551000.0,92.551,False,,
2018-06-30,2018-06,68,Non-ferrous metals,TAIW,Taiwan,Taiwan,95054000.0,95.054,False,,
2018-07-31,2018-07,68,Non-ferrous metals,TAIW,Taiwan,Taiwan,101386000.0,101.386,False,,
2018-08-31,2018-08,68,Non-ferrous metals,TAIW,Taiwan,Taiwan,101081000.0,101.081,False,,
2018-09-30,2018-09,68,Non-ferrous metals,TAIW,Taiwan,Taiwan,63122000.0,63.122,False,,
2018-10-31,2018-10,68,Non-ferrous metals,TAIW,Taiwan,Taiwan,101721000.0,101.721,False,,
2018-11-30,2018-11,68,Non-ferrous metals,TAIW,Taiwan,Taiwan,118478000.0,118.478,False,,
2018-12-31,2018-12,68,Non-ferrous metals,TAIW,Taiwan,Taiwan,98625000.0,98.625,False,,
2019-01-31,2019-01,68,Non-ferrous metals,TAIW,Taiwan,Taiwan,63215000.0,63.215,False,,
2019-02-28,2019-02,68,Non-ferrous metals,TAIW,Taiwan,Taiwan,92659000.0,92.659,False,,
2019-03-31,2019-03,68,Non-ferrous metals,TAIW,Taiwan,Taiwan,56484000.0,56.484,False,,
2019-04-30,2019-04,68,Non-ferrous metals,TAIW,Taiwan,Taiwan,57027000.0,57.027,False,,
2019-05-31,2019-05,68,Non-ferrous metals,TAIW,Taiwan,Taiwan,78348000.0,78.348,False,,
2019-06-30,2019-06,68,Non-ferrous metals,TAIW,Taiwan,Taiwan,60437000.0,60.437,False,,
2019-07-31,2019-07,68,Non-ferrous metals,TAIW,Taiwan,Taiwan,119253000.0,119.253,False,,
2019-08-31,2019-08,68,Non-ferrous metals,TAIW,Taiwan,Taiwan,54612000.0,54.612,False,,
2019-09-30,2019-09,68,Non-ferrous metals,TAIW,Taiwan,Taiwan,58816000.0,58.816,False,,
2019-10-31,2019-10,68,Non-ferrous metals,TAIW,Taiwan,Taiwan,128455000.0,128.455,False,,
2019-11-30,2019-11,68,Non-ferrous metals,TAIW,Taiwan,Taiwan,89887000.0,89.887,False,,
2019-12-31,2019-12,68,Non-ferrous metals,TAIW,Taiwan,Taiwan,108548000.0,108.548,False,,
2020-01-31,2020-01,68,Non-ferrous metals,TAIW,Taiwan,Taiwan,50072000.0,50.072,False,,
2020-02-29,2020-02,68,Non-ferrous metals,TAIW,Taiwan,Taiwan,65496000.0,65.496,False,,
2020-03-31,2020-03,68,Non-ferrous metals,TAIW,Taiwan,Taiwan,55877000.0,55.877,False,,
2020-04-30,2020-04,68,Non-ferrous metals,TAIW,Taiwan,Taiwan,93077000.0,93.077,False,,
2020-05-31,2020-05,68,Non-ferrous metals,TAIW,Taiwan,Taiwan,74105000.0,74.105,False,,
2020-06-30,2020-06,68,Non-ferrous metals,TAIW,Taiwan,Taiwan,106166000.0,106.166,False,,
2020-07-31,2020-07,68,Non-ferrous metals,TAIW,Taiwan,Taiwan,70605000.0,70.605,False,,
2020-08-31,2020-08,68,Non-ferrous metals,TAIW,Taiwan,Taiwan,47934000.0,47.934,False,,
2020-09-30,2020-09,68,Non-ferrous metals,TAIW,Taiwan,Taiwan,71073000.0,71.073,False,,
2020-10-31,2020-10,68,Non-ferrous metals,TAIW,Taiwan,Taiwan,71534000.0,71.534,False,,
2020-11-30,2020-11,68,Non-ferrous metals,TAIW,Taiwan,Taiwan,102385000.0,102.385,False,,
2020-12-31,2020-12,68,Non-ferrous metals,TAIW,Taiwan,Taiwan,68309000.0,68.309,False,,
2021-01-31,2021-01,68,Non-ferrous metals,TAIW,Taiwan,Taiwan,67104000.0,67.104,False,,
2021-02-28,2021-02,68,Non-ferrous metals,TAIW,Taiwan,Taiwan,73201000.0,73.201,False,,
2021-03-31,2021-03,68,Non-ferrous metals,TAIW,Taiwan,Taiwan,113352000.0,113.352,False,,
2021-04-30,2021-04,68,Non-ferrous metals,TAIW,Taiwan,Taiwan,122754000.0,122.754,False,,
2021-05-31,2021-05,68,Non-ferrous metals,TAIW,Taiwan,Taiwan,140426000.0,140.426,False,,
2021-06-30,2021-06,68,Non-ferrous metals,TAIW,Taiwan,Taiwan,56466000.0,56.466,False,,
2021-07-31,2021-07,68,Non-ferrous metals,TAIW,Taiwan,Taiwan,149793000.0,149.793,False,,
2021-08-31,2021-08,68,Non-ferrous metals,TAIW,Taiwan,Taiwan,176776000.0,176.776,False,,
2021-09-30,2021-09,68,Non-ferrous metals,TAIW,Taiwan,Taiwan,176180000.0,176.18,False,,
2021-10-31,2021-10,68,Non-ferrous metals,TAIW,Taiwan,Taiwan,107544000.0,107.544,False,,
2021-11-30,2021-11,68,Non-ferrous metals,TAIW,Taiwan,Taiwan,119084000.0,119.084,False,,
2021-12-31,2021-12,68,Non-ferrous metals,TAIW,Taiwan,Taiwan,156651000.0,156.651,False,,
2022-01-31,2022-01,68,Non-ferrous metals,TAIW,Taiwan,Taiwan,130495000.0,130.495,False,,
2022-02-28,2022-02,68,Non-ferrous metals,TAIW,Taiwan,Taiwan,133928000.0,133.928,False,,
2022-03-31,2022-03,68,Non-ferrous metals,TAIW,Taiwan,Taiwan,101643000.0,101.643,False,,
2022-04-30,2022-04,68,Non-ferrous metals,TAIW,Taiwan,Taiwan,184620000.0,184.62,False,,
2022-05-31,2022-05,68,Non-ferrous metals,TAIW,Taiwan,Taiwan,200689000.0,200.689,False,,
2022-06-30,2022-06,68,Non-ferrous metals,TAIW,Taiwan,Taiwan,140680000.0,140.68,False,,
2022-07-31,2022-07,68,Non-ferrous metals,TAIW,Taiwan,Taiwan,98795000.0,98.795,False,,
2022-08-31,2022-08,68,Non-ferrous metals,TAIW,Taiwan,Taiwan,109080000.0,109.08,False,,
2022-09-30,2022-09,68,Non-ferrous metals,TAIW,Taiwan,Taiwan,53074000.0,53.074,False,,
2022-10-31,2022-10,68,Non-ferrous metals,TAIW,Taiwan,Taiwan,88111000.0,88.111,False,,
2022-11-30,2022-11,68,Non-ferrous metals,TAIW,Taiwan,Taiwan,166385000.0,166.385,False,,
2022-12-31,2022-12,68,Non-ferrous metals,TAIW,Taiwan,Taiwan,71043000.0,71.043,False,,
2023-01-31,2023-01,68,Non-ferrous metals,TAIW,Taiwan,Taiwan,124109000.0,124.109,False,,
2023-02-28,2023-02,68,Non-ferrous metals,TAIW,Taiwan,Taiwan,63804000.0,63.804,False,,
2023-03-31,2023-03,68,Non-ferrous metals,TAIW,Taiwan,Taiwan,103552000.0,103.552,False,,
2023-04-30,2023-04,68,Non-ferrous metals,TAIW,Taiwan,Taiwan,84506000.0,84.506,False,,
2023-05-31,2023-05,68,Non-ferrous metals,TAIW,Taiwan,Taiwan,90309000.0,90.309,False,,
2023-06-30,2023-06,68,Non-ferrous metals,TAIW,Taiwan,Taiwan,106142000.0,106.142,False,,
2023-07-31,2023-07,68,Non-ferrous metals,TAIW,Taiwan,Taiwan,94105000.0,94.105,False,,
2023-08-31,2023-08,68,Non-ferrous metals,TAIW,Taiwan,Taiwan,98790000.0,98.79,False,,
2023-09-30,2023-09,68,Non-ferrous metals,TAIW,Taiwan,Taiwan,93568000.0,93.568,False,,
2023-10-31,2023-10,68,Non-ferrous metals,TAIW,Taiwan,Taiwan,58815000.0,58.815,False,,
2023-11-30,2023-11,68,Non-ferrous metals,TAIW,Taiwan,Taiwan,120592000.0,120.592,False,,
2023-12-31,2023-12,68,Non-ferrous metals,TAIW,Taiwan,Taiwan,51261000.0,51.261,False,,
2024-01-31,2024-01,68,Non-ferrous metals,TAIW,Taiwan,Taiwan,127097000.0,127.097,False,,
2024-02-29,2024-02,68,Non-ferrous metals,TAIW,Taiwan,Taiwan,134991000.0,134.991,False,,
2024-03-31,2024-03,68,Non-ferrous metals,TAIW,Taiwan,Taiwan,179165000.0,179.165,False,,
2024-04-30,2024-04,68,Non-ferrous metals,TAIW,Taiwan,Taiwan,131716000.0,131.716,False,,
2024-05-31,2024-05,68,Non-ferrous metals,TAIW,Taiwan,Taiwan,150013000.0,150.013,False,,
2024-06-30,2024-06,68,Non-ferrous metals,TAIW,Taiwan,Taiwan,97034000.0,97.034,False,,
2024-07-31,2024-07,68,Non-ferrous metals,TAIW,Taiwan,Taiwan,141802000.0,141.802,False,,
2024-08-31,2024-08,68,Non-ferrous metals,TAIW,Taiwan,Taiwan,208187000.0,208.187,False,,
2024-09-30,2024-09,68,Non-ferrous metals,TAIW,Taiwan,Taiwan,144072000.0,144.072,False,,
2024-10-31,2024-10,68,Non-ferrous metals,TAIW,Taiwan,Taiwan,144015000.0,144.015,False,,
2024-11-30,2024-11,68,Non-ferrous metals,TAIW,Taiwan,Taiwan,160319000.0,160.319,False,,
2024-12-31,2024-12,68,Non-ferrous metals,TAIW,Taiwan,Taiwan,136767000.0,136.767,False,,
2025-01-31,2025-01,68,Non-ferrous metals,TAIW,Taiwan,Taiwan,126405000.0,126.405,False,,
2025-02-28,2025-02,68,Non-ferrous metals,TAIW,Taiwan,Taiwan,179893000.0,179.893,False,,
2025-03-31,2025-03,68,Non-ferrous metals,TAIW,Taiwan,Taiwan,94196000.0,94.196,False,,
2025-04-30,2025-04,68,Non-ferrous metals,TAIW,Taiwan,Taiwan,100424000.0,100.424,False,,
2025-05-31,2025-05,68,Non-ferrous metals,TAIW,Taiwan,Taiwan,215072000.0,215.072,False,,
2025-06-30,2025-06,68,Non-ferrous metals,TAIW,Taiwan,Taiwan,220179000.0,220.179,False,,
2025-07-31,2025-07,68,Non-ferrous metals,TAIW,Taiwan,Taiwan,101635000.0,101.635,False,,
2025-08-31,2025-08,68,Non-ferrous metals,TAIW,Taiwan,Taiwan,78715000.0,78.715,False,,
2025-09-30,2025-09,68,Non-ferrous metals,TAIW,Taiwan,Taiwan,177306000.0,177.306,False,,
2025-10-31,2025-10,68,Non-ferrous metals,TAIW,Taiwan,Taiwan,138505000.0,138.505,False,,
2025-11-30,2025-11,68,Non-ferrous metals,TAIW,Taiwan,Taiwan,172870000.0,172.87,False,,
2025-12-31,2025-12,68,Non-ferrous metals,TAIW,Taiwan,Taiwan,195018000.0,195.018,False,,
2026-01-31,2026-01,68,Non-ferrous metals,TAIW,Taiwan,Taiwan,65496000.0,65.496,False,,
2026-02-28,2026-02,68,Non-ferrous metals,TAIW,Taiwan,Taiwan,122300000.0,122.3,False,,
2026-03-31,2026-03,68,Non-ferrous metals,TAIW,Taiwan,Taiwan,85413000.0,85.413,False,,
2026-04-30,2026-04,68,Non-ferrous metals,TAIW,Taiwan,Taiwan,132414000.0,132.414,False,,
2026-05-31,2026-05,68,Non-ferrous metals,TAIW,Taiwan,Taiwan,77263000.0,77.263,False,,
2026-06-30,2026-06,68,Non-ferrous metals,TAIW,Taiwan,Taiwan,127774000.0,127.774,False,,
2015-01-31,2015-01,68,Non-ferrous metals,THAI,Thailand,Thailand,35605000.0,35.605,False,,
2015-02-28,2015-02,68,Non-ferrous metals,THAI,Thailand,Thailand,45996000.0,45.996,False,,
2015-03-31,2015-03,68,Non-ferrous metals,THAI,Thailand,Thailand,44069000.0,44.069,False,,
2015-04-30,2015-04,68,Non-ferrous metals,THAI,Thailand,Thailand,43507000.0,43.507,False,,
2015-05-31,2015-05,68,Non-ferrous metals,THAI,Thailand,Thailand,49551000.0,49.551,False,,
2015-06-30,2015-06,68,Non-ferrous metals,THAI,Thailand,Thailand,48647000.0,48.647,False,,
2015-07-31,2015-07,68,Non-ferrous metals,THAI,Thailand,Thailand,38853000.0,38.853,False,,
2015-08-31,2015-08,68,Non-ferrous metals,THAI,Thailand,Thailand,60814000.0,60.814,False,,
2015-09-30,2015-09,68,Non-ferrous metals,THAI,Thailand,Thailand,56253000.0,56.253,False,,
2015-10-31,2015-10,68,Non-ferrous metals,THAI,Thailand,Thailand,61781000.0,61.781,False,,
2015-11-30,2015-11,68,Non-ferrous metals,THAI,Thailand,Thailand,54684000.0,54.684,False,,
2015-12-31,2015-12,68,Non-ferrous metals,THAI,Thailand,Thailand,41529000.0,41.529,False,,
2016-01-31,2016-01,68,Non-ferrous metals,THAI,Thailand,Thailand,42168000.0,42.168,False,,
2016-02-29,2016-02,68,Non-ferrous metals,THAI,Thailand,Thailand,83457000.0,83.457,False,,
2016-03-31,2016-03,68,Non-ferrous metals,THAI,Thailand,Thailand,48025000.0,48.025,False,,
2016-04-30,2016-04,68,Non-ferrous metals,THAI,Thailand,Thailand,43626000.0,43.626,False,,
2016-05-31,2016-05,68,Non-ferrous metals,THAI,Thailand,Thailand,46256000.0,46.256,False,,
2016-06-30,2016-06,68,Non-ferrous metals,THAI,Thailand,Thailand,61083000.0,61.083,False,,
2016-07-31,2016-07,68,Non-ferrous metals,THAI,Thailand,Thailand,47752000.0,47.752,False,,
2016-08-31,2016-08,68,Non-ferrous metals,THAI,Thailand,Thailand,38237000.0,38.237,False,,
2016-09-30,2016-09,68,Non-ferrous metals,THAI,Thailand,Thailand,67396000.0,67.396,False,,
2016-10-31,2016-10,68,Non-ferrous metals,THAI,Thailand,Thailand,49724000.0,49.724,False,,
2016-11-30,2016-11,68,Non-ferrous metals,THAI,Thailand,Thailand,38700000.0,38.7,False,,
2016-12-31,2016-12,68,Non-ferrous metals,THAI,Thailand,Thailand,43161000.0,43.161,False,,
2017-01-31,2017-01,68,Non-ferrous metals,THAI,Thailand,Thailand,68299000.0,68.299,False,,
2017-02-28,2017-02,68,Non-ferrous metals,THAI,Thailand,Thailand,49971000.0,49.971,False,,
2017-03-31,2017-03,68,Non-ferrous metals,THAI,Thailand,Thailand,60726000.0,60.726,False,,
2017-04-30,2017-04,68,Non-ferrous metals,THAI,Thailand,Thailand,42878000.0,42.878,False,,
2017-05-31,2017-05,68,Non-ferrous metals,THAI,Thailand,Thailand,59956000.0,59.956,False,,
2017-06-30,2017-06,68,Non-ferrous metals,THAI,Thailand,Thailand,79751000.0,79.751,False,,
2017-07-31,2017-07,68,Non-ferrous metals,THAI,Thailand,Thailand,52851000.0,52.851,False,,
2017-08-31,2017-08,68,Non-ferrous metals,THAI,Thailand,Thailand,71835000.0,71.835,False,,
2017-09-30,2017-09,68,Non-ferrous metals,THAI,Thailand,Thailand,54214000.0,54.214,False,,
2017-10-31,2017-10,68,Non-ferrous metals,THAI,Thailand,Thailand,43103000.0,43.103,False,,
2017-11-30,2017-11,68,Non-ferrous metals,THAI,Thailand,Thailand,40470000.0,40.47,False,,
2017-12-31,2017-12,68,Non-ferrous metals,THAI,Thailand,Thailand,39663000.0,39.663,False,,
2018-01-31,2018-01,68,Non-ferrous metals,THAI,Thailand,Thailand,47677000.0,47.677,False,,
2018-02-28,2018-02,68,Non-ferrous metals,THAI,Thailand,Thailand,55635000.0,55.635,False,,
2018-03-31,2018-03,68,Non-ferrous metals,THAI,Thailand,Thailand,41484000.0,41.484,False,,
2018-04-30,2018-04,68,Non-ferrous metals,THAI,Thailand,Thailand,57645000.0,57.645,False,,
2018-05-31,2018-05,68,Non-ferrous metals,THAI,Thailand,Thailand,64725000.0,64.725,False,,
2018-06-30,2018-06,68,Non-ferrous metals,THAI,Thailand,Thailand,61351000.0,61.351,False,,
2018-07-31,2018-07,68,Non-ferrous metals,THAI,Thailand,Thailand,122230000.0,122.23,False,,
2018-08-31,2018-08,68,Non-ferrous metals,THAI,Thailand,Thailand,75242000.0,75.242,False,,
2018-09-30,2018-09,68,Non-ferrous metals,THAI,Thailand,Thailand,53447000.0,53.447,False,,
2018-10-31,2018-10,68,Non-ferrous metals,THAI,Thailand,Thailand,67706000.0,67.706,False,,
2018-11-30,2018-11,68,Non-ferrous metals,THAI,Thailand,Thailand,43674000.0,43.674,False,,
2018-12-31,2018-12,68,Non-ferrous metals,THAI,Thailand,Thailand,78848000.0,78.848,False,,
2019-01-31,2019-01,68,Non-ferrous metals,THAI,Thailand,Thailand,81133000.0,81.133,False,,
2019-02-28,2019-02,68,Non-ferrous metals,THAI,Thailand,Thailand,58185000.0,58.185,False,,
2019-03-31,2019-03,68,Non-ferrous metals,THAI,Thailand,Thailand,48812000.0,48.812,False,,
2019-04-30,2019-04,68,Non-ferrous metals,THAI,Thailand,Thailand,82605000.0,82.605,False,,
2019-05-31,2019-05,68,Non-ferrous metals,THAI,Thailand,Thailand,101217000.0,101.217,False,,
2019-06-30,2019-06,68,Non-ferrous metals,THAI,Thailand,Thailand,66245000.0,66.245,False,,
2019-07-31,2019-07,68,Non-ferrous metals,THAI,Thailand,Thailand,66418000.0,66.418,False,,
2019-08-31,2019-08,68,Non-ferrous metals,THAI,Thailand,Thailand,60807000.0,60.807,False,,
2019-09-30,2019-09,68,Non-ferrous metals,THAI,Thailand,Thailand,62866000.0,62.866,False,,
2019-10-31,2019-10,68,Non-ferrous metals,THAI,Thailand,Thailand,59737000.0,59.737,False,,
2019-11-30,2019-11,68,Non-ferrous metals,THAI,Thailand,Thailand,47758000.0,47.758,False,,
2019-12-31,2019-12,68,Non-ferrous metals,THAI,Thailand,Thailand,38210000.0,38.21,False,,
2020-01-31,2020-01,68,Non-ferrous metals,THAI,Thailand,Thailand,66275000.0,66.275,False,,
2020-02-29,2020-02,68,Non-ferrous metals,THAI,Thailand,Thailand,54790000.0,54.79,False,,
2020-03-31,2020-03,68,Non-ferrous metals,THAI,Thailand,Thailand,54766000.0,54.766,False,,
2020-04-30,2020-04,68,Non-ferrous metals,THAI,Thailand,Thailand,76034000.0,76.034,False,,
2020-05-31,2020-05,68,Non-ferrous metals,THAI,Thailand,Thailand,70920000.0,70.92,False,,
2020-06-30,2020-06,68,Non-ferrous metals,THAI,Thailand,Thailand,57529000.0,57.529,False,,
2020-07-31,2020-07,68,Non-ferrous metals,THAI,Thailand,Thailand,30035000.0,30.035,False,,
2020-08-31,2020-08,68,Non-ferrous metals,THAI,Thailand,Thailand,51884000.0,51.884,False,,
2020-09-30,2020-09,68,Non-ferrous metals,THAI,Thailand,Thailand,39480000.0,39.48,False,,
2020-10-31,2020-10,68,Non-ferrous metals,THAI,Thailand,Thailand,48928000.0,48.928,False,,
2020-11-30,2020-11,68,Non-ferrous metals,THAI,Thailand,Thailand,63384000.0,63.384,False,,
2020-12-31,2020-12,68,Non-ferrous metals,THAI,Thailand,Thailand,51646000.0,51.646,False,,
2021-01-31,2021-01,68,Non-ferrous metals,THAI,Thailand,Thailand,90182000.0,90.182,False,,
2021-02-28,2021-02,68,Non-ferrous metals,THAI,Thailand,Thailand,94672000.0,94.672,False,,
2021-03-31,2021-03,68,Non-ferrous metals,THAI,Thailand,Thailand,76286000.0,76.286,False,,
2021-04-30,2021-04,68,Non-ferrous metals,THAI,Thailand,Thailand,107759000.0,107.759,False,,
2021-05-31,2021-05,68,Non-ferrous metals,THAI,Thailand,Thailand,116719000.0,116.719,False,,
2021-06-30,2021-06,68,Non-ferrous metals,THAI,Thailand,Thailand,75150000.0,75.15,False,,
2021-07-31,2021-07,68,Non-ferrous metals,THAI,Thailand,Thailand,80223000.0,80.223,False,,
2021-08-31,2021-08,68,Non-ferrous metals,THAI,Thailand,Thailand,95113000.0,95.113,False,,
2021-09-30,2021-09,68,Non-ferrous metals,THAI,Thailand,Thailand,92752000.0,92.752,False,,
2021-10-31,2021-10,68,Non-ferrous metals,THAI,Thailand,Thailand,82211000.0,82.211,False,,
2021-11-30,2021-11,68,Non-ferrous metals,THAI,Thailand,Thailand,74005000.0,74.005,False,,
2021-12-31,2021-12,68,Non-ferrous metals,THAI,Thailand,Thailand,53192000.0,53.192,False,,
2022-01-31,2022-01,68,Non-ferrous metals,THAI,Thailand,Thailand,65181000.0,65.181,False,,
2022-02-28,2022-02,68,Non-ferrous metals,THAI,Thailand,Thailand,66667000.0,66.667,False,,
2022-03-31,2022-03,68,Non-ferrous metals,THAI,Thailand,Thailand,72988000.0,72.988,False,,
2022-04-30,2022-04,68,Non-ferrous metals,THAI,Thailand,Thailand,100900000.0,100.9,False,,
2022-05-31,2022-05,68,Non-ferrous metals,THAI,Thailand,Thailand,88056000.0,88.056,False,,
2022-06-30,2022-06,68,Non-ferrous metals,THAI,Thailand,Thailand,88532000.0,88.532,False,,
2022-07-31,2022-07,68,Non-ferrous metals,THAI,Thailand,Thailand,71918000.0,71.918,False,,
2022-08-31,2022-08,68,Non-ferrous metals,THAI,Thailand,Thailand,84388000.0,84.388,False,,
2022-09-30,2022-09,68,Non-ferrous metals,THAI,Thailand,Thailand,111526000.0,111.526,False,,
2022-10-31,2022-10,68,Non-ferrous metals,THAI,Thailand,Thailand,109440000.0,109.44,False,,
2022-11-30,2022-11,68,Non-ferrous metals,THAI,Thailand,Thailand,80593000.0,80.593,False,,
2022-12-31,2022-12,68,Non-ferrous metals,THAI,Thailand,Thailand,99662000.0,99.662,False,,
2023-01-31,2023-01,68,Non-ferrous metals,THAI,Thailand,Thailand,48047000.0,48.047,False,,
2023-02-28,2023-02,68,Non-ferrous metals,THAI,Thailand,Thailand,54691000.0,54.691,False,,
2023-03-31,2023-03,68,Non-ferrous metals,THAI,Thailand,Thailand,62128000.0,62.128,False,,
2023-04-30,2023-04,68,Non-ferrous metals,THAI,Thailand,Thailand,81070000.0,81.07,False,,
2023-05-31,2023-05,68,Non-ferrous metals,THAI,Thailand,Thailand,76771000.0,76.771,False,,
2023-06-30,2023-06,68,Non-ferrous metals,THAI,Thailand,Thailand,51455000.0,51.455,False,,
2023-07-31,2023-07,68,Non-ferrous metals,THAI,Thailand,Thailand,68993000.0,68.993,False,,
2023-08-31,2023-08,68,Non-ferrous metals,THAI,Thailand,Thailand,94680000.0,94.68,False,,
2023-09-30,2023-09,68,Non-ferrous metals,THAI,Thailand,Thailand,67827000.0,67.827,False,,
2023-10-31,2023-10,68,Non-ferrous metals,THAI,Thailand,Thailand,68315000.0,68.315,False,,
2023-11-30,2023-11,68,Non-ferrous metals,THAI,Thailand,Thailand,55475000.0,55.475,False,,
2023-12-31,2023-12,68,Non-ferrous metals,THAI,Thailand,Thailand,60764000.0,60.764,False,,
2024-01-31,2024-01,68,Non-ferrous metals,THAI,Thailand,Thailand,78171000.0,78.171,False,,
2024-02-29,2024-02,68,Non-ferrous metals,THAI,Thailand,Thailand,81173000.0,81.173,False,,
2024-03-31,2024-03,68,Non-ferrous metals,THAI,Thailand,Thailand,78884000.0,78.884,False,,
2024-04-30,2024-04,68,Non-ferrous metals,THAI,Thailand,Thailand,77033000.0,77.033,False,,
2024-05-31,2024-05,68,Non-ferrous metals,THAI,Thailand,Thailand,90655000.0,90.655,False,,
2024-06-30,2024-06,68,Non-ferrous metals,THAI,Thailand,Thailand,77358000.0,77.358,False,,
2024-07-31,2024-07,68,Non-ferrous metals,THAI,Thailand,Thailand,94100000.0,94.1,False,,
2024-08-31,2024-08,68,Non-ferrous metals,THAI,Thailand,Thailand,92202000.0,92.202,False,,
2024-09-30,2024-09,68,Non-ferrous metals,THAI,Thailand,Thailand,77050000.0,77.05,False,,
2024-10-31,2024-10,68,Non-ferrous metals,THAI,Thailand,Thailand,83829000.0,83.829,False,,
2024-11-30,2024-11,68,Non-ferrous metals,THAI,Thailand,Thailand,57001000.0,57.001,False,,
2024-12-31,2024-12,68,Non-ferrous metals,THAI,Thailand,Thailand,99377000.0,99.377,False,,
2025-01-31,2025-01,68,Non-ferrous metals,THAI,Thailand,Thailand,92063000.0,92.063,False,,
2025-02-28,2025-02,68,Non-ferrous metals,THAI,Thailand,Thailand,98530000.0,98.53,False,,
2025-03-31,2025-03,68,Non-ferrous metals,THAI,Thailand,Thailand,117625000.0,117.625,False,,
2025-04-30,2025-04,68,Non-ferrous metals,THAI,Thailand,Thailand,116451000.0,116.451,False,,
2025-05-31,2025-05,68,Non-ferrous metals,THAI,Thailand,Thailand,100361000.0,100.361,False,,
2025-06-30,2025-06,68,Non-ferrous metals,THAI,Thailand,Thailand,183560000.0,183.56,False,,
2025-07-31,2025-07,68,Non-ferrous metals,THAI,Thailand,Thailand,126804000.0,126.804,False,,
2025-08-31,2025-08,68,Non-ferrous metals,THAI,Thailand,Thailand,92301000.0,92.301,False,,
2025-09-30,2025-09,68,Non-ferrous metals,THAI,Thailand,Thailand,116904000.0,116.904,False,,
2025-10-31,2025-10,68,Non-ferrous metals,THAI,Thailand,Thailand,97376000.0,97.376,False,,
2025-11-30,2025-11,68,Non-ferrous metals,THAI,Thailand,Thailand,117483000.0,117.483,False,,
2025-12-31,2025-12,68,Non-ferrous metals,THAI,Thailand,Thailand,93373000.0,93.373,False,,
2026-01-31,2026-01,68,Non-ferrous metals,THAI,Thailand,Thailand,134277000.0,134.277,False,,
2026-02-28,2026-02,68,Non-ferrous metals,THAI,Thailand,Thailand,111451000.0,111.451,False,,
2026-03-31,2026-03,68,Non-ferrous metals,THAI,Thailand,Thailand,135960000.0,135.96,False,,
2026-04-30,2026-04,68,Non-ferrous metals,THAI,Thailand,Thailand,121066000.0,121.066,False,,
2026-05-31,2026-05,68,Non-ferrous metals,THAI,Thailand,Thailand,131216000.0,131.216,False,,
2026-06-30,2026-06,68,Non-ferrous metals,THAI,Thailand,Thailand,133289000.0,133.289,False,,
2015-01-31,2015-01,68,Non-ferrous metals,VIET,Vietnam,Vietnam,13302000.0,13.302,False,,
2015-02-28,2015-02,68,Non-ferrous metals,VIET,Vietnam,Vietnam,28880000.0,28.88,False,,
2015-03-31,2015-03,68,Non-ferrous metals,VIET,Vietnam,Vietnam,31660000.0,31.66,False,,
2015-04-30,2015-04,68,Non-ferrous metals,VIET,Vietnam,Vietnam,30794000.0,30.794,False,,
2015-05-31,2015-05,68,Non-ferrous metals,VIET,Vietnam,Vietnam,46371000.0,46.371,False,,
2015-06-30,2015-06,68,Non-ferrous metals,VIET,Vietnam,Vietnam,51501000.0,51.501,False,,
2015-07-31,2015-07,68,Non-ferrous metals,VIET,Vietnam,Vietnam,65807000.0,65.807,False,,
2015-08-31,2015-08,68,Non-ferrous metals,VIET,Vietnam,Vietnam,57021000.0,57.021,False,,
2015-09-30,2015-09,68,Non-ferrous metals,VIET,Vietnam,Vietnam,52546000.0,52.546,False,,
2015-10-31,2015-10,68,Non-ferrous metals,VIET,Vietnam,Vietnam,50243000.0,50.243,False,,
2015-11-30,2015-11,68,Non-ferrous metals,VIET,Vietnam,Vietnam,55949000.0,55.949,False,,
2015-12-31,2015-12,68,Non-ferrous metals,VIET,Vietnam,Vietnam,52156000.0,52.156,False,,
2016-01-31,2016-01,68,Non-ferrous metals,VIET,Vietnam,Vietnam,30281000.0,30.281,False,,
2016-02-29,2016-02,68,Non-ferrous metals,VIET,Vietnam,Vietnam,41275000.0,41.275,False,,
2016-03-31,2016-03,68,Non-ferrous metals,VIET,Vietnam,Vietnam,34328000.0,34.328,False,,
2016-04-30,2016-04,68,Non-ferrous metals,VIET,Vietnam,Vietnam,53387000.0,53.387,False,,
2016-05-31,2016-05,68,Non-ferrous metals,VIET,Vietnam,Vietnam,44411000.0,44.411,False,,
2016-06-30,2016-06,68,Non-ferrous metals,VIET,Vietnam,Vietnam,62973000.0,62.973,False,,
2016-07-31,2016-07,68,Non-ferrous metals,VIET,Vietnam,Vietnam,41497000.0,41.497,False,,
2016-08-31,2016-08,68,Non-ferrous metals,VIET,Vietnam,Vietnam,60235000.0,60.235,False,,
2016-09-30,2016-09,68,Non-ferrous metals,VIET,Vietnam,Vietnam,48945000.0,48.945,False,,
2016-10-31,2016-10,68,Non-ferrous metals,VIET,Vietnam,Vietnam,56808000.0,56.808,False,,
2016-11-30,2016-11,68,Non-ferrous metals,VIET,Vietnam,Vietnam,59337000.0,59.337,False,,
2016-12-31,2016-12,68,Non-ferrous metals,VIET,Vietnam,Vietnam,52115000.0,52.115,False,,
2017-01-31,2017-01,68,Non-ferrous metals,VIET,Vietnam,Vietnam,43969000.0,43.969,False,,
2017-02-28,2017-02,68,Non-ferrous metals,VIET,Vietnam,Vietnam,65807000.0,65.807,False,,
2017-03-31,2017-03,68,Non-ferrous metals,VIET,Vietnam,Vietnam,73741000.0,73.741,False,,
2017-04-30,2017-04,68,Non-ferrous metals,VIET,Vietnam,Vietnam,76789000.0,76.789,False,,
2017-05-31,2017-05,68,Non-ferrous metals,VIET,Vietnam,Vietnam,81095000.0,81.095,False,,
2017-06-30,2017-06,68,Non-ferrous metals,VIET,Vietnam,Vietnam,81939000.0,81.939,False,,
2017-07-31,2017-07,68,Non-ferrous metals,VIET,Vietnam,Vietnam,71255000.0,71.255,False,,
2017-08-31,2017-08,68,Non-ferrous metals,VIET,Vietnam,Vietnam,52848000.0,52.848,False,,
2017-09-30,2017-09,68,Non-ferrous metals,VIET,Vietnam,Vietnam,60932000.0,60.932,False,,
2017-10-31,2017-10,68,Non-ferrous metals,VIET,Vietnam,Vietnam,61836000.0,61.836,False,,
2017-11-30,2017-11,68,Non-ferrous metals,VIET,Vietnam,Vietnam,67131000.0,67.131,False,,
2017-12-31,2017-12,68,Non-ferrous metals,VIET,Vietnam,Vietnam,67192000.0,67.192,False,,
2018-01-31,2018-01,68,Non-ferrous metals,VIET,Vietnam,Vietnam,52211000.0,52.211,False,,
2018-02-28,2018-02,68,Non-ferrous metals,VIET,Vietnam,Vietnam,55924000.0,55.924,False,,
2018-03-31,2018-03,68,Non-ferrous metals,VIET,Vietnam,Vietnam,69699000.0,69.699,False,,
2018-04-30,2018-04,68,Non-ferrous metals,VIET,Vietnam,Vietnam,63743000.0,63.743,False,,
2018-05-31,2018-05,68,Non-ferrous metals,VIET,Vietnam,Vietnam,61247000.0,61.247,False,,
2018-06-30,2018-06,68,Non-ferrous metals,VIET,Vietnam,Vietnam,53009000.0,53.009,False,,
2018-07-31,2018-07,68,Non-ferrous metals,VIET,Vietnam,Vietnam,68580000.0,68.58,False,,
2018-08-31,2018-08,68,Non-ferrous metals,VIET,Vietnam,Vietnam,62540000.0,62.54,False,,
2018-09-30,2018-09,68,Non-ferrous metals,VIET,Vietnam,Vietnam,44082000.0,44.082,False,,
2018-10-31,2018-10,68,Non-ferrous metals,VIET,Vietnam,Vietnam,45555000.0,45.555,False,,
2018-11-30,2018-11,68,Non-ferrous metals,VIET,Vietnam,Vietnam,34136000.0,34.136,False,,
2018-12-31,2018-12,68,Non-ferrous metals,VIET,Vietnam,Vietnam,48594000.0,48.594,False,,
2019-01-31,2019-01,68,Non-ferrous metals,VIET,Vietnam,Vietnam,34021000.0,34.021,False,,
2019-02-28,2019-02,68,Non-ferrous metals,VIET,Vietnam,Vietnam,57910000.0,57.91,False,,
2019-03-31,2019-03,68,Non-ferrous metals,VIET,Vietnam,Vietnam,52363000.0,52.363,False,,
2019-04-30,2019-04,68,Non-ferrous metals,VIET,Vietnam,Vietnam,55012000.0,55.012,False,,
2019-05-31,2019-05,68,Non-ferrous metals,VIET,Vietnam,Vietnam,80665000.0,80.665,False,,
2019-06-30,2019-06,68,Non-ferrous metals,VIET,Vietnam,Vietnam,66651000.0,66.651,False,,
2019-07-31,2019-07,68,Non-ferrous metals,VIET,Vietnam,Vietnam,58206000.0,58.206,False,,
2019-08-31,2019-08,68,Non-ferrous metals,VIET,Vietnam,Vietnam,69028000.0,69.028,False,,
2019-09-30,2019-09,68,Non-ferrous metals,VIET,Vietnam,Vietnam,64099000.0,64.099,False,,
2019-10-31,2019-10,68,Non-ferrous metals,VIET,Vietnam,Vietnam,77448000.0,77.448,False,,
2019-11-30,2019-11,68,Non-ferrous metals,VIET,Vietnam,Vietnam,71346000.0,71.346,False,,
2019-12-31,2019-12,68,Non-ferrous metals,VIET,Vietnam,Vietnam,58653000.0,58.653,False,,
2020-01-31,2020-01,68,Non-ferrous metals,VIET,Vietnam,Vietnam,37665000.0,37.665,False,,
2020-02-29,2020-02,68,Non-ferrous metals,VIET,Vietnam,Vietnam,70539000.0,70.539,False,,
2020-03-31,2020-03,68,Non-ferrous metals,VIET,Vietnam,Vietnam,56989000.0,56.989,False,,
2020-04-30,2020-04,68,Non-ferrous metals,VIET,Vietnam,Vietnam,68693000.0,68.693,False,,
2020-05-31,2020-05,68,Non-ferrous metals,VIET,Vietnam,Vietnam,65773000.0,65.773,False,,
2020-06-30,2020-06,68,Non-ferrous metals,VIET,Vietnam,Vietnam,61757000.0,61.757,False,,
2020-07-31,2020-07,68,Non-ferrous metals,VIET,Vietnam,Vietnam,67362000.0,67.362,False,,
2020-08-31,2020-08,68,Non-ferrous metals,VIET,Vietnam,Vietnam,74896000.0,74.896,False,,
2020-09-30,2020-09,68,Non-ferrous metals,VIET,Vietnam,Vietnam,54557000.0,54.557,False,,
2020-10-31,2020-10,68,Non-ferrous metals,VIET,Vietnam,Vietnam,54675000.0,54.675,False,,
2020-11-30,2020-11,68,Non-ferrous metals,VIET,Vietnam,Vietnam,72182000.0,72.182,False,,
2020-12-31,2020-12,68,Non-ferrous metals,VIET,Vietnam,Vietnam,64006000.0,64.006,False,,
2021-01-31,2021-01,68,Non-ferrous metals,VIET,Vietnam,Vietnam,84148000.0,84.148,False,,
2021-02-28,2021-02,68,Non-ferrous metals,VIET,Vietnam,Vietnam,88420000.0,88.42,False,,
2021-03-31,2021-03,68,Non-ferrous metals,VIET,Vietnam,Vietnam,62614000.0,62.614,False,,
2021-04-30,2021-04,68,Non-ferrous metals,VIET,Vietnam,Vietnam,80327000.0,80.327,False,,
2021-05-31,2021-05,68,Non-ferrous metals,VIET,Vietnam,Vietnam,113114000.0,113.114,False,,
2021-06-30,2021-06,68,Non-ferrous metals,VIET,Vietnam,Vietnam,94643000.0,94.643,False,,
2021-07-31,2021-07,68,Non-ferrous metals,VIET,Vietnam,Vietnam,83915000.0,83.915,False,,
2021-08-31,2021-08,68,Non-ferrous metals,VIET,Vietnam,Vietnam,73594000.0,73.594,False,,
2021-09-30,2021-09,68,Non-ferrous metals,VIET,Vietnam,Vietnam,62060000.0,62.06,False,,
2021-10-31,2021-10,68,Non-ferrous metals,VIET,Vietnam,Vietnam,51176000.0,51.176,False,,
2021-11-30,2021-11,68,Non-ferrous metals,VIET,Vietnam,Vietnam,69582000.0,69.582,False,,
2021-12-31,2021-12,68,Non-ferrous metals,VIET,Vietnam,Vietnam,83463000.0,83.463,False,,
2022-01-31,2022-01,68,Non-ferrous metals,VIET,Vietnam,Vietnam,65890000.0,65.89,False,,
2022-02-28,2022-02,68,Non-ferrous metals,VIET,Vietnam,Vietnam,66964000.0,66.964,False,,
2022-03-31,2022-03,68,Non-ferrous metals,VIET,Vietnam,Vietnam,104001000.0,104.001,False,,
2022-04-30,2022-04,68,Non-ferrous metals,VIET,Vietnam,Vietnam,89282000.0,89.282,False,,
2022-05-31,2022-05,68,Non-ferrous metals,VIET,Vietnam,Vietnam,86778000.0,86.778,False,,
2022-06-30,2022-06,68,Non-ferrous metals,VIET,Vietnam,Vietnam,76965000.0,76.965,False,,
2022-07-31,2022-07,68,Non-ferrous metals,VIET,Vietnam,Vietnam,48626000.0,48.626,False,,
2022-08-31,2022-08,68,Non-ferrous metals,VIET,Vietnam,Vietnam,53512000.0,53.512,False,,
2022-09-30,2022-09,68,Non-ferrous metals,VIET,Vietnam,Vietnam,56458000.0,56.458,False,,
2022-10-31,2022-10,68,Non-ferrous metals,VIET,Vietnam,Vietnam,73281000.0,73.281,False,,
2022-11-30,2022-11,68,Non-ferrous metals,VIET,Vietnam,Vietnam,70065000.0,70.065,False,,
2022-12-31,2022-12,68,Non-ferrous metals,VIET,Vietnam,Vietnam,56848000.0,56.848,False,,
2023-01-31,2023-01,68,Non-ferrous metals,VIET,Vietnam,Vietnam,36238000.0,36.238,False,,
2023-02-28,2023-02,68,Non-ferrous metals,VIET,Vietnam,Vietnam,49714000.0,49.714,False,,
2023-03-31,2023-03,68,Non-ferrous metals,VIET,Vietnam,Vietnam,58736000.0,58.736,False,,
2023-04-30,2023-04,68,Non-ferrous metals,VIET,Vietnam,Vietnam,60202000.0,60.202,False,,
2023-05-31,2023-05,68,Non-ferrous metals,VIET,Vietnam,Vietnam,72469000.0,72.469,False,,
2023-06-30,2023-06,68,Non-ferrous metals,VIET,Vietnam,Vietnam,73335000.0,73.335,False,,
2023-07-31,2023-07,68,Non-ferrous metals,VIET,Vietnam,Vietnam,65775000.0,65.775,False,,
2023-08-31,2023-08,68,Non-ferrous metals,VIET,Vietnam,Vietnam,68605000.0,68.605,False,,
2023-09-30,2023-09,68,Non-ferrous metals,VIET,Vietnam,Vietnam,77480000.0,77.48,False,,
2023-10-31,2023-10,68,Non-ferrous metals,VIET,Vietnam,Vietnam,98770000.0,98.77,False,,
2023-11-30,2023-11,68,Non-ferrous metals,VIET,Vietnam,Vietnam,94605000.0,94.605,False,,
2023-12-31,2023-12,68,Non-ferrous metals,VIET,Vietnam,Vietnam,77493000.0,77.493,False,,
2024-01-31,2024-01,68,Non-ferrous metals,VIET,Vietnam,Vietnam,88018000.0,88.018,False,,
2024-02-29,2024-02,68,Non-ferrous metals,VIET,Vietnam,Vietnam,107053000.0,107.053,False,,
2024-03-31,2024-03,68,Non-ferrous metals,VIET,Vietnam,Vietnam,114580000.0,114.58,False,,
2024-04-30,2024-04,68,Non-ferrous metals,VIET,Vietnam,Vietnam,123594000.0,123.594,False,,
2024-05-31,2024-05,68,Non-ferrous metals,VIET,Vietnam,Vietnam,170113000.0,170.113,False,,
2024-06-30,2024-06,68,Non-ferrous metals,VIET,Vietnam,Vietnam,159533000.0,159.533,False,,
2024-07-31,2024-07,68,Non-ferrous metals,VIET,Vietnam,Vietnam,154466000.0,154.466,False,,
2024-08-31,2024-08,68,Non-ferrous metals,VIET,Vietnam,Vietnam,129770000.0,129.77,False,,
2024-09-30,2024-09,68,Non-ferrous metals,VIET,Vietnam,Vietnam,128752000.0,128.752,False,,
2024-10-31,2024-10,68,Non-ferrous metals,VIET,Vietnam,Vietnam,132669000.0,132.669,False,,
2024-11-30,2024-11,68,Non-ferrous metals,VIET,Vietnam,Vietnam,134915000.0,134.915,False,,
2024-12-31,2024-12,68,Non-ferrous metals,VIET,Vietnam,Vietnam,109085000.0,109.085,False,,
2025-01-31,2025-01,68,Non-ferrous metals,VIET,Vietnam,Vietnam,108913000.0,108.913,False,,
2025-02-28,2025-02,68,Non-ferrous metals,VIET,Vietnam,Vietnam,148748000.0,148.748,False,,
2025-03-31,2025-03,68,Non-ferrous metals,VIET,Vietnam,Vietnam,150126000.0,150.126,False,,
2025-04-30,2025-04,68,Non-ferrous metals,VIET,Vietnam,Vietnam,101108000.0,101.108,False,,
2025-05-31,2025-05,68,Non-ferrous metals,VIET,Vietnam,Vietnam,149295000.0,149.295,False,,
2025-06-30,2025-06,68,Non-ferrous metals,VIET,Vietnam,Vietnam,127670000.0,127.67,False,,
2025-07-31,2025-07,68,Non-ferrous metals,VIET,Vietnam,Vietnam,91047000.0,91.047,False,,
2025-08-31,2025-08,68,Non-ferrous metals,VIET,Vietnam,Vietnam,105139000.0,105.139,False,,
2025-09-30,2025-09,68,Non-ferrous metals,VIET,Vietnam,Vietnam,126653000.0,126.653,False,,
2025-10-31,2025-10,68,Non-ferrous metals,VIET,Vietnam,Vietnam,127066000.0,127.066,False,,
2025-11-30,2025-11,68,Non-ferrous metals,VIET,Vietnam,Vietnam,143485000.0,143.485,False,,
2025-12-31,2025-12,68,Non-ferrous metals,VIET,Vietnam,Vietnam,119760000.0,119.76,False,,
2026-01-31,2026-01,68,Non-ferrous metals,VIET,Vietnam,Vietnam,125240000.0,125.24,False,,
2026-02-28,2026-02,68,Non-ferrous metals,VIET,Vietnam,Vietnam,163322000.0,163.322,False,,
2026-03-31,2026-03,68,Non-ferrous metals,VIET,Vietnam,Vietnam,168706000.0,168.706,False,,
2026-04-30,2026-04,68,Non-ferrous metals,VIET,Vietnam,Vietnam,174930000.0,174.93,False,,
2026-05-31,2026-05,68,Non-ferrous metals,VIET,Vietnam,Vietnam,174441000.0,174.441,False,,
2026-06-30,2026-06,68,Non-ferrous metals,VIET,Vietnam,Vietnam,156086000.0,156.086,False,,
